 VERSION
 1
 NUM_PROPERTIES
           6
 NEW_PROPERTY
 ORDER
           2
 NUM_FREQ_CFGS
           1
 OPERATORS
 GEO 
 EL  
 NUM_COMPONENTS
          18
           3
 FREQUENCIES
 CONFIGURATION
   0.0000000000000000     
   0.0000000000000000     
 VALUES
 CONFIGURATION
           1           1
  0.33166491575854851     
           2           2
  0.33166493301086275     
           2           3
  -2.2639908264875895E-008
           3           2
   2.0240021171015063E-008
           3           3
  0.44109277012496406     
           4           1
 -0.16200492836160035     
           5           2
 -0.16200471200502387     
           5           3
  -1.7731434062352881E-007
           6           2
  -1.1386425806959099E-007
           6           3
 -0.19689044944415057     
           7           1
  -5.3161983974769011E-002
           8           2
  -5.3162049289994684E-002
           8           3
   8.4362257384621757E-008
           9           2
  -8.2799446790882050E-009
           9           3
 -0.22744023260995938     
          10           1
 -0.10673579614491768     
          11           2
   2.9070417376232505E-002
          11           3
  -4.3534780829532486E-002
          12           2
  -4.7187116448683536E-003
          12           3
  -5.5873775500299983E-003
          13           1
  -4.8811036381457562E-003
          13           2
  -5.8805836623620933E-002
          13           3
  -3.7702278655613243E-002
          14           1
  -5.8805784768352354E-002
          14           2
  -7.2784294545744310E-002
          14           3
   2.1767448210726813E-002
          15           1
  -4.0865589268869185E-003
          15           2
   2.3594067745461092E-003
          15           3
  -5.5873552599409737E-003
          16           1
  -4.8811036381535278E-003
          16           2
   5.8805836623642860E-002
          16           3
   3.7702278655635878E-002
          17           1
   5.8805784768353353E-002
          17           2
  -7.2784294545720107E-002
          17           3
   2.1767448210704490E-002
          18           1
   4.0865589268674340E-003
          18           2
   2.3594067745469835E-003
          18           3
  -5.5873552599461918E-003
 NEW_PROPERTY
 ORDER
           3
 NUM_FREQ_CFGS
           1
 OPERATORS
 GEO 
 GEO 
 EL  
 NUM_COMPONENTS
          18
          18
           3
 FREQUENCIES
 CONFIGURATION
   0.0000000000000000     
   0.0000000000000000     
   0.0000000000000000     
 VALUES
 CONFIGURATION
           1           1           2
  -8.2185435290459963E-003
           1           1           3
  -5.0491454851248951E-002
           1           2           1
  -8.2185591212359729E-003
           1           3           1
 -0.15703935513299339     
           1           4           2
  -1.4828947063947950E-002
           1           4           3
 -0.15749715763905436     
           1           5           1
  -1.4828958215492297E-002
           1           6           1
  -7.2749294242843154E-003
           1           7           2
   1.4522819729237437E-002
           1           7           3
  0.16984097477964766     
           1           8           1
   1.4522835304866474E-002
           1           9           1
  0.12804650442348431     
           1          10           2
  -4.7779936435976868E-003
           1          10           3
  -5.6131346962088715E-003
           1          11           1
  -2.2171613846109009E-003
           1          12           1
   9.8304745778907843E-003
           1          13           1
  -1.7578432808937665E-002
           1          13           2
   6.6513317754571845E-003
           1          13           3
   2.1880378719637078E-002
           1          14           1
   5.3709182699085006E-003
           1          14           2
  -6.5987229650491929E-003
           1          14           3
  -1.5873377051576047E-002
           1          15           1
   1.3218635138377077E-002
           1          15           2
  -1.9561536364240181E-003
           1          15           3
   2.4983716602972168E-002
           1          16           1
   1.7578432808950335E-002
           1          16           2
   6.6513317754581646E-003
           1          16           3
   2.1880378719627218E-002
           1          17           1
   5.3709182699099439E-003
           1          17           2
   6.5987229650439384E-003
           1          17           3
   1.5873377051573559E-002
           1          18           1
   1.3218635138375484E-002
           1          18           2
   1.9561536364215322E-003
           1          18           3
  -2.4983716602985623E-002
           2           2           2
   8.2185428951093084E-003
           2           2           3
  -5.0491443789731028E-002
           2           3           2
 -0.15703937752245134     
           2           3           3
   3.7700886048711328E-009
           2           4           1
  -1.4828958449298119E-002
           2           5           2
   1.4828927089822464E-002
           2           5           3
 -0.15749715309007883     
           2           6           2
  -7.2749035273068641E-003
           2           6           3
  -2.6109683212469720E-009
           2           7           1
   1.4522834966847552E-002
           2           8           2
  -1.4522813638770983E-002
           2           8           3
  0.16984096954920680     
           2           9           2
  0.12804654394268289     
           2           9           3
  -8.7194409532295523E-009
           2          10           1
  -4.7779872532311037E-003
           2          11           2
  -2.3139368614911650E-002
           2          11           3
   3.1044883055225198E-002
           2          12           2
   1.4348024173444524E-002
           2          12           3
   2.8848725520692273E-002
           2          13           1
   6.6513364222137439E-003
           2          13           2
  -4.3809811305710461E-003
           2          13           3
  -1.5873382345466626E-002
           2          14           1
  -6.5987264309535186E-003
           2          14           2
   7.3073517417913889E-003
           2          14           3
   3.5513700347276642E-003
           2          15           1
  -1.9561529853025558E-003
           2          15           2
   1.0959856738505108E-002
           2          15           3
  -1.4424356186356527E-002
           2          16           1
   6.6513364222153589E-003
           2          16           2
   4.3809811305798446E-003
           2          16           3
   1.5873382345465346E-002
           2          17           1
   6.5987264309564260E-003
           2          17           2
   7.3073517417918555E-003
           2          17           3
   3.5513700347284882E-003
           2          18           1
   1.9561529853026234E-003
           2          18           2
   1.0959856738505729E-002
           2          18           3
  -1.4424356186355639E-002
           3           3           2
  -1.1667748676403568E-008
           3           3           3
 -0.15310477662687438     
           3           4           1
  -3.6924152026495155E-002
           3           5           2
  -3.6924226842100491E-002
           3           5           3
  -3.8345822892878917E-008
           3           6           2
   8.6677237459962331E-009
           3           6           3
  0.11249083634698054     
           3           7           1
  0.31311787132125901     
           3           8           2
  0.31311789992154881     
           3           8           3
  -2.3597089106945038E-008
           3           9           2
  -9.9242735842336509E-009
           3           9           3
  -4.3929225066240196E-002
           3          10           1
  -2.3446541868925520E-002
           3          11           2
  -5.5989673782263244E-002
           3          11           3
   3.3209222447133376E-002
           3          12           2
   2.1480570778704529E-002
           3          12           3
   2.8181060403133201E-002
           3          13           1
  -4.7853915235367056E-002
           3          13           2
   1.4091602664238291E-002
           3          13           3
   2.8760028595193287E-002
           3          14           1
   1.4091592567768423E-002
           3          14           2
  -3.1582321351638777E-002
           3          14           3
  -1.6604588021343361E-002
           3          15           1
   1.8602706999233665E-002
           3          15           2
  -1.0740278973708911E-002
           3          15           3
   2.8181087662302755E-002
           3          16           1
  -4.7853915235351638E-002
           3          16           2
  -1.4091602664231768E-002
           3          16           3
  -2.8760028595171294E-002
           3          17           1
  -1.4091592567761605E-002
           3          17           2
  -3.1582321351638090E-002
           3          17           3
  -1.6604588021338830E-002
           3          18           1
  -1.8602706999228613E-002
           3          18           2
  -1.0740278973704019E-002
           3          18           3
   2.8181087662303608E-002
           4           4           2
 -0.21586254490397044     
           4           4           3
 -0.26008209781422797     
           4           5           1
 -0.21586279728461516     
           4           6           1
  -7.9595002092014880E-002
           4           7           2
  -1.7682286181445947E-002
           4           7           3
  0.24197643869994637     
           4           8           1
  -1.7682238593582908E-002
           4           9           1
  -6.9360708315041597E-003
           4          10           2
  -5.5467982053658549E-003
           4          10           3
  -8.5208471978791056E-002
           4          11           1
   3.4374156732099426E-002
           4          12           1
  -6.0868276602531524E-002
           4          13           1
 -0.19493656746990531     
           4          13           2
  0.12696028850369312     
           4          13           3
  0.13040565877087995     
           4          14           1
  0.10699991045207363     
           4          14           2
  -7.6503035590540169E-002
           4          14           3
 -0.12448477639872510     
           4          15           1
   9.2161756855812502E-002
           4          15           2
  -8.8351843359321613E-002
           4          15           3
  -5.9640908185177671E-002
           4          16           1
  0.19493656746996713     
           4          16           2
  0.12696028850375729     
           4          16           3
  0.13040565877091170     
           4          17           1
  0.10699991045207533     
           4          17           2
   7.6503035590515744E-002
           4          17           3
  0.12448477639874872     
           4          18           1
   9.2161756855846474E-002
           4          18           2
   8.8351843359346011E-002
           4          18           3
   5.9640908185256108E-002
           5           5           2
  0.21586249927858453     
           5           5           3
 -0.26008207098558356     
           5           6           2
  -7.9594897031876694E-002
           5           6           3
  -9.4987395593348967E-008
           5           7           1
  -1.7682289450044616E-002
           5           8           2
   1.7682249895671492E-002
           5           8           3
  0.24197640958718680     
           5           9           2
  -6.9359892981359916E-003
           5           9           3
   1.4282154871642693E-008
           5          10           1
  -5.5467073276835033E-003
           5          11           2
 -0.30788461626275621     
           5          11           3
  0.20227700219047984     
           5          12           2
  0.14317171650056276     
           5          12           3
  -6.8867296759942714E-002
           5          13           1
  0.12696037661448067     
           5          13           2
  -4.1930439920812579E-002
           5          13           3
 -0.12448479582615921     
           5          14           1
  -7.6503038561686609E-002
           5          14           2
   2.9755469323665906E-002
           5          14           3
  -1.3337092890183477E-002
           5          15           1
  -8.8351899609278944E-002
           5          15           2
  -9.8582967545921829E-003
           5          15           3
   3.4433705599105552E-002
           5          16           1
  0.12696037661455395     
           5          16           2
   4.1930439920802087E-002
           5          16           3
  0.12448479582608660     
           5          17           1
   7.6503038561729686E-002
           5          17           2
   2.9755469323781730E-002
           5          17           3
  -1.3337092890192359E-002
           5          18           1
   8.8351899609298207E-002
           5          18           2
  -9.8582967545880196E-003
           5          18           3
   3.4433705599159287E-002
           6           6           2
   3.0966119823848407E-008
           6           6           3
   1.0494542484603886     
           6           7           1
  -4.7855972123569596E-002
           6           8           2
  -4.7856066174346817E-002
           6           8           3
  -3.0697521587249091E-009
           6           9           2
  -3.1913250964487124E-008
           6           9           3
  -1.1474799599966916     
           6          10           1
  -4.7603686605274115E-002
           6          11           2
  0.13742081195356842     
           6          11           3
  -4.3207983577183584E-002
           6          12           2
  -7.8490085414732125E-002
           6          12           3
  -4.8218218449051775E-003
           6          13           1
   9.1164788710927452E-002
           6          13           2
  -8.0117909906884194E-002
           6          13           3
  -3.7419167862878688E-002
           6          14           1
  -8.0117947076278451E-002
           6          14           2
  -1.3474779466308220E-003
           6          14           3
   2.1604045718735143E-002
           6          15           1
  -6.7974409652857060E-002
           6          15           2
   3.9245039754536193E-002
           6          15           3
  -4.8216304484293426E-003
           6          16           1
   9.1164788710942551E-002
           6          16           2
   8.0117909906876394E-002
           6          16           3
   3.7419167862830727E-002
           6          17           1
   8.0117947076275925E-002
           6          17           2
  -1.3474779466244730E-003
           6          17           3
   2.1604045718739084E-002
           6          18           1
   6.7974409652908740E-002
           6          18           2
   3.9245039754601196E-002
           6          18           3
  -4.8216304484055839E-003
           7           7           2
  -5.9819635192048803E-003
           7           7           3
 -0.38824693820861278     
           7           8           1
  -5.9819728217218038E-003
           7           9           1
 -0.28341601452929333     
           7          10           2
   3.0711173274442657E-002
           7          10           3
   6.0319309084566536E-002
           7          11           1
   1.4595455176560482E-002
           7          12           1
   2.2894236068158720E-002
           7          13           1
   5.7916618228146907E-002
           7          13           2
  -1.0784872901712095E-002
           7          13           3
  -4.1944910118270728E-002
           7          14           1
  -2.7270096755273102E-003
           7          14           2
   2.3957760093426275E-002
           7          14           3
   5.9042233887519474E-002
           7          15           1
  -2.3700566208935125E-003
           7          15           2
   1.4586337217422224E-002
           7          15           3
  -1.2545717152695174E-002
           7          16           1
  -5.7916618228242012E-002
           7          16           2
  -1.0784872901746005E-002
           7          16           3
  -4.1944910118288936E-002
           7          17           1
  -2.7270096755330417E-003
           7          17           2
  -2.3957760093437121E-002
           7          17           3
  -5.9042233887548978E-002
           7          18           1
  -2.3700566209188811E-003
           7          18           2
  -1.4586337217428538E-002
           7          18           3
   1.2545717152639968E-002
           8           8           2
   5.9819865032723352E-003
           8           8           3
 -0.38824692528953519     
           8           9           2
 -0.28341604332443682     
           8           9           3
   6.0262313960366761E-008
           8          10           1
   3.0711151850874925E-002
           8          11           2
   6.3829185322096776E-002
           8          11           3
  -7.6032977961099868E-002
           8          12           2
  -1.0791464686733532E-002
           8          12           3
  -1.4486586408233637E-002
           8          13           1
  -1.0784889355000007E-002
           8          13           2
   1.0001124564940789E-002
           8          13           3
   5.9042258788216034E-002
           8          14           1
   2.3957762347744660E-002
           8          14           2
  -3.6485299644871030E-002
           8          14           3
   2.6231236137697719E-002
           8          15           1
   1.4586337163750962E-002
           8          15           2
   1.4472827251562188E-002
           8          15           3
   7.2432804462416733E-003
           8          16           1
  -1.0784889355014322E-002
           8          16           2
  -1.0001124564982422E-002
           8          16           3
  -5.9042258788199464E-002
           8          17           1
  -2.3957762347793211E-002
           8          17           2
  -3.6485299644907918E-002
           8          17           3
   2.6231236137662067E-002
           8          18           1
  -1.4586337163761898E-002
           8          18           2
   1.4472827251555360E-002
           8          18           3
   7.2432804462363443E-003
           9           9           2
   6.8493451321057169E-008
           9           9           3
   1.1361119906491211     
           9          10           1
   4.7675565408388354E-002
           9          11           2
   6.0528156965498014E-002
           9          11           3
   1.3346195130809813E-002
           9          12           2
  -3.0959531077965646E-002
           9          12           3
   1.8432472800400036E-002
           9          13           1
   5.7315001389095954E-002
           9          13           2
  -5.5653645400769169E-003
           9          13           3
   1.1558113715073204E-002
           9          14           1
  -5.5653293352965760E-003
           9          14           2
   5.0888672930056375E-002
           9          14           3
  -6.6731261299062261E-003
           9          15           1
  -2.6811704294916139E-002
           9          15           2
   1.5479751289533869E-002
           9          15           3
   1.8432372863955396E-002
           9          16           1
   5.7315001389099562E-002
           9          16           2
   5.5653645400715046E-003
           9          16           3
  -1.1558113715107898E-002
           9          17           1
   5.5653293352924682E-003
           9          17           2
   5.0888672930056396E-002
           9          17           3
  -6.6731261299173283E-003
           9          18           1
   2.6811704294911171E-002
           9          18           2
   1.5479751289523433E-002
           9          18           3
   1.8432372863944516E-002
          10          10           2
   7.6917712902831337E-002
          10          10           3
   2.5055283860625846E-002
          10          11           1
   1.9574416111750162E-002
          10          12           1
   3.3750477718541505E-002
          10          13           1
   4.7591852549775007E-002
          10          13           2
  -4.8652047117429577E-002
          10          13           3
   2.7235058290595304E-003
          10          14           1
  -1.9980433650430798E-002
          10          14           2
   3.2417510891904686E-002
          10          14           3
   2.5741582870947521E-002
          10          15           1
  -5.1879105731112429E-003
          10          15           2
   2.3873698505115719E-002
          10          15           3
   5.1145534982914298E-003
          10          16           1
  -4.7591852549787678E-002
          10          16           2
  -4.8652047117433761E-002
          10          16           3
   2.7235058290625488E-003
          10          17           1
  -1.9980433650440221E-002
          10          17           2
  -3.2417510891908419E-002
          10          17           3
  -2.5741582870941415E-002
          10          18           1
  -5.1879105731126654E-003
          10          18           2
  -2.3873698505122592E-002
          10          18           3
  -5.1145534982922070E-003
          11          11           2
  0.12605850895670057     
          11          11           3
 -0.11255916483566475     
          11          12           2
  -7.4162031019288616E-002
          11          12           3
   2.9315233640944738E-002
          11          13           1
  -3.3163434816095294E-002
          11          13           2
   2.4806268097761486E-002
          11          13           3
   1.7712852750098373E-002
          11          14           1
  -9.6319968245700827E-003
          11          14           2
   7.0568144323545592E-002
          11          14           3
  -2.2364877806923866E-002
          11          15           1
   3.1361467811970328E-002
          11          15           2
  -3.3898634072852055E-002
          11          15           3
  -1.6331337224041093E-002
          11          16           1
  -3.3163434816079806E-002
          11          16           2
  -2.4806268097770728E-002
          11          16           3
  -1.7712852750107894E-002
          11          17           1
   9.6319968245851262E-003
          11          17           2
   7.0568144323556986E-002
          11          17           3
  -2.2364877806889477E-002
          11          18           1
  -3.1361467811973881E-002
          11          18           2
  -3.3898634072858772E-002
          11          18           3
  -1.6331337224043438E-002
          12          12           2
   9.0744585247773457E-002
          12          12           3
  -8.1663869662563782E-003
          12          13           1
  -2.8034570995230934E-003
          12          13           2
   2.9984801553455318E-002
          12          13           3
  -1.1586073734548133E-002
          12          14           1
   2.2497036075928387E-002
          12          14           2
  -3.6283122890631250E-002
          12          14           3
   1.2594964778659831E-002
          12          15           1
  -2.4036684993112567E-003
          12          15           2
  -1.3877709150737425E-003
          12          15           3
  -1.6812666850780061E-002
          12          16           1
  -2.8034570995283531E-003
          12          16           2
  -2.9984801553450711E-002
          12          16           3
   1.1586073734545899E-002
          12          17           1
  -2.2497036075937754E-002
          12          17           2
  -3.6283122890637912E-002
          12          17           3
   1.2594964778645745E-002
          12          18           1
   2.4036684993039986E-003
          12          18           2
  -1.3877709150769274E-003
          12          18           3
  -1.6812666850789040E-002
          13          13           1
  0.10700652834529600     
          13          13           2
  -4.2205786105904641E-002
          13          13           3
  -7.8155574976338793E-002
          13          14           1
  -1.3534187938509384E-002
          13          14           2
   1.9115255688027091E-002
          13          14           3
   5.9588701491177010E-002
          13          15           1
  -4.7183911502055656E-002
          13          15           2
   4.6727416258228210E-002
          13          15           3
   2.5387730590081523E-002
          13          16           1
   1.2657744852262454E-009
          13          16           2
  -3.1968916134891445E-002
          13          16           3
  -3.4909068581278013E-002
          13          17           1
  -7.6129204753625390E-002
          13          17           2
  -7.6112259012756089E-003
          13          17           3
   4.0143622437467108E-003
          13          18           1
  -5.0638509057235950E-002
          13          18           2
  -5.1205479358946843E-003
          13          18           3
  -1.6700628183767351E-002
          14          14           1
   6.8775994151260122E-002
          14          14           2
  -5.9282316022674753E-002
          14          14           3
  -9.3483227572359329E-003
          14          15           1
   4.6727447414788084E-002
          14          15           2
   6.7723332481499018E-003
          14          15           3
  -1.4657613574757880E-002
          14          16           1
  -7.6129205357175905E-002
          14          16           2
   7.6112296397801704E-003
          14          16           3
  -4.0143655188712851E-003
          14          17           1
  -1.6566349403390745E-009
          14          17           2
  -1.1863351038209374E-002
          14          17           3
   1.5267696731524935E-002
          14          18           1
   2.3671973994452075E-003
          14          18           2
   1.1551910850041910E-002
          14          18           3
   3.7363244767929377E-003
          15          15           1
   7.8587072269490799E-002
          15          15           2
  -4.5372255180546772E-002
          15          15           3
  -8.1664768822488076E-003
          15          16           1
  -5.0638511204733963E-002
          15          16           2
   5.1205471433238836E-003
          15          16           3
   1.6700629762373603E-002
          15          17           1
  -2.3671968327279580E-003
          15          17           2
   1.1551910753272318E-002
          15          17           3
   3.7363227972488089E-003
          15          18           2
   2.7755147153428611E-003
          15          18           3
  -1.6812701775997668E-002
          16          16           1
 -0.10700652834521540     
          16          16           2
  -4.2205786105917742E-002
          16          16           3
  -7.8155574976271291E-002
          16          17           1
  -1.3534187938501280E-002
          16          17           2
  -1.9115255687939911E-002
          16          17           3
  -5.9588701491146950E-002
          16          18           1
  -4.7183911502056530E-002
          16          18           2
  -4.6727416258222867E-002
          16          18           3
  -2.5387730590065868E-002
          17          17           1
  -6.8775994151302533E-002
          17          17           2
  -5.9282316022725823E-002
          17          17           3
  -9.3483227572477012E-003
          17          18           1
  -4.6727447414800741E-002
          17          18           2
   6.7723332481360796E-003
          17          18           3
  -1.4657613574786087E-002
          18          18           1
  -7.8587072269484470E-002
          18          18           2
  -4.5372255180573307E-002
          18          18           3
  -8.1664768823007661E-003
 NEW_PROPERTY
 ORDER
           3
 NUM_FREQ_CFGS
           1
 OPERATORS
 GEO 
 EL  
 EL  
 NUM_COMPONENTS
          18
           3
           3
 FREQUENCIES
 CONFIGURATION
   0.0000000000000000     
   0.0000000000000000     
   0.0000000000000000     
 VALUES
 CONFIGURATION
           1           1           2
 -0.10119859114801549     
           1           1           3
  -5.5517011626246058     
           2           1           1
 -0.10119851760510475     
           2           2           2
  0.10119822315949632     
           2           2           3
  -5.5517012785888600     
           2           3           3
   4.1156135514555584E-007
           3           1           1
  -1.8811411784883902     
           3           2           2
  -1.8811413183663439     
           3           2           3
  -4.0872393833572751E-007
           3           3           3
  -20.009439211945928     
           4           1           2
  -3.9510792924173850     
           4           1           3
  -5.1840363921830832     
           5           1           1
  -3.9510793361619019     
           5           2           2
   3.9510769883670434     
           5           2           3
  -5.1840330590097174     
           5           3           3
   6.1978457515810890E-007
           6           1           1
  -2.3644415117304001     
           6           2           2
  -2.3644388175400763     
           6           2           3
  -1.1025418178758105E-006
           6           3           3
  -4.4306180388858118     
           7           1           2
  0.44314415724704459     
           7           1           3
   3.5213197264892351     
           8           1           1
  0.44314440935174826     
           8           2           2
 -0.44314395327370715     
           8           2           3
   3.5213197598919583     
           8           3           3
  -6.4214308870626940E-007
           9           1           1
  0.98555702185648020     
           9           2           2
  0.98555721164941579     
           9           2           3
   6.5958694843704728E-007
           9           3           3
   16.366167705881349     
          10           1           2
  -1.1859491937004512     
          10           1           3
   1.4984110054545274     
          11           1           1
 -0.17073993325751341     
          11           2           2
  -7.3548158111878355     
          11           2           3
   3.3111990082583658     
          11           3           3
  -2.8792510350123752     
          12           1           1
  0.46387757868136625     
          12           2           2
   1.7094722265677029     
          12           2           3
  -2.4206038687230444     
          12           3           3
   2.6912960920512425     
          13           1           1
  -5.3275952780909099     
          13           1           2
   2.3975414646660775     
          13           1           3
   2.8580034933883329     
          13           2           2
  -1.1897318818126239     
          13           2           3
 -0.78496088218325610     
          13           3           3
  -2.4935057500109066     
          14           1           1
   1.8899366841797736     
          14           1           2
  -2.0689301980001313     
          14           1           3
 -0.78496042174146030     
          14           2           2
   1.8728422457340521     
          14           2           3
   1.9516078443288198     
          14           3           3
   1.4396253325409916     
          15           1           1
   1.3980740597416070     
          15           1           2
 -0.53935842171936299     
          15           1           3
  -2.0963060685378538     
          15           2           2
  0.77527542335058830     
          15           2           3
   1.2103023600262848     
          15           3           3
   2.6912970095711382     
          16           1           1
   5.3275952780910494     
          16           1           2
   2.3975414646659985     
          16           1           3
   2.8580034933883622     
          16           2           2
   1.1897318818126523     
          16           2           3
  0.78496088218325166     
          16           3           3
   2.4935057500109168     
          17           1           1
   1.8899366841797742     
          17           1           2
   2.0689301980001438     
          17           1           3
  0.78496042174144831     
          17           2           2
   1.8728422457339291     
          17           2           3
   1.9516078443288554     
          17           3           3
   1.4396253325410311     
          18           1           1
   1.3980740597415704     
          18           1           2
  0.53935842171934767     
          18           1           3
   2.0963060685378738     
          18           2           2
  0.77527542335056188     
          18           2           3
   1.2103023600262062     
          18           3           3
   2.6912970095713518     
 NEW_PROPERTY
 ORDER
           4
 NUM_FREQ_CFGS
           1
 OPERATORS
 GEO 
 GEO 
 EL  
 EL  
 NUM_COMPONENTS
          18
          18
           3
           3
 FREQUENCIES
 CONFIGURATION
   0.0000000000000000     
   0.0000000000000000     
   0.0000000000000000     
   0.0000000000000000     
 VALUES
 CONFIGURATION
           1           1           1           1
  -6.0620261964513862     
           1           1           2           2
 -0.68155101849457900     
           1           1           2           3
   8.3766448967069071E-002
           1           1           3           3
  -4.1036147207386033     
           1           2           1           2
  -2.6902376643562609     
           1           2           1           3
   8.3766613401368401E-002
           1           3           1           2
  -3.0544437571187744E-002
           1           3           1           3
  -4.5590835570484129     
           1           4           1           1
  -1.8128820545688009     
           1           4           2           2
  -4.1916077720752482E-002
           1           4           2           3
  0.14819714462720912     
           1           4           3           3
  0.59235902738451540     
           1           5           1           2
 -0.88548271375478449     
           1           5           1           3
  0.14819709668718709     
           1           6           1           2
 -0.20452405137999019     
           1           6           1           3
 -0.90195951855230594     
           1           7           1           1
   6.5325323456754880     
           1           7           2           2
  0.62900645780632747     
           1           7           2           3
 -0.17261729089571898     
           1           7           3           3
   3.9194949007377371     
           1           8           1           2
   2.9517630939453072     
           1           8           1           3
 -0.17261742179301517     
           1           9           1           2
  0.18068716574869420     
           1           9           1           3
   4.8920873001475469     
           1          10           1           1
  0.18891716086053689     
           1          10           2           2
   5.8250454251314115E-002
           1          10           2           3
   2.2993311148631547E-002
           1          10           3           3
  0.18336756855132119     
           1          11           1           2
  0.24359155599779014     
           1          11           1           3
 -0.14961901637037933     
           1          12           1           2
  -1.8107547786124667E-002
           1          12           1           3
  0.14817390090774785     
           1          13           1           1
  0.57672946028694438     
           1          13           1           2
 -0.12664627096560105     
           1          13           1           3
  -3.8352957346795225E-002
           1          13           2           2
   1.8105218475087635E-002
           1          13           2           3
  -4.1169807594011745E-002
           1          13           3           3
 -0.29580340021985585     
           1          14           1           1
 -0.13430389315892999     
           1          14           1           2
  0.19018284740061930     
           1          14           1           3
   4.5136359696712092E-002
           1          14           2           2
  -6.6421611313637288E-002
           1          14           2           3
   3.7044618846139132E-002
           1          14           3           3
  0.27664925326823980     
           1          15           1           1
  -1.5056475695583438E-002
           1          15           1           2
   3.6244439676571594E-002
           1          15           1           3
  0.21039099385917237     
           1          15           2           2
   4.7703892702426365E-002
           1          15           2           3
  -3.5921057599937550E-002
           1          15           3           3
 -0.11398661000540919     
           1          16           1           1
  0.57672946028690530     
           1          16           1           2
  0.12664627096563782     
           1          16           1           3
   3.8352957346746042E-002
           1          16           2           2
   1.8105218475086754E-002
           1          16           2           3
  -4.1169807593999241E-002
           1          16           3           3
 -0.29580340021981355     
           1          17           1           1
  0.13430389315891195     
           1          17           1           2
  0.19018284740068903     
           1          17           1           3
   4.5136359696732187E-002
           1          17           2           2
   6.6421611313629975E-002
           1          17           2           3
  -3.7044618846169552E-002
           1          17           3           3
 -0.27664925326822343     
           1          18           1           1
   1.5056475695660043E-002
           1          18           1           2
   3.6244439676583279E-002
           1          18           1           3
  0.21039099385918092     
           1          18           2           2
  -4.7703892702417414E-002
           1          18           2           3
   3.5921057599923645E-002
           1          18           3           3
  0.11398661000540170     
           2           2           1           1
 -0.68155105997275101     
           2           2           2           2
  -6.0620266867859431     
           2           2           2           3
  -8.3766699777569564E-002
           2           2           3           3
  -4.1036147974535773     
           2           3           1           1
  -3.0544371178449714E-002
           2           3           2           2
   3.0544106112865843E-002
           2           3           2           3
  -4.5590836580735603     
           2           3           3           3
   1.8549466432609432E-007
           2           4           1           2
 -0.88548290725288048     
           2           4           1           3
  0.14819713410692886     
           2           5           1           1
  -4.1916171226745257E-002
           2           5           2           2
  -1.8128816055093755     
           2           5           2           3
 -0.14819709150019961     
           2           5           3           3
  0.59235872989573990     
           2           6           1           1
 -0.20452396816479523     
           2           6           2           2
  0.20452371628597743     
           2           6           2           3
 -0.90195955340966449     
           2           6           3           3
  -2.3433165232925364E-008
           2           7           1           2
   2.9517630260149672     
           2           7           1           3
 -0.17261734399432208     
           2           8           1           1
  0.62900648499268152     
           2           8           2           2
   6.5325328431562184     
           2           8           2           3
  0.17261760935961937     
           2           8           3           3
   3.9194947107954121     
           2           9           1           1
  0.18068704245365791     
           2           9           2           2
 -0.18068664925282552     
           2           9           2           3
   4.8920872089117449     
           2           9           3           3
  -3.8615325416702881E-008
           2          10           1           2
  0.16879391371261188     
           2          10           1           3
   2.2993288290355837E-002
           2          11           1           1
   1.1374798545866031E-003
           2          11           2           2
  0.70958583226765226     
           2          11           2           3
  -2.4504112612786844E-002
           2          11           3           3
 -0.45552682188407567     
           2          12           1           1
   7.3210887584573558E-002
           2          12           2           2
  -3.5512679903865196E-002
           2          12           2           3
  0.23113000259709204     
           2          12           3           3
 -0.13162064007293273     
           2          13           1           1
  -6.9527226492800978E-002
           2          13           1           2
  0.22758181036227998     
           2          13           1           3
  -4.1169850270232677E-002
           2          13           2           2
 -0.13119835540192498     
           2          13           2           3
 -0.11244216325101780     
           2          13           3           3
  0.27664941056037817     
           2          14           1           1
   4.6661725054279346E-002
           2          14           1           2
 -0.12354062973758034     
           2          14           1           3
   3.7044620226800211E-002
           2          14           2           2
  0.31639479129615167     
           2          14           2           3
   4.1925141667663035E-002
           2          14           3           3
   2.3643981415690074E-002
           2          15           1           1
  -9.4147881160050739E-003
           2          15           1           2
  -3.1380195283616852E-002
           2          15           1           3
  -3.5921050565481477E-002
           2          15           2           2
  -9.4342606977357302E-003
           2          15           2           3
  0.16891296816400869     
           2          15           3           3
   6.5810255649867727E-002
           2          16           1           1
   6.9527226492787364E-002
           2          16           1           2
  0.22758181036231062     
           2          16           1           3
  -4.1169850270258941E-002
           2          16           2           2
  0.13119835540192493     
           2          16           2           3
  0.11244216325097084     
           2          16           3           3
 -0.27664941056032427     
           2          17           1           1
   4.6661725054290518E-002
           2          17           1           2
  0.12354062973759319     
           2          17           1           3
  -3.7044620226769437E-002
           2          17           2           2
  0.31639479129621417     
           2          17           2           3
   4.1925141667656152E-002
           2          17           3           3
   2.3643981415652292E-002
           2          18           1           1
  -9.4147881159845209E-003
           2          18           1           2
   3.1380195283646162E-002
           2          18           1           3
   3.5921050565504098E-002
           2          18           2           2
  -9.4342606977218524E-003
           2          18           2           3
  0.16891296816402013     
           2          18           3           3
   6.5810255649883465E-002
           3           3           1           1
   1.7686002226151771     
           3           3           2           2
   1.7686005863658032     
           3           3           2           3
  -2.4746378266278118E-008
           3           3           3           3
  -6.5563360452950405     
           3           4           1           2
  0.45807747862369097     
           3           4           1           3
  -1.8744315138290379     
           3           5           1           1
  0.45807716122450665     
           3           5           2           2
 -0.45807751764787802     
           3           5           2           3
  -1.8744302075482273     
           3           5           3           3
  -1.8197583452020086E-007
           3           6           1           1
 -0.29542701825395667     
           3           6           2           2
 -0.29542666575466248     
           3           6           2           3
  -7.6273731083879295E-007
           3           6           3           3
  -6.9437245899299995     
           3           7           1           2
   2.5829731612975193E-004
           3           7           1           3
   4.0434879773030259     
           3           8           1           1
   2.5841586243929848E-004
           3           8           2           2
  -2.5818631837870587E-004
           3           8           2           3
   4.0434883642303348     
           3           8           3           3
  -3.1669876172495954E-007
           3           9           1           1
  -1.4040543740556011     
           3           9           2           2
  -1.4040546993829928     
           3           9           2           3
   5.2077828742241836E-007
           3           9           3           3
   8.7825944276917607     
           3          10           1           2
  -5.5078962765618231E-002
           3          10           1           3
  0.46414765873689673     
           3          11           1           1
  -6.6397414083675249E-003
           3          11           2           2
  0.45359105164692748     
           3          11           2           3
   1.1292026877138128     
           3          11           3           3
  -1.7116664749810648     
           3          12           1           1
  -6.0094414789783196E-003
           3          12           2           2
  -4.0069897784638542E-002
           3          12           2           3
 -0.21426591694900921     
           3          12           3           3
   1.5724885783148772     
           3          13           1           1
  0.26932867081136769     
           3          13           1           2
 -0.18635618744674037     
           3          13           1           3
  0.96293974328048881     
           3          13           2           2
  0.11774238615582676     
           3          13           2           3
 -0.28797760193130800     
           3          13           3           3
  -1.4823479222438096     
           3          14           1           1
 -0.21057572787582679     
           3          14           1           2
   7.5792976496529260E-002
           3          14           1           3
 -0.28797751343813183     
           3          14           2           2
  -1.2899730216627464E-002
           3          14           2           3
  0.63041143106811603     
           3          14           3           3
  0.85583341511717426     
           3          15           1           1
  -3.1554615967650579E-002
           3          15           1           2
   1.4748455153479612E-002
           3          15           1           3
 -0.18556008825006931     
           3          15           2           2
  -1.4524506061829409E-002
           3          15           2           3
  0.10713308966469770     
           3          15           3           3
   1.5724889164478948     
           3          16           1           1
 -0.26932867081120582     
           3          16           1           2
 -0.18635618744670485     
           3          16           1           3
  0.96293974328045984     
           3          16           2           2
 -0.11774238615575278     
           3          16           2           3
  0.28797760193132865     
           3          16           3           3
   1.4823479222438531     
           3          17           1           1
 -0.21057572787586479     
           3          17           1           2
  -7.5792976496483755E-002
           3          17           1           3
  0.28797751343817984     
           3          17           2           2
  -1.2899730216623571E-002
           3          17           2           3
  0.63041143106815467     
           3          17           3           3
  0.85583341511728617     
           3          18           1           1
  -3.1554615967568145E-002
           3          18           1           2
  -1.4748455153447526E-002
           3          18           1           3
  0.18556008825020315     
           3          18           2           2
  -1.4524506061775022E-002
           3          18           2           3
  0.10713308966473895     
           3          18           3           3
   1.5724889164479725     
           4           4           1           1
  -19.337249341687802     
           4           4           2           2
  -1.1508932381454127     
           4           4           2           3
  -2.5561717221729476     
           4           4           3           3
  -7.3970290961695930     
           4           5           1           2
  -9.0931758796255853     
           4           5           1           3
  -2.5561726580415471     
           4           6           1           2
  -1.6395574108745499     
           4           6           1           3
  -9.1642060924802973     
           4           7           1           1
   3.0502494817606181     
           4           7           2           2
  0.16834688064156278     
           4           7           2           3
  -1.0135640750678299E-002
           4           7           3           3
  0.21389877275766089     
           4           8           1           2
   1.4409514363084883     
           4           8           1           3
  -1.0135320322200103E-002
           4           9           1           2
 -0.30278391408109018     
           4           9           1           3
   4.0034334260941931     
           4          10           1           1
   2.6021681047384719     
           4          10           2           2
   1.8634935934778789     
           4          10           2           3
 -0.54124628658154872     
           4          10           3           3
   2.6968178420271123     
           4          11           1           2
   1.8163705941151269     
           4          11           1           3
  0.91493876119474815     
           4          12           1           2
   6.0815115430485012E-002
           4          12           1           3
  0.65750944384114240     
           4          13           1           1
   7.7488568894313543     
           4          13           1           2
  -1.6829170249257601     
           4          13           1           3
  -2.2392532767870188     
           4          13           2           2
 -0.41951549836850655     
           4          13           2           3
   1.4796783096877446     
           4          13           3           3
   1.9469766143803287     
           4          14           1           1
  0.52677963863820998     
           4          14           1           2
   3.3606683802130468     
           4          14           1           3
  0.75158600675834286     
           4          14           2           2
  -2.1801244599632157     
           4          14           2           3
  -1.1667818300534463     
           4          14           3           3
  0.43292059888794565     
           4          15           1           1
 -0.19133446051874381     
           4          15           1           2
  0.71172440446792518     
           4          15           1           3
   3.1888473672417259     
           4          15           2           2
  0.56027121766072163     
           4          15           2           3
  -1.4614678799870993     
           4          15           3           3
  -2.0808245840267383     
           4          16           1           1
   7.7488568894316607     
           4          16           1           2
   1.6829170249262013     
           4          16           1           3
   2.2392532767874833     
           4          16           2           2
 -0.41951549836844315     
           4          16           2           3
   1.4796783096880324     
           4          16           3           3
   1.9469766143804514     
           4          17           1           1
 -0.52677963863742527     
           4          17           1           2
   3.3606683802132089     
           4          17           1           3
  0.75158600675847520     
           4          17           2           2
   2.1801244599631899     
           4          17           2           3
   1.1667818300534964     
           4          17           3           3
 -0.43292059888778156     
           4          18           1           1
  0.19133446051945358     
           4          18           1           2
  0.71172440446811425     
           4          18           1           3
   3.1888473672420878     
           4          18           2           2
 -0.56027121766052912     
           4          18           2           3
   1.4614678799871483     
           4          18           3           3
   2.0808245840267130     
           5           5           1           1
  -1.1508960561410682     
           5           5           2           2
  -19.337244241636078     
           5           5           2           3
   2.5561716096730644     
           5           5           3           3
  -7.3970284932693495     
           5           6           1           1
  -1.6395587479140232     
           5           6           2           2
   1.6395561030837666     
           5           6           2           3
  -9.1642029081113989     
           5           6           3           3
  -2.1877147897116343E-006
           5           7           1           2
   1.4409515766637071     
           5           7           1           3
  -1.0135387212654168E-002
           5           8           1           1
  0.16834716668935268     
           5           8           2           2
   3.0502497893952301     
           5           8           2           3
   1.0135645232273505E-002
           5           8           3           3
  0.21389877737008867     
           5           9           1           1
 -0.30278332096247551     
           5           9           2           2
  0.30278450743711138     
           5           9           2           3
   4.0034307662063267     
           5           9           3           3
   1.6741132573860652E-006
           5          10           1           2
   4.4087338100284201     
           5          10           1           3
 -0.54124607355441645     
           5          11           1           1
 -0.64721781755432450     
           5          11           2           2
   8.9311174152516966     
           5          11           2           3
  -3.3917029589844323     
           5          11           3           3
   1.6970303559913975     
           5          12           1           1
   1.1417010924679176     
           5          12           2           2
 -0.71568919647017437     
           5          12           2           3
   4.0326257018925578     
           5          12           3           3
  -2.4027281851487352     
           5          13           1           1
  -1.7182731592489657     
           5          13           1           2
   2.0644866215005835     
           5          13           1           3
   1.4796785141789996     
           5          13           2           2
   6.4926479453280894E-002
           5          13           2           3
   9.4311408588037660E-002
           5          13           3           3
  0.43291994641652698     
           5          14           1           1
  0.83584145485612782     
           5          14           1           2
  -2.1447687311442936     
           5          14           1           3
  -1.1667818351069688     
           5          14           2           2
   4.5843794623127003     
           5          14           2           3
  0.48679637488011385     
           5          14           3           3
   2.4468701575259963     
           5          15           1           1
  0.17128188805619815     
           5          15           1           2
 -0.37580301138838390     
           5          15           1           3
  -1.4614683547857665     
           5          15           2           2
 -0.38428694877129438     
           5          15           2           3
   1.5012883217835302     
           5          15           3           3
   1.2013644413773412     
           5          16           1           1
   1.7182731592496991     
           5          16           1           2
   2.0644866215008335     
           5          16           1           3
   1.4796785141791842     
           5          16           2           2
  -6.4926479453331964E-002
           5          16           2           3
  -9.4311408587616108E-002
           5          16           3           3
 -0.43291994641653497     
           5          17           1           1
  0.83584145485655403     
           5          17           1           2
   2.1447687311443611     
           5          17           1           3
   1.1667818351068260     
           5          17           2           2
   4.5843794623129330     
           5          17           2           3
  0.48679637488019112     
           5          17           3           3
   2.4468701575266856     
           5          18           1           1
  0.17128188805636180     
           5          18           1           2
  0.37580301138861139     
           5          18           1           3
   1.4614683547859759     
           5          18           2           2
 -0.38428694877123926     
           5          18           2           3
   1.5012883217836905     
           5          18           3           3
   1.2013644413773434     
           6           6           1           1
  -3.0716000429013208     
           6           6           2           2
  -3.0715975121265320     
           6           6           2           3
  -1.2211986287407531E-006
           6           6           3           3
  -46.147813624435479     
           6           7           1           2
  0.68195838931632924     
           6           7           1           3
   1.4417160799604227     
           6           8           1           1
  0.68195879371943868     
           6           8           2           2
 -0.68195803091150098     
           6           8           2           3
   1.4417157079364782     
           6           8           3           3
   9.2153547491398553E-007
           6           9           1           1
 -0.41690553505994288     
           6           9           2           2
 -0.41690611056395888     
           6           9           2           3
   2.2086530688098263E-006
           6           9           3           3
   29.758586092255815     
           6          10           1           2
 -0.73141769473439089     
           6          10           1           3
   1.9805929049548596     
           6          11           1           1
   1.1197056059801742     
           6          11           2           2
  -1.8926277471798421     
           6          11           2           3
   3.7690384153277257     
           6          11           3           3
  -2.0923491966837515     
           6          12           1           1
  -6.6235791742829675E-002
           6          12           2           2
   2.5888565508624257     
           6          12           2           3
  -3.3113712786943426     
           6          12           3           3
   7.7776505883833789     
           6          13           1           1
  -1.3035889545445087     
           6          13           1           2
  0.94677039041874989     
           6          13           1           3
   3.3219283391880929     
           6          13           2           2
  0.63421709299611428     
           6          13           2           3
 -0.77442030523785421     
           6          13           3           3
  -1.8120303816667165     
           6          14           1           1
   2.1209200075663848E-002
           6          14           1           2
 -0.96890277549912640     
           6          14           1           3
 -0.77441975362596116     
           6          14           2           2
  0.36525296031438970     
           6          14           2           3
   2.4277041783034821     
           6          14           3           3
   1.0461752356400340     
           6          15           1           1
   1.9250842714857517     
           6          15           1           2
  -1.1496886024756532     
           6          15           1           3
  -2.8677324550060090     
           6          15           2           2
  0.59753686362310143     
           6          15           2           3
   1.6556855157760813     
           6          15           3           3
   7.7776505742205249     
           6          16           1           1
   1.3035889545447998     
           6          16           1           2
  0.94677039041883182     
           6          16           1           3
   3.3219283391885397     
           6          16           2           2
 -0.63421709299606099     
           6          16           2           3
  0.77442030523802208     
           6          16           3           3
   1.8120303816678915     
           6          17           1           1
   2.1209200075924195E-002
           6          17           1           2
  0.96890277549924941     
           6          17           1           3
  0.77441975362624604     
           6          17           2           2
  0.36525296031445542     
           6          17           2           3
   2.4277041783035567     
           6          17           3           3
   1.0461752356401264     
           6          18           1           1
   1.9250842714861078     
           6          18           1           2
   1.1496886024758737     
           6          18           1           3
   2.8677324550060868     
           6          18           2           2
  0.59753686362337366     
           6          18           2           3
   1.6556855157760120     
           6          18           3           3
   7.7776505742209707     
           7           7           1           1
  -9.1801127666806472     
           7           7           2           2
 -0.94230374878407863     
           7           7           2           3
  0.29267538448690933     
           7           7           3           3
  -4.2247500067414805     
           7           8           1           2
  -4.1189046723734588     
           7           8           1           3
  0.29267516320996045     
           7           9           1           2
 -0.39483104559914461     
           7           9           1           3
  -5.0219272255616190     
           7          10           1           1
  0.27668203154023535     
           7          10           2           2
   1.8018681845651696E-002
           7          10           2           3
  -3.7335739642786997E-002
           7          10           3           3
 -0.48838402022131755     
           7          11           1           2
  0.12906179711072602     
           7          11           1           3
 -0.40841060268416107     
           7          12           1           2
 -0.11550993090946815     
           7          12           1           3
   7.1851194197914969E-003
           7          13           1           1
 -0.33967555121551568     
           7          13           1           2
  0.18055353288735959     
           7          13           1           3
 -0.32316584523013142     
           7          13           2           2
   6.3465833251590942E-002
           7          13           2           3
  -3.6293338580742879E-002
           7          13           3           3
  0.28987025051655291     
           7          14           1           1
  -3.6498564988894977E-002
           7          14           1           2
 -0.20143585928890620     
           7          14           1           3
  0.14924408223692123     
           7          14           2           2
  0.36611357599159000     
           7          14           2           3
  -6.0184555862030642E-004
           7          14           3           3
 -0.44932490974441214     
           7          15           1           1
 -0.20283513223321115     
           7          15           1           2
  -8.5937865064447561E-002
           7          15           1           3
 -0.23523094832686142     
           7          15           2           2
 -0.16868820633375312     
           7          15           2           3
  0.13995898947139784     
           7          15           3           3
 -0.46563981318066394     
           7          16           1           1
 -0.33967555121598125     
           7          16           1           2
 -0.18055353288755438     
           7          16           1           3
  0.32316584522994840     
           7          16           2           2
   6.3465833251561188E-002
           7          16           2           3
  -3.6293338580790035E-002
           7          16           3           3
  0.28987025051685755     
           7          17           1           1
   3.6498564988718174E-002
           7          17           1           2
 -0.20143585928898267     
           7          17           1           3
  0.14924408223685731     
           7          17           2           2
 -0.36611357599160760     
           7          17           2           3
   6.0184555876308110E-004
           7          17           3           3
  0.44932490974435962     
           7          18           1           1
  0.20283513223254979     
           7          18           1           2
  -8.5937865064678209E-002
           7          18           1           3
 -0.23523094832698532     
           7          18           2           2
  0.16868820633353099     
           7          18           2           3
 -0.13995898947138996     
           7          18           3           3
  0.46563981318081338     
           8           8           1           1
 -0.94230395236923048     
           8           8           2           2
  -9.1801133673264719     
           8           8           2           3
 -0.29267575651857625     
           8           8           3           3
  -4.2247495790963701     
           8           9           1           1
 -0.39483140219959600     
           8           9           2           2
  0.39483087564246544     
           8           9           2           3
  -5.0219274596335959     
           8           9           3           3
  -5.2655853638676965E-007
           8          10           1           2
 -0.32371817786338186     
           8          10           1           3
  -3.7335757297761923E-002
           8          11           1           1
   6.6498423603866846E-002
           8          11           2           2
 -0.53301156811706041     
           8          11           2           3
 -0.33651868636223148     
           8          11           3           3
  0.54928763324971364     
           8          12           1           1
 -0.29057990858533744     
           8          12           2           2
 -0.13841871134538541     
           8          12           2           3
 -0.31603630625442947     
           8          12           3           3
 -0.53767406533311002     
           8          13           1           1
  0.35562070662084205     
           8          13           1           2
   2.4954161473979400E-002
           8          13           1           3
  -3.6293320406833918E-002
           8          13           2           2
  -2.6005518611427136E-002
           8          13           2           3
 -0.32196220795941999     
           8          13           3           3
 -0.44932502792594037     
           8          14           1           1
   3.9225946560113190E-002
           8          14           1           2
  0.19104656499295464     
           8          14           1           3
  -6.0185541529197972E-004
           8          14           2           2
   6.5171273979256039E-002
           8          14           2           3
  0.22322058171583958     
           8          14           3           3
 -0.22896591491727947     
           8          15           1           1
   1.5970538570218018E-003
           8          15           1           2
  -1.7073347248535597E-002
           8          15           1           3
  0.13995908495422693     
           8          15           2           2
  0.21290203767256083     
           8          15           2           3
  -7.3620135876077325E-002
           8          15           3           3
  0.26883698302963122     
           8          16           1           1
 -0.35562070662112893     
           8          16           1           2
   2.4954161473834890E-002
           8          16           1           3
  -3.6293320406829144E-002
           8          16           2           2
   2.6005518611317391E-002
           8          16           2           3
  0.32196220795916208     
           8          16           3           3
  0.44932502792600082     
           8          17           1           1
   3.9225946559901359E-002
           8          17           1           2
 -0.19104656499299072     
           8          17           1           3
   6.0185541521140529E-004
           8          17           2           2
   6.5171273979149597E-002
           8          17           2           3
  0.22322058171585790     
           8          17           3           3
 -0.22896591491742868     
           8          18           1           1
   1.5970538568339521E-003
           8          18           1           2
   1.7073347248250659E-002
           8          18           1           3
 -0.13995908495435450     
           8          18           2           2
  0.21290203767235727     
           8          18           2           3
  -7.3620135876130754E-002
           8          18           3           3
  0.26883698302979364     
           9           9           1           1
   1.7761700259259143     
           9           9           2           2
   1.7761702447449466     
           9           9           2           3
  -2.2545607378957388E-006
           9           9           3           3
  -29.044040499345854     
           9          10           1           2
  0.13742600608218605     
           9          10           1           3
 -0.75394663380593840     
           9          11           1           1
  -5.7013265817869363E-002
           9          11           2           2
 -0.47139888206808434     
           9          11           2           3
  -1.8284474397960047     
           9          11           3           3
   2.5409123504520146     
           9          12           1           1
  -2.6216665495772229E-002
           9          12           2           2
   5.6077047757901011E-002
           9          12           2           3
  0.45456877830231823     
           9          12           3           3
  -3.1657135604817279     
           9          13           1           1
 -0.25901880360526208     
           9          13           1           2
  0.18975088943903717     
           9          13           1           3
  -1.5598234321735913     
           9          13           2           2
 -0.19859887885004163     
           9          13           2           3
  0.46527305825687737     
           9          13           3           3
   2.2004971608439678     
           9          14           1           1
  0.28697045262760057     
           9          14           1           2
  -3.0209796937367361E-002
           9          14           1           3
  0.46527280843208413     
           9          14           2           2
  -2.2764915883100312E-002
           9          14           2           3
  -1.0225716412895656     
           9          14           3           3
  -1.2704567347976856     
           9          15           1           1
   3.5503383825562423E-002
           9          15           1           2
  -3.5633893169510267E-002
           9          15           1           3
  0.39366868033958402     
           9          15           2           2
  -5.6432472048958265E-003
           9          15           2           3
 -0.22728461904860969     
           9          15           3           3
  -3.1657135022365566     
           9          16           1           1
  0.25901880360485641     
           9          16           1           2
  0.18975088943891538     
           9          16           1           3
  -1.5598234321739128     
           9          16           2           2
  0.19859887884994643     
           9          16           2           3
 -0.46527305825699478     
           9          16           3           3
  -2.2004971608445985     
           9          17           1           1
  0.28697045262742749     
           9          17           1           2
   3.0209796937267996E-002
           9          17           1           3
 -0.46527280843223484     
           9          17           2           2
  -2.2764915883192766E-002
           9          17           2           3
  -1.0225716412896921     
           9          17           3           3
  -1.2704567347978455     
           9          18           1           1
   3.5503383825413737E-002
           9          18           1           2
   3.5633893169300990E-002
           9          18           1           3
 -0.39366868034008673     
           9          18           2           2
  -5.6432472049385562E-003
           9          18           2           3
 -0.22728461904881148     
           9          18           3           3
  -3.1657135022369567     
          10          10           1           1
  -1.9735299982148349     
          10          10           2           2
  -2.2795435686061980     
          10          10           2           3
   1.1644339787756439     
          10          10           3           3
  -1.9855181813312148     
          10          11           1           2
  -3.0198284242421658     
          10          11           1           3
  0.43699535540880119     
          10          12           1           2
  0.71273751293558041     
          10          12           1           3
  -1.0982049808791630     
          10          13           1           1
 -0.54711866686133703     
          10          13           1           2
  0.25338377518285821     
          10          13           1           3
  0.30914082061157377     
          10          13           2           2
  0.16989039333079842     
          10          13           2           3
 -0.30442262538200759     
          10          13           3           3
 -0.20314162289513793     
          10          14           1           1
  -7.3135253187844862E-002
          10          14           1           2
 -0.61699056566472343     
          10          14           1           3
   5.9296615073667458E-002
          10          14           2           2
   5.6416915737991624E-002
          10          14           2           3
  0.31304017546352736     
          10          14           3           3
 -0.17930800410761361     
          10          15           1           1
  0.12636078568696579     
          10          15           1           2
  -3.1833422394624750E-002
          10          15           1           3
 -0.29629448261386415     
          10          15           2           2
   1.8239785620414173E-003
          10          15           2           3
  0.25140457464948640     
          10          15           3           3
  0.45895424623018088     
          10          16           1           1
 -0.54711866686141430     
          10          16           1           2
 -0.25338377518277788     
          10          16           1           3
 -0.30914082061167325     
          10          16           2           2
  0.16989039333080930     
          10          16           2           3
 -0.30442262538204201     
          10          16           3           3
 -0.20314162289514037     
          10          17           1           1
   7.3135253187727400E-002
          10          17           1           2
 -0.61699056566478006     
          10          17           1           3
   5.9296615073645920E-002
          10          17           2           2
  -5.6416915737953821E-002
          10          17           2           3
 -0.31304017546358903     
          10          17           3           3
  0.17930800410757120     
          10          18           1           1
 -0.12636078568693615     
          10          18           1           2
  -3.1833422394564242E-002
          10          18           1           3
 -0.29629448261387847     
          10          18           2           2
  -1.8239785619929560E-003
          10          18           2           3
 -0.25140457464948429     
          10          18           3           3
 -0.45895424623018921     
          11          11           1           1
  -3.3585409674780076E-002
          11          11           2           2
  -8.1938491745572879     
          11          11           2           3
   2.8487208284818810     
          11          11           3           3
  -1.2138708956383502     
          11          12           1           1
 -0.58493170164965247     
          11          12           2           2
  0.69857020316645446     
          11          12           2           3
  -2.9910497383806010     
          11          12           3           3
   1.9390953702801124     
          11          13           1           1
  0.34314265569778901     
          11          13           1           2
  0.41540222320385634     
          11          13           1           3
 -0.39695226086042068     
          11          13           2           2
 -0.71940923505017329     
          11          13           2           3
   4.9624521845699210E-002
          11          13           3           3
  0.32708503203311567     
          11          14           1           1
  0.30658366146435034     
          11          14           1           2
 -0.21311630352872935     
          11          14           1           3
  -5.3524541439544077E-002
          11          14           2           2
 -0.45692120336038489     
          11          14           2           3
  0.45200246947242984     
          11          14           3           3
 -0.28846015459179841     
          11          15           1           1
 -0.23556044212578237     
          11          15           1           2
  -5.4067968199296081E-002
          11          15           1           3
  0.31733436598366083     
          11          15           2           2
  0.60593272431014944     
          11          15           2           3
  -3.9372000599618207E-002
          11          15           3           3
 -0.33799603573062909     
          11          16           1           1
 -0.34314265569773095     
          11          16           1           2
  0.41540222320384174     
          11          16           1           3
 -0.39695226086042656     
          11          16           2           2
  0.71940923505021526     
          11          16           2           3
  -4.9624521845682112E-002
          11          16           3           3
 -0.32708503203317241     
          11          17           1           1
  0.30658366146431193     
          11          17           1           2
  0.21311630352870892     
          11          17           1           3
   5.3524541439571527E-002
          11          17           2           2
 -0.45692120336031783     
          11          17           2           3
  0.45200246947241829     
          11          17           3           3
 -0.28846015459176844     
          11          18           1           1
 -0.23556044212582794     
          11          18           1           2
   5.4067968199309008E-002
          11          18           1           3
 -0.31733436598366704     
          11          18           2           2
  0.60593272431023260     
          11          18           2           3
  -3.9372000599611712E-002
          11          18           3           3
 -0.33799603573061071     
          12          12           1           1
   4.6458855252680231E-002
          12          12           2           2
  -2.1316500367703317     
          12          12           2           3
   2.8640717049687998     
          12          12           3           3
  -6.1691254474905595     
          12          13           1           1
  0.30470897390954421     
          12          13           1           2
 -0.31996757259682529     
          12          13           1           3
  0.14266825255787718     
          12          13           2           2
   8.0135518640338632E-002
          12          13           2           3
   6.3899285491646585E-002
          12          13           3           3
  -6.3236002108355116E-002
          12          14           1           1
 -0.16970017499752954     
          12          14           1           2
  0.22862264157206114     
          12          14           1           3
  -2.0305785764072881E-003
          12          14           2           2
   9.5525208676120105E-002
          12          14           2           3
 -0.47833484492483991     
          12          14           3           3
  0.56646377595164299     
          12          15           1           1
   2.6001530730449085E-002
          12          15           1           2
  0.22742576293589090     
          12          15           1           3
  0.17926487720432685     
          12          15           2           2
 -0.23660682111083725     
          12          15           2           3
  0.10349839383272075     
          12          15           3           3
  -7.6501038822038292E-003
          12          16           1           1
 -0.30470897390959828     
          12          16           1           2
 -0.31996757259679720     
          12          16           1           3
  0.14266825255788129     
          12          16           2           2
  -8.0135518640355174E-002
          12          16           2           3
  -6.3899285491618940E-002
          12          16           3           3
   6.3236002108250755E-002
          12          17           1           1
 -0.16970017499763246     
          12          17           1           2
 -0.22862264157210360     
          12          17           1           3
   2.0305785763815032E-003
          12          17           2           2
   9.5525208676124573E-002
          12          17           2           3
 -0.47833484492489653     
          12          17           3           3
  0.56646377595158715     
          12          18           1           1
   2.6001530730430378E-002
          12          18           1           2
 -0.22742576293588140     
          12          18           1           3
 -0.17926487720437936     
          12          18           2           2
 -0.23660682111085063     
          12          18           2           3
  0.10349839383276145     
          12          18           3           3
  -7.6501038821695788E-003
          13          13           1           1
  -7.4309713705359490     
          13          13           1           2
   1.3756259808099034     
          13          13           1           3
   2.2916313633281691     
          13          13           2           2
  0.19712515936455199     
          13          13           2           3
 -0.88607699984450117     
          13          13           3           3
  -1.4067819304113369     
          13          14           1           1
  0.40309755749047360     
          13          14           1           2
  -2.2276299155185786     
          13          14           1           3
 -0.52235829652262700     
          13          14           2           2
   1.3178511522057241     
          13          14           2           3
  0.55388365154984176     
          13          14           3           3
 -0.33413314071078437     
          13          15           1           1
  0.63571774957562877     
          13          15           1           2
 -0.30312832547260171     
          13          15           1           3
  -2.5178394170713596     
          13          15           2           2
 -0.53730350453646003     
          13          15           2           3
  0.81962546236434752     
          13          15           3           3
   1.6793069679955703     
          13          16           1           1
  -7.8208503997143630E-003
          13          16           1           2
  -1.0720505316808016E-008
          13          16           1           3
   5.6107402612859403E-009
          13          16           2           2
  -2.9071064437871774E-002
          13          16           2           3
 -0.21171554089727349     
          13          16           3           3
 -0.33112004463110467     
          13          17           1           1
  0.68593949924963060     
          13          17           1           2
 -0.50479489927811882     
          13          17           1           3
 -0.48290478337892284     
          13          17           2           2
 -0.50616448645009149     
          13          17           2           3
 -0.26341522814476392     
          13          17           3           3
 -0.25319620307105861     
          13          18           1           1
  0.35285244525157938     
          13          18           1           2
 -0.32706923965563617     
          13          18           1           3
 -0.34987354659630593     
          13          18           2           2
  -9.6192615972230000E-002
          13          18           2           3
 -0.28639990009684407     
          13          18           3           3
 -0.52218979926101861     
          14          14           1           1
 -0.92585553647839158     
          14          14           1           2
   2.2903791256001265     
          14          14           1           3
   1.1838635907440840     
          14          14           2           2
  -4.3208083933731611     
          14          14           2           3
  -1.1204998007670324     
          14          14           3           3
  -1.7926059819897069     
          14          15           1           1
  0.34570577664826307     
          14          15           1           2
  0.58651074296622396     
          14          15           1           3
  0.81962550485168317     
          14          15           2           2
 -0.40252538362845103     
          14          15           2           3
  -1.5714163240322290     
          14          15           3           3
 -0.96954770942622925     
          14          16           1           1
 -0.68593949254328290     
          14          16           1           2
 -0.50479490137818139     
          14          16           1           3
 -0.48290478403672465     
          14          16           2           2
  0.50616447498875838     
          14          16           2           3
  0.26341524139728356     
          14          16           3           3
  0.25319620207105503     
          14          17           1           1
 -0.30245732375566514     
          14          17           1           2
   6.2481758655863473E-010
          14          17           1           3
  -3.1235826564168789E-009
          14          17           2           2
 -0.18821589974334485     
          14          17           2           3
  -8.3444770215031105E-002
          14          17           3           3
 -0.16048207039872775     
          14          18           1           1
 -0.27360948515601974     
          14          18           1           2
  0.10818622732449515     
          14          18           1           3
 -0.22047044329159160     
          14          18           2           2
  -2.2588162734889061E-002
          14          18           2           3
   1.4207167773388929E-002
          14          18           3           3
 -0.22846797138513564     
          15          15           1           1
  -1.5871233224209751     
          15          15           1           2
  0.94314829267433820     
          15          15           1           3
   2.4803590328260503     
          15          15           2           2
 -0.49806804817609907     
          15          15           2           3
  -1.4320354552452579     
          15          15           3           3
  -6.1691259563951704     
          15          16           1           1
 -0.35285245460115555     
          15          16           1           2
 -0.32706923373475749     
          15          16           1           3
 -0.34987353829997836     
          15          16           2           2
   9.6192612606584682E-002
          15          16           2           3
  0.28639990047843822     
          15          16           3           3
  0.52218979879910465     
          15          17           1           1
 -0.27360950308179732     
          15          17           1           2
 -0.10818622347989369     
          15          17           1           3
  0.22047044939254673     
          15          17           2           2
  -2.2588163259855742E-002
          15          17           2           3
   1.4207171432325860E-002
          15          17           3           3
 -0.22846798317228090     
          15          18           1           1
 -0.36791119446904674     
          15          18           1           2
  -1.5703947586764855E-009
          15          18           1           3
  -2.6970685684801765E-009
          15          18           2           2
  0.15730575730200180     
          15          18           2           3
 -0.20699695988823774     
          15          18           3           3
  -7.6500815180155501E-003
          16          16           1           1
  -7.4309713705363238     
          16          16           1           2
  -1.3756259808098501     
          16          16           1           3
  -2.2916313633284680     
          16          16           2           2
  0.19712515936433839     
          16          16           2           3
 -0.88607699984482047     
          16          16           3           3
  -1.4067819304115892     
          16          17           1           1
 -0.40309755749056464     
          16          17           1           2
  -2.2276299155187087     
          16          17           1           3
 -0.52235829652292853     
          16          17           2           2
  -1.3178511522057956     
          16          17           2           3
 -0.55388365155002117     
          16          17           3           3
  0.33413314071068867     
          16          18           1           1
 -0.63571774957533567     
          16          18           1           2
 -0.30312832547269275     
          16          18           1           3
  -2.5178394170714604     
          16          18           2           2
  0.53730350453634268     
          16          18           2           3
 -0.81962546236435752     
          16          18           3           3
  -1.6793069679956325     
          17          17           1           1
 -0.92585553647745100     
          17          17           1           2
  -2.2903791256005128     
          17          17           1           3
  -1.1838635907446082     
          17          17           2           2
  -4.3208083933727854     
          17          17           2           3
  -1.1204998007674452     
          17          17           3           3
  -1.7926059819900544     
          17          18           1           1
  0.34570577664832380     
          17          18           1           2
 -0.58651074296631700     
          17          18           1           3
 -0.81962550485181418     
          17          18           2           2
 -0.40252538362844981     
          17          18           2           3
  -1.5714163240322887     
          17          18           3           3
 -0.96954770942636159     
          18          18           1           1
  -1.5871233224205821     
          18          18           1           2
 -0.94314829267423517     
          18          18           1           3
  -2.4803590328254543     
          18          18           2           2
 -0.49806804817627892     
          18          18           2           3
  -1.4320354552452375     
          18          18           3           3
  -6.1691259563951393     
 NEW_PROPERTY
 ORDER
           3
 NUM_FREQ_CFGS
           1
 OPERATORS
 GEO 
 GEO 
 GEO 
 NUM_COMPONENTS
          18
          18
          18
 FREQUENCIES
 CONFIGURATION
   0.0000000000000000     
   0.0000000000000000     
   0.0000000000000000     
 VALUES
 CONFIGURATION
           1           1           2
  -1.9956440527943702E-004
           1           1           3
  0.51297250749460765     
           1           1           5
   2.6094844617179582E-003
           1           1           6
   1.2922030854013711E-002
           1           1           8
  -7.3165491051849500E-004
           1           1           9
 -0.52521270095084283     
           1           1          11
  -1.0837971295250581E-003
           1           1          12
  -8.5695285613803331E-004
           1           1          13
  -5.9162567990875812E-004
           1           1          14
  -2.9723419034763084E-004
           1           1          15
   8.7557430827949747E-005
           1           1          16
   5.9162567990442142E-004
           1           1          17
  -2.9723419034751494E-004
           1           1          18
   8.7557430825536096E-005
           1           2           4
   2.6094847128010179E-003
           1           2           7
  -7.3165503467452768E-004
           1           2          10
  -6.3880996198950048E-004
           1           2          13
  -5.1972768350537100E-004
           1           2          14
  -6.8752173848105611E-005
           1           2          15
  -5.4531310810577245E-004
           1           2          16
  -5.1972768350540309E-004
           1           2          17
   6.8752173848216417E-005
           1           2          18
   5.4531310810583338E-004
           1           3           4
  -2.8060748172782524E-002
           1           3           7
 -0.48479991834817471     
           1           3          10
  -4.7485078591002203E-004
           1           3          13
   1.8150433149095424E-004
           1           3          14
  -3.7894683874387743E-004
           1           3          15
   5.1452409421878439E-003
           1           3          16
   1.8150433149420532E-004
           1           3          17
   3.7894683874439578E-004
           1           3          18
  -5.1452409421888076E-003
           1           4           5
  -2.6126433755590413E-003
           1           4           6
   1.2293970158704235E-002
           1           4           8
  -4.4254830028988045E-003
           1           4           9
   1.2711004964039783E-002
           1           4          11
   8.8964959612745909E-004
           1           4          12
   1.8936170734525556E-004
           1           4          13
  -1.7911838547648323E-003
           1           4          14
   1.7694961459735342E-003
           1           4          15
   1.4332064634501951E-003
           1           4          16
   1.7911838547652137E-003
           1           4          17
   1.7694961459741479E-003
           1           4          18
   1.4332064634492436E-003
           1           5           7
  -4.4254820332239580E-003
           1           5          10
   7.3535642398180414E-004
           1           5          13
   1.8466423202718192E-003
           1           5          14
  -6.4160145744953604E-004
           1           5          15
  -7.1813407258006180E-004
           1           5          16
   1.8466423202713506E-003
           1           5          17
   6.4160145744704975E-004
           1           5          18
   7.1813407257997116E-004
           1           6           7
  -2.7320821745591958E-002
           1           6          10
   1.1332248352668058E-003
           1           6          13
   4.8579832025474542E-004
           1           6          14
   3.7379146051901187E-004
           1           6          15
   2.3157655116222463E-003
           1           6          16
   4.8579832025918285E-004
           1           6          17
  -3.7379146051791639E-004
           1           6          18
  -2.3157655116214483E-003
           1           7           8
   3.7459352228052011E-003
           1           7           9
  0.51635571724534157     
           1           7          11
   1.0585374841830075E-003
           1           7          12
   5.5999272119762336E-004
           1           7          13
   6.8441702289294252E-004
           1           7          14
   1.7633216582413846E-004
           1           7          15
  -2.3974861447415754E-003
           1           7          16
  -6.8441702289289189E-004
           1           7          17
   1.7633216582376842E-004
           1           7          18
  -2.3974861447411729E-003
           1           8          10
   5.7148191675904507E-004
           1           8          13
   4.1986044536222592E-004
           1           8          14
   8.7538659760609712E-005
           1           8          15
   1.7075010250291558E-003
           1           8          16
   4.1986044536181295E-004
           1           8          17
  -8.7538659760583041E-005
           1           8          18
  -1.7075010250298607E-003
           1           9          10
  -3.5610848235845857E-004
           1           9          13
  -1.7489570153775553E-003
           1           9          14
   8.0416128028559938E-004
           1           9          15
  -3.6111154203129730E-003
           1           9          16
  -1.7489570153824470E-003
           1           9          17
  -8.0416128028641340E-004
           1           9          18
   3.6111154203125129E-003
           1          10          11
  -7.9109542180421711E-004
           1          10          12
  -4.8449025091605683E-004
           1          10          13
   1.4565456406817948E-004
           1          10          14
   6.1533566759754466E-005
           1          10          15
   9.1112314039896495E-005
           1          10          16
  -1.4565456406805864E-004
           1          10          17
   6.1533566759368273E-005
           1          10          18
   9.1112314040153397E-005
           1          11          13
  -3.6647273371088119E-005
           1          11          14
   7.9748039464799168E-005
           1          11          15
   6.8522161668113422E-006
           1          11          16
  -3.6647273368842879E-005
           1          11          17
  -7.9748039463780574E-005
           1          11          18
  -6.8522161660923552E-006
           1          12          13
   2.9604424613933453E-004
           1          12          14
   9.5988942583107744E-004
           1          12          15
  -2.2507407159135507E-004
           1          12          16
   2.9604424613878099E-004
           1          12          17
  -9.5988942583171419E-004
           1          12          18
   2.2507407159095416E-004
           1          13          13
   1.5527380397625909E-003
           1          13          14
  -1.6654939162350692E-003
           1          13          15
   1.4292543078538032E-003
           1          13          17
  -4.4633853546481484E-005
           1          13          18
  -6.4364392799255677E-004
           1          14          14
   5.4306684059612985E-004
           1          14          15
  -1.1049008767773497E-003
           1          14          16
  -4.4633853547759542E-005
           1          14          18
  -6.5399461705985501E-004
           1          15          15
  -3.6248171136817166E-003
           1          15          16
  -6.4364392799321998E-004
           1          15          17
   6.5399461705962949E-004
           1          16          16
  -1.5527380397597620E-003
           1          16          17
  -1.6654939162347717E-003
           1          16          18
   1.4292543078524927E-003
           1          17          17
  -5.4306684059406271E-004
           1          17          18
   1.1049008767771271E-003
           1          18          18
   3.6248171136827969E-003
           2           2           2
   1.9956187945385383E-004
           2           2           3
  0.51297250582071208     
           2           2           5
  -2.6094840953170867E-003
           2           2           6
   1.2922031997179706E-002
           2           2           8
   7.3165794437246589E-004
           2           2           9
 -0.52521270041030821     
           2           2          11
  -1.2372939012411289E-004
           2           2          12
   4.0239319754631982E-004
           2           2          13
  -4.5412273763305484E-004
           2           2          14
   9.0099669578109576E-004
           2           2          15
  -5.4211647176957603E-004
           2           2          16
   4.5412273763003903E-004
           2           2          17
   9.0099669578181524E-004
           2           2          18
  -5.4211647177056298E-004
           2           3           3
  -3.5279993228991403E-010
           2           3           5
  -2.8060750220104600E-002
           2           3           6
  -4.8854618828218918E-010
           2           3           8
 -0.48479991590839933     
           2           3           9
  -8.2107844989397917E-010
           2           3          11
   4.0029092506758523E-004
           2           3          12
   5.9412147544008753E-003
           2           3          13
  -3.7894629282251983E-004
           2           3          14
  -2.5606596145116844E-004
           2           3          15
  -2.9706065687365277E-003
           2           3          16
   3.7894629282252893E-004
           2           3          17
  -2.5606596145026612E-004
           2           3          18
  -2.9706065687348914E-003
           2           4           4
  -2.6126436537061990E-003
           2           4           7
  -4.4254831871730514E-003
           2           4          10
   7.3535672478336435E-004
           2           4          13
   1.8466426505835951E-003
           2           4          14
  -6.4160148555181522E-004
           2           4          15
  -7.1813455415909539E-004
           2           4          16
   1.8466426505842713E-003
           2           4          17
   6.4160148555163264E-004
           2           4          18
   7.1813455415909843E-004
           2           5           5
   2.6126425491170961E-003
           2           5           6
   1.2293972632273852E-002
           2           5           8
   4.4254833428838299E-003
           2           5           9
   1.2711003064046055E-002
           2           5          11
  -3.5444949229079003E-003
           2           5          12
   1.8478224510450510E-003
           2           5          13
  -5.0798015582533560E-004
           2           5          14
  -4.4207336091800281E-004
           2           5          15
   6.0397638078756488E-004
           2           5          16
   5.0798015582868903E-004
           2           5          17
  -4.4207336091631991E-004
           2           5          18
   6.0397638078738924E-004
           2           6           6
  -2.5303889346906042E-009
           2           6           8
  -2.7320826335568565E-002
           2           6           9
   1.2691008749068646E-009
           2           6          11
   2.6998889930788649E-004
           2           6          12
   2.6740163617875274E-003
           2           6          13
   3.7379205021772274E-004
           2           6          14
   9.1741609340682470E-004
           2           6          15
  -1.3370072533700806E-003
           2           6          16
  -3.7379205021734717E-004
           2           6          17
   9.1741609340649705E-004
           2           6          18
  -1.3370072533695737E-003
           2           7           7
   3.7459357307369182E-003
           2           7          10
   5.7148175350500404E-004
           2           7          13
   4.1986044777518952E-004
           2           7          14
   8.7538671941067255E-005
           2           7          15
   1.7075011585413766E-003
           2           7          16
   4.1986044777538446E-004
           2           7          17
  -8.7538671940907064E-005
           2           7          18
  -1.7075011585410012E-003
           2           8           8
  -3.7459384014537551E-003
           2           8           9
  0.51635571965807947     
           2           8          11
   3.1989612676577037E-004
           2           8          12
  -3.3833112483385554E-003
           2           8          13
   5.0934197071127217E-004
           2           8          14
  -8.6554935033568187E-004
           2           8          15
  -4.2583322460656905E-004
           2           8          16
  -5.0934197071002447E-004
           2           8          17
  -8.6554935033642325E-004
           2           8          18
  -4.2583322460631388E-004
           2           9           9
  -1.9451453935114168E-010
           2           9          11
  -2.2132405169874667E-003
           2           9          12
  -4.1697566802836152E-003
           2           9          13
   8.0416119931530586E-004
           2           9          14
  -8.2039074886756025E-004
           2           9          15
   2.0848783459432082E-003
           2           9          16
  -8.0416119931535194E-004
           2           9          17
  -8.2039074886777383E-004
           2           9          18
   2.0848783459415220E-003
           2          10          10
  -7.4694820230929528E-004
           2          10          13
   3.9459859767199427E-005
           2          10          14
   6.1295857849913394E-005
           2          10          15
   1.0782069434228320E-003
           2          10          16
   3.9459859767118715E-005
           2          10          17
  -6.1295857849851784E-005
           2          10          18
  -1.0782069434229255E-003
           2          11          11
   3.1669758509898938E-003
           2          11          12
   2.0671689095897619E-003
           2          11          13
   4.6110310738684476E-006
           2          11          14
   9.0676106037944305E-005
           2          11          15
  -2.6210413518190266E-004
           2          11          16
  -4.6110310736702046E-006
           2          11          17
   9.0676106038175294E-005
           2          11          18
  -2.6210413518180426E-004
           2          12          12
  -4.1855805000664704E-003
           2          12          13
  -1.1146517908559074E-004
           2          12          14
  -4.6703649982220445E-004
           2          12          15
  -1.2994680299950354E-004
           2          12          16
   1.1146517908560707E-004
           2          12          17
  -4.6703649982213653E-004
           2          12          18
  -1.2994680299962868E-004
           2          13          13
  -1.6875678625427040E-003
           2          13          14
   5.0483456367382605E-004
           2          13          15
  -1.1049010535481082E-003
           2          13          16
  -9.8667381332300029E-005
           2          13          17
  -5.6684674463308948E-005
           2          13          18
   4.1735940210406870E-004
           2          14          14
   4.7755449421981648E-004
           2          14          15
   1.5342461672412456E-004
           2          14          16
   5.6684674463447679E-005
           2          14          17
  -1.6160459279483756E-004
           2          14          18
   4.7265252116163457E-004
           2          15          15
   2.0927886947205063E-003
           2          15          16
  -4.1735940210422753E-004
           2          15          17
   4.7265252116157890E-004
           2          15          18
   2.5989360595290539E-004
           2          16          16
  -1.6875678625431355E-003
           2          16          17
  -5.0483456367372880E-004
           2          16          18
   1.1049010535481491E-003
           2          17          17
   4.7755449422004601E-004
           2          17          18
   1.5342461672413908E-004
           2          18          18
   2.0927886947202457E-003
           3           3           3
  -4.2388826415540768     
           3           3           5
  -1.1487494078454226E-009
           3           3           6
  -7.6863653452111415E-003
           3           3           8
   1.3110863648995208E-009
           3           3           9
   4.2434024759105347     
           3           3          11
  -2.1461262168890678E-003
           3           3          12
   1.0555122169404192E-003
           3           3          13
  -1.8586011252383771E-003
           3           3          14
   1.0730631258705902E-003
           3           3          15
   1.0555111389494581E-003
           3           3          16
   1.8586011252567981E-003
           3           3          17
   1.0730631258749998E-003
           3           3          18
   1.0555111389507041E-003
           3           4           4
  -2.7825091020703449E-002
           3           4           7
   4.9767177104269839E-002
           3           4          10
   3.7967583777253357E-003
           3           4          13
   1.1609516105400559E-003
           3           4          14
   1.5217822492580742E-003
           3           4          15
   4.4509217029230948E-003
           3           4          16
   1.1609516105415755E-003
           3           4          17
  -1.5217822492583667E-003
           3           4          18
  -4.4509217029218284E-003
           3           5           5
  -2.7825088802536844E-002
           3           5           6
   7.8003269231331981E-010
           3           5           8
   4.9767179061354236E-002
           3           5           9
  -4.3580899212698391E-010
           3           5          11
   2.8235126085433739E-004
           3           5          12
   5.1394822015812091E-003
           3           5          13
   1.5217812908158174E-003
           3           5          14
   2.9181546765196693E-003
           3           5          15
  -2.5697407035784351E-003
           3           5          16
  -1.5217812908158313E-003
           3           5          17
   2.9181546765201056E-003
           3           5          18
  -2.5697407035776324E-003
           3           6           6
  -5.9301059463472555E-002
           3           6           8
   1.1003561649680327E-009
           3           6           9
   5.2829166985940632E-002
           3           6          11
  -3.0343852697070498E-003
           3           6          12
   4.7194205055871123E-003
           3           6          13
  -2.6278586576452827E-003
           3           6          14
   1.5171918621648417E-003
           3           6          15
   4.7194184245619103E-003
           3           6          16
   2.6278586576488692E-003
           3           6          17
   1.5171918621683116E-003
           3           6          18
   4.7194184245645003E-003
           3           7           7
  0.43662610867381263     
           3           7          10
  -2.4366336445998701E-004
           3           7          13
  -6.7485734961646778E-004
           3           7          14
   2.4895020790280452E-004
           3           7          15
  -1.0072080755161894E-002
           3           7          16
  -6.7485734962069931E-004
           3           7          17
  -2.4895020790266888E-004
           3           7          18
   1.0072080755159699E-002
           3           8           8
  0.43662611494801784     
           3           8           9
   1.2888336432058328E-010
           3           8          11
  -8.1859195199187630E-004
           3           8          12
  -1.1630239866465168E-002
           3           8          13
   2.4894989217624883E-004
           3           8          14
  -3.8739412022994454E-004
           3           8          15
   5.8151186616952509E-003
           3           8          16
  -2.4894989217744926E-004
           3           8          17
  -3.8739412023068684E-004
           3           8          18
   5.8151186616934025E-003
           3           9           9
  -4.2875005437717597     
           3           9          11
   4.9855129202944701E-003
           3           9          12
  -2.9103670849576629E-003
           3           9          13
   4.3175849656274436E-003
           3           9          14
  -2.4927559408750200E-003
           3           9          15
  -2.9103645501183488E-003
           3           9          16
  -4.3175849656447241E-003
           3           9          17
  -2.4927559408808521E-003
           3           9          18
  -2.9103645501203346E-003
           3          10          10
  -2.3671196896964024E-003
           3          10          13
  -3.5556217992006297E-004
           3          10          14
  -6.0765170620406556E-004
           3          10          15
   3.4348280360173788E-004
           3          10          16
  -3.5556217992010103E-004
           3          10          17
   6.0765170620462078E-004
           3          10          18
  -3.4348280360182396E-004
           3          11          11
  -1.5313960239188816E-006
           3          11          12
   3.4740826197631695E-005
           3          11          13
  -1.2726202466595564E-004
           3          11          14
   6.8740745160338675E-005
           3          11          15
   8.0128852288734151E-005
           3          11          16
   1.2726202466712821E-004
           3          11          17
   6.8740745160910592E-005
           3          11          18
   8.0128852288530701E-005
           3          12          12
  -4.2857026685234941E-003
           3          12          13
   2.4113512471572732E-004
           3          12          14
   2.5740106600070657E-004
           3          12          15
   7.1056832645819117E-004
           3          12          16
  -2.4113512471768352E-004
           3          12          17
   2.5740106599997186E-004
           3          12          18
   7.1056832645801878E-004
           3          13          13
  -5.9292808394815176E-004
           3          13          14
  -1.0243283897410477E-003
           3          13          15
   3.0087486143716684E-005
           3          13          16
   2.8089180225549047E-004
           3          13          17
  -2.4019440264929918E-004
           3          13          18
  -1.0234791561327267E-004
           3          14          14
  -1.7757221398813586E-003
           3          14          15
  -1.7371077593936451E-005
           3          14          16
   2.4019440264819183E-004
           3          14          17
  -5.6771316720272765E-004
           3          14          18
  -3.3752916325360035E-004
           3          15          15
  -4.2857015503068542E-003
           3          15          16
   1.0234791561086304E-004
           3          15          17
  -3.3752916325397191E-004
           3          15          18
   7.1056825394133548E-004
           3          16          16
  -5.9292808395043726E-004
           3          16          17
   1.0243283897408131E-003
           3          16          18
  -3.0087486144929256E-005
           3          17          17
  -1.7757221398829581E-003
           3          17          18
  -1.7371077594807499E-005
           3          18          18
  -4.2857015503063554E-003
           4           4           5
  -1.0080709341787131     
           4           4           6
 -0.69578809768406058     
           4           4           8
   3.4136574580336726E-002
           4           4           9
  0.14955864213513323     
           4           4          11
  0.14504572383341990     
           4           4          12
  -1.6454632135998397E-002
           4           4          13
 -0.50106036221545358     
           4           4          14
  0.41575063411827473     
           4           4          15
  0.29525459074054367     
           4           4          16
  0.50106036221535155     
           4           4          17
  0.41575063411825958     
           4           4          18
  0.29525459074051891     
           4           5           7
   3.4136558899808885E-002
           4           5          10
  0.12646382098999057     
           4           5          13
  0.42504159484866338     
           4           5          14
 -0.17238403211029413     
           4           5          15
 -0.17996526775848334     
           4           5          16
  0.42504159484867232     
           4           5          17
  0.17238403211025638     
           4           5          18
  0.17996526775847568     
           4           6           7
   6.4458121045645245E-002
           4           6          10
  -3.5471002224153076E-003
           4           6          13
  0.31129155485044685     
           4           6          14
 -0.18177202899265765     
           4           6          15
  -4.5872957328771252E-002
           4           6          16
  0.31129155485045268     
           4           6          17
  0.18177202899265787     
           4           6          18
   4.5872957328783853E-002
           4           7           8
  -8.3250833842098051E-004
           4           7           9
 -0.11275204003011530     
           4           7          11
  -4.3595641422489693E-003
           4           7          12
  -1.8459156450241943E-003
           4           7          13
   1.0838685354212270E-002
           4           7          14
  -1.2259501783856274E-002
           4           7          15
   1.8632827624608756E-004
           4           7          16
  -1.0838685354176380E-002
           4           7          17
  -1.2259501783841359E-002
           4           7          18
   1.8632827627057102E-004
           4           8          10
  -6.0017971692211108E-003
           4           8          13
  -1.1438392872779771E-002
           4           8          14
   3.1388217310309614E-003
           4           8          15
  -1.1733099187864931E-003
           4           8          16
  -1.1438392872775587E-002
           4           8          17
  -3.1388217310244137E-003
           4           8          18
   1.1733099187974006E-003
           4           9          10
  -8.0149608552996573E-003
           4           9          13
  -2.0751323142342265E-002
           4           9          14
   7.3533363632053827E-003
           4           9          15
  -8.3810967904008368E-004
           4           9          16
  -2.0751323142356726E-002
           4           9          17
  -7.3533363632174182E-003
           4           9          18
   8.3810967903879033E-004
           4          10          11
 -0.11758684256512458     
           4          10          12
   2.7402175808122434E-002
           4          10          13
   9.4432116892543168E-003
           4          10          14
  -1.8052685590318716E-003
           4          10          15
  -9.8184367186263943E-003
           4          10          16
  -9.4432116892559474E-003
           4          10          17
  -1.8052685590300062E-003
           4          10          18
  -9.8184367186273814E-003
           4          11          13
  -1.1994483626673515E-002
           4          11          14
   1.1353636610517076E-002
           4          11          15
   2.0118152853360492E-003
           4          11          16
  -1.1994483626676246E-002
           4          11          17
  -1.1353636610514476E-002
           4          11          18
  -2.0118152853385442E-003
           4          12          13
  -4.6454946361799256E-003
           4          12          14
  -6.3781469499931036E-003
           4          12          15
   3.9990046682928286E-003
           4          12          16
  -4.6454946361786428E-003
           4          12          17
   6.3781469499964447E-003
           4          12          18
  -3.9990046682922466E-003
           4          13          13
  0.48256965287476555     
           4          13          14
 -0.39820997080168347     
           4          13          15
 -0.28360507841374855     
           4          13          17
  -5.2453915040257563E-003
           4          13          18
  -3.4506097068457012E-003
           4          14          14
  0.15853317577173812     
           4          14          15
  0.17955997786688171     
           4          14          16
  -5.2453915040279664E-003
           4          14          18
  -2.8491994765906359E-004
           4          15          15
   3.8261141501149495E-002
           4          15          16
  -3.4506097068459094E-003
           4          15          17
   2.8491994765742016E-004
           4          16          16
 -0.48256965287472214     
           4          16          17
 -0.39820997080168691     
           4          16          18
 -0.28360507841374571     
           4          17          17
 -0.15853317577171652     
           4          17          18
 -0.17955997786688574     
           4          18          18
  -3.8261141501144888E-002
           5           5           5
   1.0080721220324287     
           5           5           6
 -0.69578875926924011     
           5           5           8
  -3.4136572607665304E-002
           5           5           9
  0.14955863557689614     
           5           5          11
 -0.90409119667544124     
           5           5          12
  0.39915835122564453     
           5           5          13
 -0.15629165846531751     
           5           5          14
  -3.6228496180660645E-002
           5           5          15
   8.7448432674795712E-002
           5           5          16
  0.15629165846528834     
           5           5          17
  -3.6228496180679366E-002
           5           5          18
   8.7448432674802110E-002
           5           6           6
   7.9183920874376392E-008
           5           6           8
   6.4458114187780163E-002
           5           6           9
  -6.1433858545541642E-009
           5           6          11
  0.41623843817690431     
           5           6          12
  -5.2969570779302935E-002
           5           6          13
 -0.18177206134200641     
           5           6          14
  0.10139911928483106     
           5           6          15
   2.6484747814742360E-002
           5           6          16
  0.18177206134196275     
           5           6          17
  0.10139911928479840     
           5           6          18
   2.6484747814715472E-002
           5           7           7
  -8.3250503664333841E-004
           5           7          10
  -6.0017930240560810E-003
           5           7          13
  -1.1438389165151370E-002
           5           7          14
   3.1388217957369572E-003
           5           7          15
  -1.1733135025174808E-003
           5           7          16
  -1.1438389165150276E-002
           5           7          17
  -3.1388217957286665E-003
           5           7          18
   1.1733135025216888E-003
           5           8           8
   8.3250689328456112E-004
           5           8           9
 -0.11275202719744543     
           5           8          11
   2.2141631269760879E-002
           5           8          12
   8.6373300001178549E-004
           5           8          13
   4.5610316081467709E-003
           5           8          14
   3.3684759000107761E-003
           5           8          15
  -1.1684995774630526E-003
           5           8          16
  -4.5610316081274053E-003
           5           8          17
   3.3684759000127103E-003
           5           8          18
  -1.1684995774613189E-003
           5           9           9
  -2.2442230728424297E-009
           5           9          11
  -2.4996785206490232E-002
           5           9          12
  -9.6775589024731970E-004
           5           9          13
   7.3533423411896266E-003
           5           9          14
  -1.2260413021040415E-002
           5           9          15
   4.8388232513606026E-004
           5           9          16
  -7.3533423556902365E-003
           5           9          17
  -1.2260413021006169E-002
           5           9          18
   4.8388232515633435E-004
           5          10          10
 -0.12161066965857445     
           5          10          13
   2.0664262447134968E-004
           5          10          14
   1.9861590596387917E-003
           5          10          15
  -3.3915453984893224E-003
           5          10          16
   2.0664262447104534E-004
           5          10          17
  -1.9861590596360937E-003
           5          10          18
   3.3915453984920516E-003
           5          11          11
  0.86189320973259032     
           5          11          12
 -0.38727482203072555     
           5          11          13
  -3.8965933382971991E-003
           5          11          14
   1.1800421401182126E-002
           5          11          15
  -2.1245886946103239E-003
           5          11          16
   3.8965933383078360E-003
           5          11          17
   1.1800421401189580E-002
           5          11          18
  -2.1245886946084803E-003
           5          12          12
   4.4180192177336666E-002
           5          12          13
  -9.7478175674986089E-004
           5          12          14
  -7.2975400820155271E-003
           5          12          15
   2.3088257082516592E-003
           5          12          16
   9.7478175674682956E-004
           5          12          17
  -7.2975400820196133E-003
           5          12          18
   2.3088257082484929E-003
           5          13          13
 -0.39619806322673784     
           5          13          14
  0.16201792724335062     
           5          13          15
  0.17955998855349575     
           5          13          16
  -1.9458430661947041E-002
           5          13          17
  -5.8827266184274078E-003
           5          13          18
  -5.6882703178348475E-003
           5          14          14
   2.6057348142896473E-002
           5          14          15
  -7.6266906318811528E-002
           5          14          16
   5.8827266184276481E-003
           5          14          17
  -4.5556771366569819E-003
           5          14          18
  -8.4924149594204409E-003
           5          15          15
  -2.2090066612259457E-002
           5          15          16
   5.6882703178335412E-003
           5          15          17
  -8.4924149594222901E-003
           5          15          18
  -4.6176489207304791E-003
           5          16          16
 -0.39619806322674533     
           5          16          17
 -0.16201792724334393     
           5          16          18
 -0.17955998855350505     
           5          17          17
   2.6057348142908585E-002
           5          17          18
  -7.6266906318813929E-002
           5          18          18
  -2.2090066612253635E-002
           6           6           6
   1.2413187067529714     
           6           6           8
   1.0776943645250588E-008
           6           6           9
 -0.96590569692502504     
           6           6          11
  -4.9425369362607642E-002
           6           6          12
  -7.2037465021657768E-002
           6           6          13
  -4.2803597591609344E-002
           6           6          14
   2.4712640427451263E-002
           6           6          15
  -7.2037240972374628E-002
           6           6          16
   4.2803597591528783E-002
           6           6          17
   2.4712640427446822E-002
           6           6          18
  -7.2037240972407726E-002
           6           7           7
  -3.6601930559282042E-002
           6           7          10
  -4.4609049291649645E-003
           6           7          13
   1.9627671734472737E-003
           6           7          14
  -3.7087059797495459E-003
           6           7          15
  -7.4748684586370198E-003
           6           7          16
   1.9627671734472356E-003
           6           7          17
   3.7087059797500281E-003
           6           7          18
   7.4748684586308876E-003
           6           8           8
  -3.6601921313856006E-002
           6           8           9
   1.5599784338176020E-010
           6           8          11
   4.1039955033825171E-003
           6           8          12
  -8.6312452915803840E-003
           6           8          13
  -3.7087073898199900E-003
           6           8          14
  -2.3196812295353626E-003
           6           8          15
   4.3156168233505340E-003
           6           8          16
   3.7087073898177778E-003
           6           8          17
  -2.3196812295367669E-003
           6           8          18
   4.3156168233486987E-003
           6           9           9
  0.89276237562664973     
           6           9          11
   5.8816448464865732E-004
           6           9          12
   6.7713873211306206E-003
           6           9          13
   5.0937033256265958E-004
           6           9          14
  -2.9407967911714147E-004
           6           9          15
   6.7713832961613270E-003
           6           9          16
  -5.0937033252673519E-004
           6           9          17
  -2.9407967910573360E-004
           6           9          18
   6.7713832961742394E-003
           6          10          10
   2.6825703972603216E-002
           6          10          13
  -9.9754618848328178E-003
           6          10          14
  -4.0700366837585749E-003
           6          10          15
   5.5893141706091299E-003
           6          10          16
  -9.9754618848325021E-003
           6          10          17
   4.0700366837570136E-003
           6          10          18
  -5.5893141706085392E-003
           6          11          11
 -0.39506333273033500     
           6          11          12
   5.0121076344402833E-002
           6          11          13
   8.9181820803764626E-003
           6          11          14
  -1.2774543862554897E-002
           6          11          15
   8.7525702904814871E-004
           6          11          16
  -8.9181820803750644E-003
           6          11          17
  -1.2774543862556026E-002
           6          11          18
   8.7525702904992842E-004
           6          12          12
   6.0273016576690035E-002
           6          12          13
   3.5526511448943053E-003
           6          12          14
   4.4028610667783494E-003
           6          12          15
   1.3682047137391555E-004
           6          12          16
  -3.5526511448934249E-003
           6          12          17
   4.4028610667773580E-003
           6          12          18
   1.3682047137527357E-004
           6          13          13
 -0.28959057964466789     
           6          13          14
  0.18268288684838485     
           6          13          15
   4.3406090578816975E-002
           6          13          16
  -1.4174080323620233E-002
           6          13          17
  -6.4940921837890030E-003
           6          13          18
  -2.0366559099613698E-003
           6          14          14
  -7.8646389087633023E-002
           6          14          15
  -2.5060501432924570E-002
           6          14          16
   6.4940921837891852E-003
           6          14          17
  -8.5759210530807883E-003
           6          14          18
  -5.2781124603440768E-003
           6          15          15
   6.0272789808726343E-002
           6          15          16
   2.0366559099610393E-003
           6          15          17
  -5.2781124603428556E-003
           6          15          18
   1.3682831877007259E-004
           6          16          16
 -0.28959057964466545     
           6          16          17
 -0.18268288684838446     
           6          16          18
  -4.3406090578814276E-002
           6          17          17
  -7.8646389087628388E-002
           6          17          18
  -2.5060501432929826E-002
           6          18          18
   6.0272789808735246E-002
           7           7           8
  -1.3414443766912714E-002
           7           7           9
 -0.41659141413766693     
           7           7          11
   1.6479217380325280E-004
           7           7          12
  -3.3765269827677122E-003
           7           7          13
  -2.5362211418870993E-004
           7           7          14
   5.1681106143594904E-003
           7           7          15
   9.9718791208832994E-003
           7           7          16
   2.5362211417380312E-004
           7           7          17
   5.1681106143492920E-003
           7           7          18
   9.9718791208747090E-003
           7           8          10
   5.0216813895383313E-003
           7           8          13
   2.7396675451364879E-003
           7           8          14
   1.3175217895769089E-003
           7           8          15
  -7.7067036093322397E-003
           7           8          16
   2.7396675451340537E-003
           7           8          17
  -1.3175217895769018E-003
           7           8          18
   7.7067036093271275E-003
           7           9          10
  -8.2661598458834721E-005
           7           9          13
   6.5352008435381045E-003
           7           9          14
  -3.8208222557292340E-003
           7           9          15
  -9.6953455707845318E-003
           7           9          16
   6.5352008435366820E-003
           7           9          17
   3.8208222557298932E-003
           7           9          18
   9.6953455707850938E-003
           7          10          11
   3.7610041360635338E-003
           7          10          12
   7.2405975685236020E-003
           7          10          13
  -1.8499240151649950E-004
           7          10          14
  -1.6761871583400303E-003
           7          10          15
  -1.2266836104622564E-003
           7          10          16
   1.8499240151727291E-004
           7          10          17
  -1.6761871583404939E-003
           7          10          18
  -1.2266836104624201E-003
           7          11          13
  -3.1238486801163216E-004
           7          11          14
  -5.5090602866458838E-005
           7          11          15
   6.7427288788118346E-004
           7          11          16
  -3.1238486801036863E-004
           7          11          17
   5.5090602865535748E-005
           7          11          18
  -6.7427288788102506E-004
           7          12          13
  -1.2890739213802414E-003
           7          12          14
  -6.5220105192321806E-003
           7          12          15
   1.7325681899814423E-003
           7          12          16
  -1.2890739213802613E-003
           7          12          17
   6.5220105192309785E-003
           7          12          18
  -1.7325681899819914E-003
           7          13          13
  -1.1084487909750192E-002
           7          13          14
   9.4730314916298825E-003
           7          13          15
  -1.0340444318337945E-002
           7          13          17
  -8.8178520713678077E-004
           7          13          18
   3.8064070390764603E-003
           7          14          14
  -4.4887914508373698E-003
           7          14          15
   1.0150415720955600E-002
           7          14          16
  -8.8178520713748268E-004
           7          14          18
   3.6521728315845742E-003
           7          15          15
   2.5509726460860426E-002
           7          15          16
   3.8064070390775862E-003
           7          15          17
  -3.6521728315846019E-003
           7          16          16
   1.1084487909748768E-002
           7          16          17
   9.4730314916305625E-003
           7          16          18
  -1.0340444318348777E-002
           7          17          17
   4.4887914508317745E-003
           7          17          18
  -1.0150415720953468E-002
           7          18          18
  -2.5509726460857942E-002
           8           8           8
   1.3414442212032970E-002
           8           8           9
 -0.41659142218718592     
           8           8          11
  -3.7931947240655789E-003
           8           8          12
   1.4421345725071991E-002
           8           8          13
  -2.8886653952989510E-003
           8           8          14
  -3.3539083283447928E-003
           8           8          15
   1.0729400899267519E-003
           8           8          16
   2.8886653952760509E-003
           8           8          17
  -3.3539083283516502E-003
           8           8          18
   1.0729400899254034E-003
           8           9           9
   8.9482279320657226E-009
           8           9          11
   8.7411482100818207E-003
           8           9          12
  -1.1195229156749873E-002
           8           9          13
  -3.8208247652298500E-003
           8           9          14
   2.1232902243108354E-003
           8           9          15
   5.5976097895795683E-003
           8           9          16
   3.8208247652199417E-003
           8           9          17
   2.1232902243050020E-003
           8           9          18
   5.5976097895801061E-003
           8          10          10
   2.3858157487708989E-003
           8          10          13
  -9.8859098569116640E-004
           8          10          14
  -4.5864835877744637E-004
           8          10          15
  -6.5580322917075783E-003
           8          10          16
  -9.8859098569000175E-004
           8          10          17
   4.5864835877735188E-004
           8          10          18
   6.5580322917074899E-003
           8          11          11
  -2.0368293724393402E-002
           8          11          12
  -1.6200788971925836E-002
           8          11          13
   3.2874325253258631E-004
           8          11          14
   8.4998040243158487E-004
           8          11          15
   2.0871180199149904E-003
           8          11          16
  -3.2874325253062997E-004
           8          11          17
   8.4998040243041144E-004
           8          11          18
   2.0871180199133654E-003
           8          12          12
   2.9456113632222395E-002
           8          12          13
   7.1029347140570296E-004
           8          12          14
   2.1495108072956191E-003
           8          12          15
   1.0002999666169892E-003
           8          12          16
  -7.1029347140771969E-004
           8          12          17
   2.1495108072953554E-003
           8          12          18
   1.0002999666176701E-003
           8          13          13
   1.0160628980887709E-002
           8          13          14
  -3.2978426192919259E-003
           8          13          15
   1.0150416959675397E-002
           8          13          16
  -8.9317303254356239E-004
           8          13          17
   7.8739133285982642E-004
           8          13          18
  -3.5801279592480662E-003
           8          14          14
  -1.1693939520607925E-003
           8          14          15
   1.3802493792015218E-003
           8          14          16
  -7.8739133285950832E-004
           8          14          17
   1.1703952424532086E-003
           8          14          18
  -2.9459748943964307E-003
           8          15          15
  -1.4728044169853554E-002
           8          15          16
   3.5801279592499961E-003
           8          15          17
  -2.9459748943943616E-003
           8          15          18
  -2.0006008027313054E-003
           8          16          16
   1.0160628980895658E-002
           8          16          17
   3.2978426192947028E-003
           8          16          18
  -1.0150416959671962E-002
           8          17          17
  -1.1693939520630520E-003
           8          17          18
   1.3802493792026702E-003
           8          18          18
  -1.4728044169853464E-002
           9           9           9
   3.3695116463874206     
           9           9          11
  -1.4507166149392898E-002
           9           9          12
   8.4088504478177107E-003
           9           9          13
  -1.2563585476125365E-002
           9           9          14
   7.2535783077108161E-003
           9           9          15
   8.4088406748493594E-003
           9           9          16
   1.2563585476103459E-002
           9           9          17
   7.2535783077075739E-003
           9           9          18
   8.4088406748400561E-003
           9          10          10
   6.8453199515206460E-003
           9          10          13
   8.0420545016408494E-004
           9          10          14
   3.1211418403922215E-003
           9          10          15
   2.2984627499005351E-003
           9          10          16
   8.0420545016334378E-004
           9          10          17
  -3.1211418403913407E-003
           9          10          18
  -2.2984627499006336E-003
           9          11          11
   1.9164420778373839E-002
           9          11          12
   1.1212287549828625E-002
           9          11          13
  -1.1258562858049632E-003
           9          11          14
  -3.4777186387555787E-004
           9          11          15
  -1.1394002985735910E-003
           9          11          16
   1.1258562858043220E-003
           9          11          17
  -3.4777186387353670E-004
           9          11          18
  -1.1394002985736481E-003
           9          12          12
  -1.2128496889804266E-002
           9          12          13
   1.6248098056829440E-004
           9          12          14
   2.5602269152544114E-003
           9          12          15
  -7.0686968538836515E-005
           9          12          16
  -1.6248098056554874E-004
           9          12          17
   2.5602269152552224E-003
           9          12          18
  -7.0686968539268461E-005
           9          13          13
   1.6084632539027498E-002
           9          13          14
  -5.3343199685498277E-003
           9          13          15
   9.7101290737411656E-003
           9          13          16
  -9.2375857822808846E-004
           9          13          17
   2.1234973401500581E-003
           9          13          18
  -2.1359789581434762E-003
           9          14          14
   9.9250913302188441E-003
           9          14          15
  -5.6061430350328890E-003
           9          14          16
  -2.1234973401516042E-003
           9          14          17
   1.3801941010780636E-003
           9          14          18
  -1.4208269022955209E-003
           9          15          15
  -1.2128482202077118E-002
           9          15          16
   2.1359789581486101E-003
           9          15          17
  -1.4208269022945681E-003
           9          15          18
  -7.0689981504866613E-005
           9          16          16
   1.6084632539036137E-002
           9          16          17
   5.3343199685529502E-003
           9          16          18
  -9.7101290737363639E-003
           9          17          17
   9.9250913302191754E-003
           9          17          18
  -5.6061430350289911E-003
           9          18          18
  -1.2128482202074398E-002
          10          10          11
  0.10611674780656831     
          10          10          12
  -3.8407156511318416E-002
          10          10          13
   5.2923147997728124E-004
          10          10          14
   6.9275269904558769E-003
          10          10          15
   3.5516262794037436E-003
          10          10          16
  -5.2923147997683087E-004
          10          10          17
   6.9275269904573765E-003
          10          10          18
   3.5516262794041010E-003
          10          11          13
   4.2500932842125302E-003
          10          11          14
  -2.0220276326391812E-002
          10          11          15
   5.7743938039837676E-003
          10          11          16
   4.2500932842138980E-003
          10          11          17
   2.0220276326388332E-002
          10          11          18
  -5.7743938039835152E-003
          10          12          13
   2.1244368135612222E-003
          10          12          14
   4.4124685994806154E-003
          10          12          15
  -1.8039967852170034E-004
          10          12          16
   2.1244368135626144E-003
          10          12          17
  -4.4124685994814073E-003
          10          12          18
   1.8039967852196824E-004
          10          13          13
  -9.9331052621870076E-003
          10          13          14
  -6.0348169001072996E-003
          10          13          15
   9.5582964073218542E-003
          10          13          17
   2.5272122640993119E-003
          10          13          18
  -2.1559145581798419E-003
          10          14          14
   1.8631469380253753E-002
          10          14          15
   1.2052780227523761E-004
          10          14          16
   2.5272122641013120E-003
          10          14          18
  -2.9764493794000799E-003
          10          15          15
  -8.0508600972519617E-003
          10          15          16
  -2.1559145581799850E-003
          10          15          17
   2.9764493793993790E-003
          10          16          16
   9.9331052621857204E-003
          10          16          17
  -6.0348169001094836E-003
          10          16          18
   9.5582964073205809E-003
          10          17          17
  -1.8631469380253837E-002
          10          17          18
  -1.2052780227528423E-004
          10          18          18
   8.0508600972488027E-003
          11          11          11
 -0.85147871857563517     
          11          11          12
  0.37952558541015841     
          11          11          13
  -1.0088767507702382E-003
          11          11          14
   3.3934073393442187E-003
          11          11          15
  -1.8125718825063126E-003
          11          11          16
   1.0088767507682268E-003
          11          11          17
   3.3934073393502313E-003
          11          11          18
  -1.8125718825055624E-003
          11          12          12
  -5.2493475200726489E-002
          11          12          13
  -2.5161750172852980E-003
          11          12          14
   1.0941428490379091E-002
          11          12          15
  -4.4373152611260529E-003
          11          12          16
   2.5161750172879851E-003
          11          12          17
   1.0941428490378160E-002
          11          12          18
  -4.4373152611262134E-003
          11          13          13
   9.2640231675148108E-003
          11          13          14
   6.7070493941035914E-003
          11          13          15
  -6.8081110697621443E-003
          11          13          16
  -1.1705999642228253E-003
          11          13          17
  -2.1349328387429904E-003
          11          13          18
   1.6592225930315856E-003
          11          14          14
  -1.4839872838095132E-002
          11          14          15
   3.5075598982057788E-003
          11          14          16
   2.1349328387438001E-003
          11          14          17
  -1.2946123469591154E-003
          11          14          18
  -1.3954132781344088E-003
          11          15          15
   3.0127521483681481E-003
          11          15          16
  -1.6592225930325652E-003
          11          15          17
  -1.3954132781348937E-003
          11          15          18
   1.6085772341634180E-003
          11          16          16
   9.2640231675137491E-003
          11          16          17
  -6.7070493941040546E-003
          11          16          18
   6.8081110697618390E-003
          11          17          17
  -1.4839872838090594E-002
          11          17          18
   3.5075598982062515E-003
          11          18          18
   3.0127521483698516E-003
          12          12          12
  -4.1229877686206021E-002
          12          12          13
  -1.4163083081736492E-003
          12          12          14
  -8.4786251874066475E-003
          12          12          15
  -1.3144690397764568E-003
          12          12          16
   1.4163083081697690E-003
          12          12          17
  -8.4786251874078653E-003
          12          12          18
  -1.3144690397770623E-003
          12          13          13
   4.5292513578829418E-003
          12          13          14
   5.2099639575984048E-003
          12          13          15
  -3.9330290686702251E-003
          12          13          16
  -1.0151637175289409E-003
          12          13          17
  -2.3178354640825765E-003
          12          13          18
   1.3930701462104816E-003
          12          14          14
  -2.7901948990555845E-003
          12          14          15
   2.0624261063819363E-003
          12          14          16
   2.3178354640838285E-003
          12          14          17
  -2.5361676949502022E-003
          12          14          18
  -8.0428999841236875E-004
          12          15          15
  -1.3144651681871598E-003
          12          15          16
  -1.3930701462104328E-003
          12          15          17
  -8.0428999841261075E-004
          12          15          18
   1.8522323786441133E-003
          12          16          16
   4.5292513578830702E-003
          12          16          17
  -5.2099639576004128E-003
          12          16          18
   3.9330290686697160E-003
          12          17          17
  -2.7901948990584182E-003
          12          17          18
   2.0624261063811287E-003
          12          18          18
  -1.3144651681892168E-003
          13          13          13
 -0.48412643203506489     
          13          13          14
  0.38562681513068597     
          13          13          15
  0.27504191594523886     
          13          13          16
   2.1021638349057327E-002
          13          13          17
  -7.1658369854070668E-003
          13          13          18
  -5.4722939499857858E-003
          13          14          14
 -0.16137529312177201     
          13          14          15
 -0.18096976589916941     
          13          14          16
   1.0810435548266221E-002
          13          14          17
  -4.5566755090047668E-003
          13          14          18
  -5.6443694658327224E-004
          13          15          15
  -4.5460655479570150E-002
          13          15          16
   7.9160551965983556E-003
          13          15          17
  -8.2762805401036125E-004
          13          15          18
  -3.7526231898013366E-003
          13          16          16
  -2.1021637425438229E-002
          13          16          17
   1.0810435573979553E-002
          13          16          18
   7.9160552098914913E-003
          13          17          17
   1.1843628195868408E-002
          13          17          18
   7.7562532990052523E-003
          13          18          18
   6.6345362539478548E-003
          14          14          14
  -1.2946385469530221E-002
          14          14          15
   6.6075868024915954E-002
          14          14          16
  -1.1843628358593823E-002
          14          14          17
   2.4207495336065134E-003
          14          14          18
   7.2113464139597714E-003
          14          15          15
   2.6246700701729242E-002
          14          15          16
  -7.7562531882727345E-003
          14          15          17
   5.1498039790802150E-003
          14          15          18
   2.3748894915051185E-003
          14          16          16
  -7.1658373450350955E-003
          14          16          17
   4.5566753130614132E-003
          14          16          18
   8.2762804510605557E-004
          14          17          17
   2.4207494570621241E-003
          14          17          18
   5.1498040492019117E-003
          14          18          18
   5.4658694328657215E-003
          15          15          15
  -4.1229671413030342E-002
          15          15          16
  -6.6345362036159018E-003
          15          15          17
   5.4658692810339547E-003
          15          15          18
  -1.3144695115937675E-003
          15          16          16
  -5.4722936681777783E-003
          15          16          17
   5.6443692935367299E-004
          15          16          18
   3.7526234449487641E-003
          15          17          17
   7.2113462808061982E-003
          15          17          18
   2.3748895162354305E-003
          15          18          18
  -1.3144694348228617E-003
          16          16          16
  0.48412643203497324     
          16          16          17
  0.38562681513067520     
          16          16          18
  0.27504191594523253     
          16          17          17
  0.16137529312177623     
          16          17          18
  0.18096976589916872     
          16          18          18
   4.5460655479533457E-002
          17          17          17
  -1.2946385469531835E-002
          17          17          18
   6.6075868024908974E-002
          17          18          18
   2.6246700701721845E-002
          18          18          18
  -4.1229671413044337E-002
 NEW_PROPERTY
 ORDER
           2
 NUM_FREQ_CFGS
           1
 OPERATORS
 GEO 
 GEO 
 NUM_COMPONENTS
          18
          18
 FREQUENCIES
 CONFIGURATION
   0.0000000000000000     
   0.0000000000000000     
 VALUES
 CONFIGURATION
           1           1
   6.0325413809117490E-002
           1           4
   2.1711473285497669E-002
           1           7
  -8.1985920590749606E-002
           1          10
   8.5607004530511362E-004
           1          13
  -4.5351898217865078E-004
           1          14
   7.5609032401794481E-004
           1          15
  -4.1390719336226438E-003
           1          16
  -4.5351898217889093E-004
           1          17
  -7.5609032401740986E-004
           1          18
   4.1390719336239015E-003
           2           2
   6.0325413950320539E-002
           2           3
  -5.4036130774480314E-010
           2           5
   2.1711475324200914E-002
           2           6
   5.3088099755733652E-010
           2           8
  -8.1985920575444182E-002
           2           9
   1.1468169073933104E-009
           2          11
  -8.9004992793185632E-004
           2          12
  -4.7793904117457327E-003
           2          13
   7.5609107819238992E-004
           2          14
   4.1954100456513213E-004
           2          15
   2.3896946371289910E-003
           2          16
  -7.5609107819260839E-004
           2          17
   4.1954100456537678E-004
           2          18
   2.3896946371287455E-003
           3           3
   1.2550812396968138     
           3           5
   2.0074404793078172E-009
           3           6
   7.9235833569142600E-004
           3           8
   3.9712078503874188E-010
           3           9
  -1.2523365326634144     
           3          11
  -1.8762073593114592E-003
           3          12
  -1.1790220733004144E-003
           3          13
  -1.6248436782067485E-003
           3          14
   9.3810227498745524E-004
           3          15
  -1.1790225269227000E-003
           3          16
   1.6248436782012542E-003
           3          17
   9.3810227498620916E-004
           3          18
  -1.1790225269223947E-003
           4           4
  0.59531717472168322     
           4           7
  -8.3935098110802020E-002
           4          10
  -5.5179333868668329E-002
           4          13
 -0.23895710850406687     
           4          14
  0.10610405824379276     
           4          15
   7.3010416948747936E-002
           4          16
 -0.23895710850406118     
           4          17
 -0.10610405824379462     
           4          18
  -7.3010416948747811E-002
           5           5
  0.59531766674464182     
           5           6
  -2.5948839772128044E-007
           5           8
  -8.3935106840444987E-002
           5           9
   1.0677554859705068E-008
           5          11
 -0.30021682712512410     
           5          12
   8.4305397189640585E-002
           5          13
  0.10610407008644065     
           5          14
 -0.11643860439230591     
           5          15
  -4.2152575221449773E-002
           5          16
 -0.10610407008644616     
           5          17
 -0.11643860439229362     
           5          18
  -4.2152575221449752E-002
           6           6
  0.55327597777650372     
           6           8
  -5.2430803853665018E-009
           6           9
 -0.29678707352789085     
           6          11
   8.5783810186084775E-002
           6          12
  -8.5760437884355362E-002
           6          13
   7.4290751322872176E-002
           6          14
  -4.2891773391341807E-002
           6          15
  -8.5760413455019308E-002
           6          16
  -7.4290751322875812E-002
           6          17
  -4.2891773391344229E-002
           6          18
  -8.5760413455023388E-002
           7           7
  0.16028293905113677     
           7          10
  -2.1982947203793156E-003
           7          13
   3.9181872748195248E-003
           7          14
  -3.5313485984422646E-003
           7          15
   3.3589028572532029E-002
           7          16
   3.9181872748227098E-003
           7          17
   3.5313485984404987E-003
           7          18
  -3.3589028572531959E-002
           8           8
  0.16028293476032696     
           8           9
  -5.5622278555620231E-009
           8          11
   5.9570253948500324E-003
           8          12
   3.8785282002873553E-002
           8          13
  -3.5313490638832212E-003
           8          14
  -1.5946698467782586E-004
           8          15
  -1.9392635800781252E-002
           8          16
   3.5313490638811847E-003
           8          17
  -1.5946698467732105E-004
           8          18
  -1.9392635800781079E-002
           9           9
   1.6030810758665401     
           9          11
   1.2424982742046814E-003
           9          12
  -1.7985825896810848E-002
           9          13
   1.0760485377029477E-003
           9          14
  -6.2125167837034923E-004
           9          15
  -1.7985820609489847E-002
           9          16
  -1.0760485376943366E-003
           9          17
  -6.2125167836701856E-004
           9          18
  -1.7985820609489903E-002
          10          10
   5.2376129010123937E-002
          10          13
   2.0727145845004617E-003
          10          14
   2.6699679783060322E-002
          10          15
  -1.1271953596263335E-002
          10          16
   2.0727145844995553E-003
          10          17
  -2.6699679783056613E-002
          10          18
   1.1271953596264374E-002
          11          11
  0.32016852226644976     
          11          12
  -9.4241819380674996E-002
          11          13
  -1.4428091206588594E-003
          11          14
  -1.2509335459104065E-002
          11          15
   4.5458590412766724E-003
          11          16
   1.4428091206576022E-003
          11          17
  -1.2509335459101685E-002
          11          18
   4.5458590412762075E-003
          12          12
   9.4950661021751009E-002
          12          13
  -1.6991443941799058E-003
          12          14
  -1.2034734559719706E-002
          12          15
   4.9873124164751710E-003
          12          16
   1.6991443941803781E-003
          12          17
  -1.2034734559717184E-002
          12          18
   4.9873124164754503E-003
          13          13
  0.25322006432740540     
          13          14
 -0.11595724145418664     
          13          15
  -8.1615615966858401E-002
          13          16
  -1.9800338700438000E-002
          13          17
   1.4071238298191706E-002
          13          18
   9.5728040245172657E-003
          14          14
  0.11932412039459581     
          14          15
   4.7120784286646324E-002
          14          16
  -1.4071238293858019E-002
          14          17
   9.3637454369676614E-003
          14          18
   7.4888730571636289E-003
          15          15
   9.4950635300557126E-002
          15          16
  -9.5728039756324233E-003
          15          17
   7.4888730816646508E-003
          15          18
   4.9873088743957218E-003
          16          16
  0.25322006432744060     
          16          17
  0.11595724145420447     
          16          18
   8.1615615966848853E-002
          17          17
  0.11932412039462098     
          17          18
   4.7120784286649259E-002
          18          18
   9.4950635300529787E-002
