Generated with:
            getcwd:        /home/vlew/mock2D/spectra/hcoh_HFccpVDZ_Gaussian
            __file__:      /home/vlew/mock2D/mock2D/spectrum/c2DIRmain.py
            sys.argv:      ./hcoh_HFcc_pVDZ_Gaussian.py


Grid:
(24, 77, 2)
[[1580. 2870.]	[[1583. 2870.]	[[1586. 2870.]	[[1589. 2870.]	[[1592. 2870.]	[[1595. 2870.]	[[1598. 2870.]	[[1601. 2870.]	[[1604. 2870.]	[[1607. 2870.]	[[1610. 2870.]	[[1613. 2870.]	[[1616. 2870.]	[[1619. 2870.]	[[1622. 2870.]	[[1625. 2870.]	[[1628. 2870.]	[[1631. 2870.]	[[1634. 2870.]	[[1637. 2870.]	[[1640. 2870.]	[[1643. 2870.]	[[1646. 2870.]	[[1649. 2870.]
 [1580. 2873.]	 [1583. 2873.]	 [1586. 2873.]	 [1589. 2873.]	 [1592. 2873.]	 [1595. 2873.]	 [1598. 2873.]	 [1601. 2873.]	 [1604. 2873.]	 [1607. 2873.]	 [1610. 2873.]	 [1613. 2873.]	 [1616. 2873.]	 [1619. 2873.]	 [1622. 2873.]	 [1625. 2873.]	 [1628. 2873.]	 [1631. 2873.]	 [1634. 2873.]	 [1637. 2873.]	 [1640. 2873.]	 [1643. 2873.]	 [1646. 2873.]	 [1649. 2873.]
 [1580. 2876.]	 [1583. 2876.]	 [1586. 2876.]	 [1589. 2876.]	 [1592. 2876.]	 [1595. 2876.]	 [1598. 2876.]	 [1601. 2876.]	 [1604. 2876.]	 [1607. 2876.]	 [1610. 2876.]	 [1613. 2876.]	 [1616. 2876.]	 [1619. 2876.]	 [1622. 2876.]	 [1625. 2876.]	 [1628. 2876.]	 [1631. 2876.]	 [1634. 2876.]	 [1637. 2876.]	 [1640. 2876.]	 [1643. 2876.]	 [1646. 2876.]	 [1649. 2876.]
 [1580. 2879.]	 [1583. 2879.]	 [1586. 2879.]	 [1589. 2879.]	 [1592. 2879.]	 [1595. 2879.]	 [1598. 2879.]	 [1601. 2879.]	 [1604. 2879.]	 [1607. 2879.]	 [1610. 2879.]	 [1613. 2879.]	 [1616. 2879.]	 [1619. 2879.]	 [1622. 2879.]	 [1625. 2879.]	 [1628. 2879.]	 [1631. 2879.]	 [1634. 2879.]	 [1637. 2879.]	 [1640. 2879.]	 [1643. 2879.]	 [1646. 2879.]	 [1649. 2879.]
 [1580. 2882.]	 [1583. 2882.]	 [1586. 2882.]	 [1589. 2882.]	 [1592. 2882.]	 [1595. 2882.]	 [1598. 2882.]	 [1601. 2882.]	 [1604. 2882.]	 [1607. 2882.]	 [1610. 2882.]	 [1613. 2882.]	 [1616. 2882.]	 [1619. 2882.]	 [1622. 2882.]	 [1625. 2882.]	 [1628. 2882.]	 [1631. 2882.]	 [1634. 2882.]	 [1637. 2882.]	 [1640. 2882.]	 [1643. 2882.]	 [1646. 2882.]	 [1649. 2882.]
 [1580. 2885.]	 [1583. 2885.]	 [1586. 2885.]	 [1589. 2885.]	 [1592. 2885.]	 [1595. 2885.]	 [1598. 2885.]	 [1601. 2885.]	 [1604. 2885.]	 [1607. 2885.]	 [1610. 2885.]	 [1613. 2885.]	 [1616. 2885.]	 [1619. 2885.]	 [1622. 2885.]	 [1625. 2885.]	 [1628. 2885.]	 [1631. 2885.]	 [1634. 2885.]	 [1637. 2885.]	 [1640. 2885.]	 [1643. 2885.]	 [1646. 2885.]	 [1649. 2885.]
 [1580. 2888.]	 [1583. 2888.]	 [1586. 2888.]	 [1589. 2888.]	 [1592. 2888.]	 [1595. 2888.]	 [1598. 2888.]	 [1601. 2888.]	 [1604. 2888.]	 [1607. 2888.]	 [1610. 2888.]	 [1613. 2888.]	 [1616. 2888.]	 [1619. 2888.]	 [1622. 2888.]	 [1625. 2888.]	 [1628. 2888.]	 [1631. 2888.]	 [1634. 2888.]	 [1637. 2888.]	 [1640. 2888.]	 [1643. 2888.]	 [1646. 2888.]	 [1649. 2888.]
 [1580. 2891.]	 [1583. 2891.]	 [1586. 2891.]	 [1589. 2891.]	 [1592. 2891.]	 [1595. 2891.]	 [1598. 2891.]	 [1601. 2891.]	 [1604. 2891.]	 [1607. 2891.]	 [1610. 2891.]	 [1613. 2891.]	 [1616. 2891.]	 [1619. 2891.]	 [1622. 2891.]	 [1625. 2891.]	 [1628. 2891.]	 [1631. 2891.]	 [1634. 2891.]	 [1637. 2891.]	 [1640. 2891.]	 [1643. 2891.]	 [1646. 2891.]	 [1649. 2891.]
 [1580. 2894.]	 [1583. 2894.]	 [1586. 2894.]	 [1589. 2894.]	 [1592. 2894.]	 [1595. 2894.]	 [1598. 2894.]	 [1601. 2894.]	 [1604. 2894.]	 [1607. 2894.]	 [1610. 2894.]	 [1613. 2894.]	 [1616. 2894.]	 [1619. 2894.]	 [1622. 2894.]	 [1625. 2894.]	 [1628. 2894.]	 [1631. 2894.]	 [1634. 2894.]	 [1637. 2894.]	 [1640. 2894.]	 [1643. 2894.]	 [1646. 2894.]	 [1649. 2894.]
 [1580. 2897.]	 [1583. 2897.]	 [1586. 2897.]	 [1589. 2897.]	 [1592. 2897.]	 [1595. 2897.]	 [1598. 2897.]	 [1601. 2897.]	 [1604. 2897.]	 [1607. 2897.]	 [1610. 2897.]	 [1613. 2897.]	 [1616. 2897.]	 [1619. 2897.]	 [1622. 2897.]	 [1625. 2897.]	 [1628. 2897.]	 [1631. 2897.]	 [1634. 2897.]	 [1637. 2897.]	 [1640. 2897.]	 [1643. 2897.]	 [1646. 2897.]	 [1649. 2897.]
 [1580. 2900.]	 [1583. 2900.]	 [1586. 2900.]	 [1589. 2900.]	 [1592. 2900.]	 [1595. 2900.]	 [1598. 2900.]	 [1601. 2900.]	 [1604. 2900.]	 [1607. 2900.]	 [1610. 2900.]	 [1613. 2900.]	 [1616. 2900.]	 [1619. 2900.]	 [1622. 2900.]	 [1625. 2900.]	 [1628. 2900.]	 [1631. 2900.]	 [1634. 2900.]	 [1637. 2900.]	 [1640. 2900.]	 [1643. 2900.]	 [1646. 2900.]	 [1649. 2900.]
 [1580. 2903.]	 [1583. 2903.]	 [1586. 2903.]	 [1589. 2903.]	 [1592. 2903.]	 [1595. 2903.]	 [1598. 2903.]	 [1601. 2903.]	 [1604. 2903.]	 [1607. 2903.]	 [1610. 2903.]	 [1613. 2903.]	 [1616. 2903.]	 [1619. 2903.]	 [1622. 2903.]	 [1625. 2903.]	 [1628. 2903.]	 [1631. 2903.]	 [1634. 2903.]	 [1637. 2903.]	 [1640. 2903.]	 [1643. 2903.]	 [1646. 2903.]	 [1649. 2903.]
 [1580. 2906.]	 [1583. 2906.]	 [1586. 2906.]	 [1589. 2906.]	 [1592. 2906.]	 [1595. 2906.]	 [1598. 2906.]	 [1601. 2906.]	 [1604. 2906.]	 [1607. 2906.]	 [1610. 2906.]	 [1613. 2906.]	 [1616. 2906.]	 [1619. 2906.]	 [1622. 2906.]	 [1625. 2906.]	 [1628. 2906.]	 [1631. 2906.]	 [1634. 2906.]	 [1637. 2906.]	 [1640. 2906.]	 [1643. 2906.]	 [1646. 2906.]	 [1649. 2906.]
 [1580. 2909.]	 [1583. 2909.]	 [1586. 2909.]	 [1589. 2909.]	 [1592. 2909.]	 [1595. 2909.]	 [1598. 2909.]	 [1601. 2909.]	 [1604. 2909.]	 [1607. 2909.]	 [1610. 2909.]	 [1613. 2909.]	 [1616. 2909.]	 [1619. 2909.]	 [1622. 2909.]	 [1625. 2909.]	 [1628. 2909.]	 [1631. 2909.]	 [1634. 2909.]	 [1637. 2909.]	 [1640. 2909.]	 [1643. 2909.]	 [1646. 2909.]	 [1649. 2909.]
 [1580. 2912.]	 [1583. 2912.]	 [1586. 2912.]	 [1589. 2912.]	 [1592. 2912.]	 [1595. 2912.]	 [1598. 2912.]	 [1601. 2912.]	 [1604. 2912.]	 [1607. 2912.]	 [1610. 2912.]	 [1613. 2912.]	 [1616. 2912.]	 [1619. 2912.]	 [1622. 2912.]	 [1625. 2912.]	 [1628. 2912.]	 [1631. 2912.]	 [1634. 2912.]	 [1637. 2912.]	 [1640. 2912.]	 [1643. 2912.]	 [1646. 2912.]	 [1649. 2912.]
 [1580. 2915.]	 [1583. 2915.]	 [1586. 2915.]	 [1589. 2915.]	 [1592. 2915.]	 [1595. 2915.]	 [1598. 2915.]	 [1601. 2915.]	 [1604. 2915.]	 [1607. 2915.]	 [1610. 2915.]	 [1613. 2915.]	 [1616. 2915.]	 [1619. 2915.]	 [1622. 2915.]	 [1625. 2915.]	 [1628. 2915.]	 [1631. 2915.]	 [1634. 2915.]	 [1637. 2915.]	 [1640. 2915.]	 [1643. 2915.]	 [1646. 2915.]	 [1649. 2915.]
 [1580. 2918.]	 [1583. 2918.]	 [1586. 2918.]	 [1589. 2918.]	 [1592. 2918.]	 [1595. 2918.]	 [1598. 2918.]	 [1601. 2918.]	 [1604. 2918.]	 [1607. 2918.]	 [1610. 2918.]	 [1613. 2918.]	 [1616. 2918.]	 [1619. 2918.]	 [1622. 2918.]	 [1625. 2918.]	 [1628. 2918.]	 [1631. 2918.]	 [1634. 2918.]	 [1637. 2918.]	 [1640. 2918.]	 [1643. 2918.]	 [1646. 2918.]	 [1649. 2918.]
 [1580. 2921.]	 [1583. 2921.]	 [1586. 2921.]	 [1589. 2921.]	 [1592. 2921.]	 [1595. 2921.]	 [1598. 2921.]	 [1601. 2921.]	 [1604. 2921.]	 [1607. 2921.]	 [1610. 2921.]	 [1613. 2921.]	 [1616. 2921.]	 [1619. 2921.]	 [1622. 2921.]	 [1625. 2921.]	 [1628. 2921.]	 [1631. 2921.]	 [1634. 2921.]	 [1637. 2921.]	 [1640. 2921.]	 [1643. 2921.]	 [1646. 2921.]	 [1649. 2921.]
 [1580. 2924.]	 [1583. 2924.]	 [1586. 2924.]	 [1589. 2924.]	 [1592. 2924.]	 [1595. 2924.]	 [1598. 2924.]	 [1601. 2924.]	 [1604. 2924.]	 [1607. 2924.]	 [1610. 2924.]	 [1613. 2924.]	 [1616. 2924.]	 [1619. 2924.]	 [1622. 2924.]	 [1625. 2924.]	 [1628. 2924.]	 [1631. 2924.]	 [1634. 2924.]	 [1637. 2924.]	 [1640. 2924.]	 [1643. 2924.]	 [1646. 2924.]	 [1649. 2924.]
 [1580. 2927.]	 [1583. 2927.]	 [1586. 2927.]	 [1589. 2927.]	 [1592. 2927.]	 [1595. 2927.]	 [1598. 2927.]	 [1601. 2927.]	 [1604. 2927.]	 [1607. 2927.]	 [1610. 2927.]	 [1613. 2927.]	 [1616. 2927.]	 [1619. 2927.]	 [1622. 2927.]	 [1625. 2927.]	 [1628. 2927.]	 [1631. 2927.]	 [1634. 2927.]	 [1637. 2927.]	 [1640. 2927.]	 [1643. 2927.]	 [1646. 2927.]	 [1649. 2927.]
 [1580. 2930.]	 [1583. 2930.]	 [1586. 2930.]	 [1589. 2930.]	 [1592. 2930.]	 [1595. 2930.]	 [1598. 2930.]	 [1601. 2930.]	 [1604. 2930.]	 [1607. 2930.]	 [1610. 2930.]	 [1613. 2930.]	 [1616. 2930.]	 [1619. 2930.]	 [1622. 2930.]	 [1625. 2930.]	 [1628. 2930.]	 [1631. 2930.]	 [1634. 2930.]	 [1637. 2930.]	 [1640. 2930.]	 [1643. 2930.]	 [1646. 2930.]	 [1649. 2930.]
 [1580. 2933.]	 [1583. 2933.]	 [1586. 2933.]	 [1589. 2933.]	 [1592. 2933.]	 [1595. 2933.]	 [1598. 2933.]	 [1601. 2933.]	 [1604. 2933.]	 [1607. 2933.]	 [1610. 2933.]	 [1613. 2933.]	 [1616. 2933.]	 [1619. 2933.]	 [1622. 2933.]	 [1625. 2933.]	 [1628. 2933.]	 [1631. 2933.]	 [1634. 2933.]	 [1637. 2933.]	 [1640. 2933.]	 [1643. 2933.]	 [1646. 2933.]	 [1649. 2933.]
 [1580. 2936.]	 [1583. 2936.]	 [1586. 2936.]	 [1589. 2936.]	 [1592. 2936.]	 [1595. 2936.]	 [1598. 2936.]	 [1601. 2936.]	 [1604. 2936.]	 [1607. 2936.]	 [1610. 2936.]	 [1613. 2936.]	 [1616. 2936.]	 [1619. 2936.]	 [1622. 2936.]	 [1625. 2936.]	 [1628. 2936.]	 [1631. 2936.]	 [1634. 2936.]	 [1637. 2936.]	 [1640. 2936.]	 [1643. 2936.]	 [1646. 2936.]	 [1649. 2936.]
 [1580. 2939.]	 [1583. 2939.]	 [1586. 2939.]	 [1589. 2939.]	 [1592. 2939.]	 [1595. 2939.]	 [1598. 2939.]	 [1601. 2939.]	 [1604. 2939.]	 [1607. 2939.]	 [1610. 2939.]	 [1613. 2939.]	 [1616. 2939.]	 [1619. 2939.]	 [1622. 2939.]	 [1625. 2939.]	 [1628. 2939.]	 [1631. 2939.]	 [1634. 2939.]	 [1637. 2939.]	 [1640. 2939.]	 [1643. 2939.]	 [1646. 2939.]	 [1649. 2939.]
 [1580. 2942.]	 [1583. 2942.]	 [1586. 2942.]	 [1589. 2942.]	 [1592. 2942.]	 [1595. 2942.]	 [1598. 2942.]	 [1601. 2942.]	 [1604. 2942.]	 [1607. 2942.]	 [1610. 2942.]	 [1613. 2942.]	 [1616. 2942.]	 [1619. 2942.]	 [1622. 2942.]	 [1625. 2942.]	 [1628. 2942.]	 [1631. 2942.]	 [1634. 2942.]	 [1637. 2942.]	 [1640. 2942.]	 [1643. 2942.]	 [1646. 2942.]	 [1649. 2942.]
 [1580. 2945.]	 [1583. 2945.]	 [1586. 2945.]	 [1589. 2945.]	 [1592. 2945.]	 [1595. 2945.]	 [1598. 2945.]	 [1601. 2945.]	 [1604. 2945.]	 [1607. 2945.]	 [1610. 2945.]	 [1613. 2945.]	 [1616. 2945.]	 [1619. 2945.]	 [1622. 2945.]	 [1625. 2945.]	 [1628. 2945.]	 [1631. 2945.]	 [1634. 2945.]	 [1637. 2945.]	 [1640. 2945.]	 [1643. 2945.]	 [1646. 2945.]	 [1649. 2945.]
 [1580. 2948.]	 [1583. 2948.]	 [1586. 2948.]	 [1589. 2948.]	 [1592. 2948.]	 [1595. 2948.]	 [1598. 2948.]	 [1601. 2948.]	 [1604. 2948.]	 [1607. 2948.]	 [1610. 2948.]	 [1613. 2948.]	 [1616. 2948.]	 [1619. 2948.]	 [1622. 2948.]	 [1625. 2948.]	 [1628. 2948.]	 [1631. 2948.]	 [1634. 2948.]	 [1637. 2948.]	 [1640. 2948.]	 [1643. 2948.]	 [1646. 2948.]	 [1649. 2948.]
 [1580. 2951.]	 [1583. 2951.]	 [1586. 2951.]	 [1589. 2951.]	 [1592. 2951.]	 [1595. 2951.]	 [1598. 2951.]	 [1601. 2951.]	 [1604. 2951.]	 [1607. 2951.]	 [1610. 2951.]	 [1613. 2951.]	 [1616. 2951.]	 [1619. 2951.]	 [1622. 2951.]	 [1625. 2951.]	 [1628. 2951.]	 [1631. 2951.]	 [1634. 2951.]	 [1637. 2951.]	 [1640. 2951.]	 [1643. 2951.]	 [1646. 2951.]	 [1649. 2951.]
 [1580. 2954.]	 [1583. 2954.]	 [1586. 2954.]	 [1589. 2954.]	 [1592. 2954.]	 [1595. 2954.]	 [1598. 2954.]	 [1601. 2954.]	 [1604. 2954.]	 [1607. 2954.]	 [1610. 2954.]	 [1613. 2954.]	 [1616. 2954.]	 [1619. 2954.]	 [1622. 2954.]	 [1625. 2954.]	 [1628. 2954.]	 [1631. 2954.]	 [1634. 2954.]	 [1637. 2954.]	 [1640. 2954.]	 [1643. 2954.]	 [1646. 2954.]	 [1649. 2954.]
 [1580. 2957.]	 [1583. 2957.]	 [1586. 2957.]	 [1589. 2957.]	 [1592. 2957.]	 [1595. 2957.]	 [1598. 2957.]	 [1601. 2957.]	 [1604. 2957.]	 [1607. 2957.]	 [1610. 2957.]	 [1613. 2957.]	 [1616. 2957.]	 [1619. 2957.]	 [1622. 2957.]	 [1625. 2957.]	 [1628. 2957.]	 [1631. 2957.]	 [1634. 2957.]	 [1637. 2957.]	 [1640. 2957.]	 [1643. 2957.]	 [1646. 2957.]	 [1649. 2957.]
 [1580. 2960.]	 [1583. 2960.]	 [1586. 2960.]	 [1589. 2960.]	 [1592. 2960.]	 [1595. 2960.]	 [1598. 2960.]	 [1601. 2960.]	 [1604. 2960.]	 [1607. 2960.]	 [1610. 2960.]	 [1613. 2960.]	 [1616. 2960.]	 [1619. 2960.]	 [1622. 2960.]	 [1625. 2960.]	 [1628. 2960.]	 [1631. 2960.]	 [1634. 2960.]	 [1637. 2960.]	 [1640. 2960.]	 [1643. 2960.]	 [1646. 2960.]	 [1649. 2960.]
 [1580. 2963.]	 [1583. 2963.]	 [1586. 2963.]	 [1589. 2963.]	 [1592. 2963.]	 [1595. 2963.]	 [1598. 2963.]	 [1601. 2963.]	 [1604. 2963.]	 [1607. 2963.]	 [1610. 2963.]	 [1613. 2963.]	 [1616. 2963.]	 [1619. 2963.]	 [1622. 2963.]	 [1625. 2963.]	 [1628. 2963.]	 [1631. 2963.]	 [1634. 2963.]	 [1637. 2963.]	 [1640. 2963.]	 [1643. 2963.]	 [1646. 2963.]	 [1649. 2963.]
 [1580. 2966.]	 [1583. 2966.]	 [1586. 2966.]	 [1589. 2966.]	 [1592. 2966.]	 [1595. 2966.]	 [1598. 2966.]	 [1601. 2966.]	 [1604. 2966.]	 [1607. 2966.]	 [1610. 2966.]	 [1613. 2966.]	 [1616. 2966.]	 [1619. 2966.]	 [1622. 2966.]	 [1625. 2966.]	 [1628. 2966.]	 [1631. 2966.]	 [1634. 2966.]	 [1637. 2966.]	 [1640. 2966.]	 [1643. 2966.]	 [1646. 2966.]	 [1649. 2966.]
 [1580. 2969.]	 [1583. 2969.]	 [1586. 2969.]	 [1589. 2969.]	 [1592. 2969.]	 [1595. 2969.]	 [1598. 2969.]	 [1601. 2969.]	 [1604. 2969.]	 [1607. 2969.]	 [1610. 2969.]	 [1613. 2969.]	 [1616. 2969.]	 [1619. 2969.]	 [1622. 2969.]	 [1625. 2969.]	 [1628. 2969.]	 [1631. 2969.]	 [1634. 2969.]	 [1637. 2969.]	 [1640. 2969.]	 [1643. 2969.]	 [1646. 2969.]	 [1649. 2969.]
 [1580. 2972.]	 [1583. 2972.]	 [1586. 2972.]	 [1589. 2972.]	 [1592. 2972.]	 [1595. 2972.]	 [1598. 2972.]	 [1601. 2972.]	 [1604. 2972.]	 [1607. 2972.]	 [1610. 2972.]	 [1613. 2972.]	 [1616. 2972.]	 [1619. 2972.]	 [1622. 2972.]	 [1625. 2972.]	 [1628. 2972.]	 [1631. 2972.]	 [1634. 2972.]	 [1637. 2972.]	 [1640. 2972.]	 [1643. 2972.]	 [1646. 2972.]	 [1649. 2972.]
 [1580. 2975.]	 [1583. 2975.]	 [1586. 2975.]	 [1589. 2975.]	 [1592. 2975.]	 [1595. 2975.]	 [1598. 2975.]	 [1601. 2975.]	 [1604. 2975.]	 [1607. 2975.]	 [1610. 2975.]	 [1613. 2975.]	 [1616. 2975.]	 [1619. 2975.]	 [1622. 2975.]	 [1625. 2975.]	 [1628. 2975.]	 [1631. 2975.]	 [1634. 2975.]	 [1637. 2975.]	 [1640. 2975.]	 [1643. 2975.]	 [1646. 2975.]	 [1649. 2975.]
 [1580. 2978.]	 [1583. 2978.]	 [1586. 2978.]	 [1589. 2978.]	 [1592. 2978.]	 [1595. 2978.]	 [1598. 2978.]	 [1601. 2978.]	 [1604. 2978.]	 [1607. 2978.]	 [1610. 2978.]	 [1613. 2978.]	 [1616. 2978.]	 [1619. 2978.]	 [1622. 2978.]	 [1625. 2978.]	 [1628. 2978.]	 [1631. 2978.]	 [1634. 2978.]	 [1637. 2978.]	 [1640. 2978.]	 [1643. 2978.]	 [1646. 2978.]	 [1649. 2978.]
 [1580. 2981.]	 [1583. 2981.]	 [1586. 2981.]	 [1589. 2981.]	 [1592. 2981.]	 [1595. 2981.]	 [1598. 2981.]	 [1601. 2981.]	 [1604. 2981.]	 [1607. 2981.]	 [1610. 2981.]	 [1613. 2981.]	 [1616. 2981.]	 [1619. 2981.]	 [1622. 2981.]	 [1625. 2981.]	 [1628. 2981.]	 [1631. 2981.]	 [1634. 2981.]	 [1637. 2981.]	 [1640. 2981.]	 [1643. 2981.]	 [1646. 2981.]	 [1649. 2981.]
 [1580. 2984.]	 [1583. 2984.]	 [1586. 2984.]	 [1589. 2984.]	 [1592. 2984.]	 [1595. 2984.]	 [1598. 2984.]	 [1601. 2984.]	 [1604. 2984.]	 [1607. 2984.]	 [1610. 2984.]	 [1613. 2984.]	 [1616. 2984.]	 [1619. 2984.]	 [1622. 2984.]	 [1625. 2984.]	 [1628. 2984.]	 [1631. 2984.]	 [1634. 2984.]	 [1637. 2984.]	 [1640. 2984.]	 [1643. 2984.]	 [1646. 2984.]	 [1649. 2984.]
 [1580. 2987.]	 [1583. 2987.]	 [1586. 2987.]	 [1589. 2987.]	 [1592. 2987.]	 [1595. 2987.]	 [1598. 2987.]	 [1601. 2987.]	 [1604. 2987.]	 [1607. 2987.]	 [1610. 2987.]	 [1613. 2987.]	 [1616. 2987.]	 [1619. 2987.]	 [1622. 2987.]	 [1625. 2987.]	 [1628. 2987.]	 [1631. 2987.]	 [1634. 2987.]	 [1637. 2987.]	 [1640. 2987.]	 [1643. 2987.]	 [1646. 2987.]	 [1649. 2987.]
 [1580. 2990.]	 [1583. 2990.]	 [1586. 2990.]	 [1589. 2990.]	 [1592. 2990.]	 [1595. 2990.]	 [1598. 2990.]	 [1601. 2990.]	 [1604. 2990.]	 [1607. 2990.]	 [1610. 2990.]	 [1613. 2990.]	 [1616. 2990.]	 [1619. 2990.]	 [1622. 2990.]	 [1625. 2990.]	 [1628. 2990.]	 [1631. 2990.]	 [1634. 2990.]	 [1637. 2990.]	 [1640. 2990.]	 [1643. 2990.]	 [1646. 2990.]	 [1649. 2990.]
 [1580. 2993.]	 [1583. 2993.]	 [1586. 2993.]	 [1589. 2993.]	 [1592. 2993.]	 [1595. 2993.]	 [1598. 2993.]	 [1601. 2993.]	 [1604. 2993.]	 [1607. 2993.]	 [1610. 2993.]	 [1613. 2993.]	 [1616. 2993.]	 [1619. 2993.]	 [1622. 2993.]	 [1625. 2993.]	 [1628. 2993.]	 [1631. 2993.]	 [1634. 2993.]	 [1637. 2993.]	 [1640. 2993.]	 [1643. 2993.]	 [1646. 2993.]	 [1649. 2993.]
 [1580. 2996.]	 [1583. 2996.]	 [1586. 2996.]	 [1589. 2996.]	 [1592. 2996.]	 [1595. 2996.]	 [1598. 2996.]	 [1601. 2996.]	 [1604. 2996.]	 [1607. 2996.]	 [1610. 2996.]	 [1613. 2996.]	 [1616. 2996.]	 [1619. 2996.]	 [1622. 2996.]	 [1625. 2996.]	 [1628. 2996.]	 [1631. 2996.]	 [1634. 2996.]	 [1637. 2996.]	 [1640. 2996.]	 [1643. 2996.]	 [1646. 2996.]	 [1649. 2996.]
 [1580. 2999.]	 [1583. 2999.]	 [1586. 2999.]	 [1589. 2999.]	 [1592. 2999.]	 [1595. 2999.]	 [1598. 2999.]	 [1601. 2999.]	 [1604. 2999.]	 [1607. 2999.]	 [1610. 2999.]	 [1613. 2999.]	 [1616. 2999.]	 [1619. 2999.]	 [1622. 2999.]	 [1625. 2999.]	 [1628. 2999.]	 [1631. 2999.]	 [1634. 2999.]	 [1637. 2999.]	 [1640. 2999.]	 [1643. 2999.]	 [1646. 2999.]	 [1649. 2999.]
 [1580. 3002.]	 [1583. 3002.]	 [1586. 3002.]	 [1589. 3002.]	 [1592. 3002.]	 [1595. 3002.]	 [1598. 3002.]	 [1601. 3002.]	 [1604. 3002.]	 [1607. 3002.]	 [1610. 3002.]	 [1613. 3002.]	 [1616. 3002.]	 [1619. 3002.]	 [1622. 3002.]	 [1625. 3002.]	 [1628. 3002.]	 [1631. 3002.]	 [1634. 3002.]	 [1637. 3002.]	 [1640. 3002.]	 [1643. 3002.]	 [1646. 3002.]	 [1649. 3002.]
 [1580. 3005.]	 [1583. 3005.]	 [1586. 3005.]	 [1589. 3005.]	 [1592. 3005.]	 [1595. 3005.]	 [1598. 3005.]	 [1601. 3005.]	 [1604. 3005.]	 [1607. 3005.]	 [1610. 3005.]	 [1613. 3005.]	 [1616. 3005.]	 [1619. 3005.]	 [1622. 3005.]	 [1625. 3005.]	 [1628. 3005.]	 [1631. 3005.]	 [1634. 3005.]	 [1637. 3005.]	 [1640. 3005.]	 [1643. 3005.]	 [1646. 3005.]	 [1649. 3005.]
 [1580. 3008.]	 [1583. 3008.]	 [1586. 3008.]	 [1589. 3008.]	 [1592. 3008.]	 [1595. 3008.]	 [1598. 3008.]	 [1601. 3008.]	 [1604. 3008.]	 [1607. 3008.]	 [1610. 3008.]	 [1613. 3008.]	 [1616. 3008.]	 [1619. 3008.]	 [1622. 3008.]	 [1625. 3008.]	 [1628. 3008.]	 [1631. 3008.]	 [1634. 3008.]	 [1637. 3008.]	 [1640. 3008.]	 [1643. 3008.]	 [1646. 3008.]	 [1649. 3008.]
 [1580. 3011.]	 [1583. 3011.]	 [1586. 3011.]	 [1589. 3011.]	 [1592. 3011.]	 [1595. 3011.]	 [1598. 3011.]	 [1601. 3011.]	 [1604. 3011.]	 [1607. 3011.]	 [1610. 3011.]	 [1613. 3011.]	 [1616. 3011.]	 [1619. 3011.]	 [1622. 3011.]	 [1625. 3011.]	 [1628. 3011.]	 [1631. 3011.]	 [1634. 3011.]	 [1637. 3011.]	 [1640. 3011.]	 [1643. 3011.]	 [1646. 3011.]	 [1649. 3011.]
 [1580. 3014.]	 [1583. 3014.]	 [1586. 3014.]	 [1589. 3014.]	 [1592. 3014.]	 [1595. 3014.]	 [1598. 3014.]	 [1601. 3014.]	 [1604. 3014.]	 [1607. 3014.]	 [1610. 3014.]	 [1613. 3014.]	 [1616. 3014.]	 [1619. 3014.]	 [1622. 3014.]	 [1625. 3014.]	 [1628. 3014.]	 [1631. 3014.]	 [1634. 3014.]	 [1637. 3014.]	 [1640. 3014.]	 [1643. 3014.]	 [1646. 3014.]	 [1649. 3014.]
 [1580. 3017.]	 [1583. 3017.]	 [1586. 3017.]	 [1589. 3017.]	 [1592. 3017.]	 [1595. 3017.]	 [1598. 3017.]	 [1601. 3017.]	 [1604. 3017.]	 [1607. 3017.]	 [1610. 3017.]	 [1613. 3017.]	 [1616. 3017.]	 [1619. 3017.]	 [1622. 3017.]	 [1625. 3017.]	 [1628. 3017.]	 [1631. 3017.]	 [1634. 3017.]	 [1637. 3017.]	 [1640. 3017.]	 [1643. 3017.]	 [1646. 3017.]	 [1649. 3017.]
 [1580. 3020.]	 [1583. 3020.]	 [1586. 3020.]	 [1589. 3020.]	 [1592. 3020.]	 [1595. 3020.]	 [1598. 3020.]	 [1601. 3020.]	 [1604. 3020.]	 [1607. 3020.]	 [1610. 3020.]	 [1613. 3020.]	 [1616. 3020.]	 [1619. 3020.]	 [1622. 3020.]	 [1625. 3020.]	 [1628. 3020.]	 [1631. 3020.]	 [1634. 3020.]	 [1637. 3020.]	 [1640. 3020.]	 [1643. 3020.]	 [1646. 3020.]	 [1649. 3020.]
 [1580. 3023.]	 [1583. 3023.]	 [1586. 3023.]	 [1589. 3023.]	 [1592. 3023.]	 [1595. 3023.]	 [1598. 3023.]	 [1601. 3023.]	 [1604. 3023.]	 [1607. 3023.]	 [1610. 3023.]	 [1613. 3023.]	 [1616. 3023.]	 [1619. 3023.]	 [1622. 3023.]	 [1625. 3023.]	 [1628. 3023.]	 [1631. 3023.]	 [1634. 3023.]	 [1637. 3023.]	 [1640. 3023.]	 [1643. 3023.]	 [1646. 3023.]	 [1649. 3023.]
 [1580. 3026.]	 [1583. 3026.]	 [1586. 3026.]	 [1589. 3026.]	 [1592. 3026.]	 [1595. 3026.]	 [1598. 3026.]	 [1601. 3026.]	 [1604. 3026.]	 [1607. 3026.]	 [1610. 3026.]	 [1613. 3026.]	 [1616. 3026.]	 [1619. 3026.]	 [1622. 3026.]	 [1625. 3026.]	 [1628. 3026.]	 [1631. 3026.]	 [1634. 3026.]	 [1637. 3026.]	 [1640. 3026.]	 [1643. 3026.]	 [1646. 3026.]	 [1649. 3026.]
 [1580. 3029.]	 [1583. 3029.]	 [1586. 3029.]	 [1589. 3029.]	 [1592. 3029.]	 [1595. 3029.]	 [1598. 3029.]	 [1601. 3029.]	 [1604. 3029.]	 [1607. 3029.]	 [1610. 3029.]	 [1613. 3029.]	 [1616. 3029.]	 [1619. 3029.]	 [1622. 3029.]	 [1625. 3029.]	 [1628. 3029.]	 [1631. 3029.]	 [1634. 3029.]	 [1637. 3029.]	 [1640. 3029.]	 [1643. 3029.]	 [1646. 3029.]	 [1649. 3029.]
 [1580. 3032.]	 [1583. 3032.]	 [1586. 3032.]	 [1589. 3032.]	 [1592. 3032.]	 [1595. 3032.]	 [1598. 3032.]	 [1601. 3032.]	 [1604. 3032.]	 [1607. 3032.]	 [1610. 3032.]	 [1613. 3032.]	 [1616. 3032.]	 [1619. 3032.]	 [1622. 3032.]	 [1625. 3032.]	 [1628. 3032.]	 [1631. 3032.]	 [1634. 3032.]	 [1637. 3032.]	 [1640. 3032.]	 [1643. 3032.]	 [1646. 3032.]	 [1649. 3032.]
 [1580. 3035.]	 [1583. 3035.]	 [1586. 3035.]	 [1589. 3035.]	 [1592. 3035.]	 [1595. 3035.]	 [1598. 3035.]	 [1601. 3035.]	 [1604. 3035.]	 [1607. 3035.]	 [1610. 3035.]	 [1613. 3035.]	 [1616. 3035.]	 [1619. 3035.]	 [1622. 3035.]	 [1625. 3035.]	 [1628. 3035.]	 [1631. 3035.]	 [1634. 3035.]	 [1637. 3035.]	 [1640. 3035.]	 [1643. 3035.]	 [1646. 3035.]	 [1649. 3035.]
 [1580. 3038.]	 [1583. 3038.]	 [1586. 3038.]	 [1589. 3038.]	 [1592. 3038.]	 [1595. 3038.]	 [1598. 3038.]	 [1601. 3038.]	 [1604. 3038.]	 [1607. 3038.]	 [1610. 3038.]	 [1613. 3038.]	 [1616. 3038.]	 [1619. 3038.]	 [1622. 3038.]	 [1625. 3038.]	 [1628. 3038.]	 [1631. 3038.]	 [1634. 3038.]	 [1637. 3038.]	 [1640. 3038.]	 [1643. 3038.]	 [1646. 3038.]	 [1649. 3038.]
 [1580. 3041.]	 [1583. 3041.]	 [1586. 3041.]	 [1589. 3041.]	 [1592. 3041.]	 [1595. 3041.]	 [1598. 3041.]	 [1601. 3041.]	 [1604. 3041.]	 [1607. 3041.]	 [1610. 3041.]	 [1613. 3041.]	 [1616. 3041.]	 [1619. 3041.]	 [1622. 3041.]	 [1625. 3041.]	 [1628. 3041.]	 [1631. 3041.]	 [1634. 3041.]	 [1637. 3041.]	 [1640. 3041.]	 [1643. 3041.]	 [1646. 3041.]	 [1649. 3041.]
 [1580. 3044.]	 [1583. 3044.]	 [1586. 3044.]	 [1589. 3044.]	 [1592. 3044.]	 [1595. 3044.]	 [1598. 3044.]	 [1601. 3044.]	 [1604. 3044.]	 [1607. 3044.]	 [1610. 3044.]	 [1613. 3044.]	 [1616. 3044.]	 [1619. 3044.]	 [1622. 3044.]	 [1625. 3044.]	 [1628. 3044.]	 [1631. 3044.]	 [1634. 3044.]	 [1637. 3044.]	 [1640. 3044.]	 [1643. 3044.]	 [1646. 3044.]	 [1649. 3044.]
 [1580. 3047.]	 [1583. 3047.]	 [1586. 3047.]	 [1589. 3047.]	 [1592. 3047.]	 [1595. 3047.]	 [1598. 3047.]	 [1601. 3047.]	 [1604. 3047.]	 [1607. 3047.]	 [1610. 3047.]	 [1613. 3047.]	 [1616. 3047.]	 [1619. 3047.]	 [1622. 3047.]	 [1625. 3047.]	 [1628. 3047.]	 [1631. 3047.]	 [1634. 3047.]	 [1637. 3047.]	 [1640. 3047.]	 [1643. 3047.]	 [1646. 3047.]	 [1649. 3047.]
 [1580. 3050.]	 [1583. 3050.]	 [1586. 3050.]	 [1589. 3050.]	 [1592. 3050.]	 [1595. 3050.]	 [1598. 3050.]	 [1601. 3050.]	 [1604. 3050.]	 [1607. 3050.]	 [1610. 3050.]	 [1613. 3050.]	 [1616. 3050.]	 [1619. 3050.]	 [1622. 3050.]	 [1625. 3050.]	 [1628. 3050.]	 [1631. 3050.]	 [1634. 3050.]	 [1637. 3050.]	 [1640. 3050.]	 [1643. 3050.]	 [1646. 3050.]	 [1649. 3050.]
 [1580. 3053.]	 [1583. 3053.]	 [1586. 3053.]	 [1589. 3053.]	 [1592. 3053.]	 [1595. 3053.]	 [1598. 3053.]	 [1601. 3053.]	 [1604. 3053.]	 [1607. 3053.]	 [1610. 3053.]	 [1613. 3053.]	 [1616. 3053.]	 [1619. 3053.]	 [1622. 3053.]	 [1625. 3053.]	 [1628. 3053.]	 [1631. 3053.]	 [1634. 3053.]	 [1637. 3053.]	 [1640. 3053.]	 [1643. 3053.]	 [1646. 3053.]	 [1649. 3053.]
 [1580. 3056.]	 [1583. 3056.]	 [1586. 3056.]	 [1589. 3056.]	 [1592. 3056.]	 [1595. 3056.]	 [1598. 3056.]	 [1601. 3056.]	 [1604. 3056.]	 [1607. 3056.]	 [1610. 3056.]	 [1613. 3056.]	 [1616. 3056.]	 [1619. 3056.]	 [1622. 3056.]	 [1625. 3056.]	 [1628. 3056.]	 [1631. 3056.]	 [1634. 3056.]	 [1637. 3056.]	 [1640. 3056.]	 [1643. 3056.]	 [1646. 3056.]	 [1649. 3056.]
 [1580. 3059.]	 [1583. 3059.]	 [1586. 3059.]	 [1589. 3059.]	 [1592. 3059.]	 [1595. 3059.]	 [1598. 3059.]	 [1601. 3059.]	 [1604. 3059.]	 [1607. 3059.]	 [1610. 3059.]	 [1613. 3059.]	 [1616. 3059.]	 [1619. 3059.]	 [1622. 3059.]	 [1625. 3059.]	 [1628. 3059.]	 [1631. 3059.]	 [1634. 3059.]	 [1637. 3059.]	 [1640. 3059.]	 [1643. 3059.]	 [1646. 3059.]	 [1649. 3059.]
 [1580. 3062.]	 [1583. 3062.]	 [1586. 3062.]	 [1589. 3062.]	 [1592. 3062.]	 [1595. 3062.]	 [1598. 3062.]	 [1601. 3062.]	 [1604. 3062.]	 [1607. 3062.]	 [1610. 3062.]	 [1613. 3062.]	 [1616. 3062.]	 [1619. 3062.]	 [1622. 3062.]	 [1625. 3062.]	 [1628. 3062.]	 [1631. 3062.]	 [1634. 3062.]	 [1637. 3062.]	 [1640. 3062.]	 [1643. 3062.]	 [1646. 3062.]	 [1649. 3062.]
 [1580. 3065.]	 [1583. 3065.]	 [1586. 3065.]	 [1589. 3065.]	 [1592. 3065.]	 [1595. 3065.]	 [1598. 3065.]	 [1601. 3065.]	 [1604. 3065.]	 [1607. 3065.]	 [1610. 3065.]	 [1613. 3065.]	 [1616. 3065.]	 [1619. 3065.]	 [1622. 3065.]	 [1625. 3065.]	 [1628. 3065.]	 [1631. 3065.]	 [1634. 3065.]	 [1637. 3065.]	 [1640. 3065.]	 [1643. 3065.]	 [1646. 3065.]	 [1649. 3065.]
 [1580. 3068.]	 [1583. 3068.]	 [1586. 3068.]	 [1589. 3068.]	 [1592. 3068.]	 [1595. 3068.]	 [1598. 3068.]	 [1601. 3068.]	 [1604. 3068.]	 [1607. 3068.]	 [1610. 3068.]	 [1613. 3068.]	 [1616. 3068.]	 [1619. 3068.]	 [1622. 3068.]	 [1625. 3068.]	 [1628. 3068.]	 [1631. 3068.]	 [1634. 3068.]	 [1637. 3068.]	 [1640. 3068.]	 [1643. 3068.]	 [1646. 3068.]	 [1649. 3068.]
 [1580. 3071.]	 [1583. 3071.]	 [1586. 3071.]	 [1589. 3071.]	 [1592. 3071.]	 [1595. 3071.]	 [1598. 3071.]	 [1601. 3071.]	 [1604. 3071.]	 [1607. 3071.]	 [1610. 3071.]	 [1613. 3071.]	 [1616. 3071.]	 [1619. 3071.]	 [1622. 3071.]	 [1625. 3071.]	 [1628. 3071.]	 [1631. 3071.]	 [1634. 3071.]	 [1637. 3071.]	 [1640. 3071.]	 [1643. 3071.]	 [1646. 3071.]	 [1649. 3071.]
 [1580. 3074.]	 [1583. 3074.]	 [1586. 3074.]	 [1589. 3074.]	 [1592. 3074.]	 [1595. 3074.]	 [1598. 3074.]	 [1601. 3074.]	 [1604. 3074.]	 [1607. 3074.]	 [1610. 3074.]	 [1613. 3074.]	 [1616. 3074.]	 [1619. 3074.]	 [1622. 3074.]	 [1625. 3074.]	 [1628. 3074.]	 [1631. 3074.]	 [1634. 3074.]	 [1637. 3074.]	 [1640. 3074.]	 [1643. 3074.]	 [1646. 3074.]	 [1649. 3074.]
 [1580. 3077.]	 [1583. 3077.]	 [1586. 3077.]	 [1589. 3077.]	 [1592. 3077.]	 [1595. 3077.]	 [1598. 3077.]	 [1601. 3077.]	 [1604. 3077.]	 [1607. 3077.]	 [1610. 3077.]	 [1613. 3077.]	 [1616. 3077.]	 [1619. 3077.]	 [1622. 3077.]	 [1625. 3077.]	 [1628. 3077.]	 [1631. 3077.]	 [1634. 3077.]	 [1637. 3077.]	 [1640. 3077.]	 [1643. 3077.]	 [1646. 3077.]	 [1649. 3077.]
 [1580. 3080.]	 [1583. 3080.]	 [1586. 3080.]	 [1589. 3080.]	 [1592. 3080.]	 [1595. 3080.]	 [1598. 3080.]	 [1601. 3080.]	 [1604. 3080.]	 [1607. 3080.]	 [1610. 3080.]	 [1613. 3080.]	 [1616. 3080.]	 [1619. 3080.]	 [1622. 3080.]	 [1625. 3080.]	 [1628. 3080.]	 [1631. 3080.]	 [1634. 3080.]	 [1637. 3080.]	 [1640. 3080.]	 [1643. 3080.]	 [1646. 3080.]	 [1649. 3080.]
 [1580. 3083.]	 [1583. 3083.]	 [1586. 3083.]	 [1589. 3083.]	 [1592. 3083.]	 [1595. 3083.]	 [1598. 3083.]	 [1601. 3083.]	 [1604. 3083.]	 [1607. 3083.]	 [1610. 3083.]	 [1613. 3083.]	 [1616. 3083.]	 [1619. 3083.]	 [1622. 3083.]	 [1625. 3083.]	 [1628. 3083.]	 [1631. 3083.]	 [1634. 3083.]	 [1637. 3083.]	 [1640. 3083.]	 [1643. 3083.]	 [1646. 3083.]	 [1649. 3083.]
 [1580. 3086.]	 [1583. 3086.]	 [1586. 3086.]	 [1589. 3086.]	 [1592. 3086.]	 [1595. 3086.]	 [1598. 3086.]	 [1601. 3086.]	 [1604. 3086.]	 [1607. 3086.]	 [1610. 3086.]	 [1613. 3086.]	 [1616. 3086.]	 [1619. 3086.]	 [1622. 3086.]	 [1625. 3086.]	 [1628. 3086.]	 [1631. 3086.]	 [1634. 3086.]	 [1637. 3086.]	 [1640. 3086.]	 [1643. 3086.]	 [1646. 3086.]	 [1649. 3086.]
 [1580. 3089.]	 [1583. 3089.]	 [1586. 3089.]	 [1589. 3089.]	 [1592. 3089.]	 [1595. 3089.]	 [1598. 3089.]	 [1601. 3089.]	 [1604. 3089.]	 [1607. 3089.]	 [1610. 3089.]	 [1613. 3089.]	 [1616. 3089.]	 [1619. 3089.]	 [1622. 3089.]	 [1625. 3089.]	 [1628. 3089.]	 [1631. 3089.]	 [1634. 3089.]	 [1637. 3089.]	 [1640. 3089.]	 [1643. 3089.]	 [1646. 3089.]	 [1649. 3089.]
 [1580. 3092.]	 [1583. 3092.]	 [1586. 3092.]	 [1589. 3092.]	 [1592. 3092.]	 [1595. 3092.]	 [1598. 3092.]	 [1601. 3092.]	 [1604. 3092.]	 [1607. 3092.]	 [1610. 3092.]	 [1613. 3092.]	 [1616. 3092.]	 [1619. 3092.]	 [1622. 3092.]	 [1625. 3092.]	 [1628. 3092.]	 [1631. 3092.]	 [1634. 3092.]	 [1637. 3092.]	 [1640. 3092.]	 [1643. 3092.]	 [1646. 3092.]	 [1649. 3092.]
 [1580. 3095.]	 [1583. 3095.]	 [1586. 3095.]	 [1589. 3095.]	 [1592. 3095.]	 [1595. 3095.]	 [1598. 3095.]	 [1601. 3095.]	 [1604. 3095.]	 [1607. 3095.]	 [1610. 3095.]	 [1613. 3095.]	 [1616. 3095.]	 [1619. 3095.]	 [1622. 3095.]	 [1625. 3095.]	 [1628. 3095.]	 [1631. 3095.]	 [1634. 3095.]	 [1637. 3095.]	 [1640. 3095.]	 [1643. 3095.]	 [1646. 3095.]	 [1649. 3095.]
 [1580. 3098.]]	 [1583. 3098.]]	 [1586. 3098.]]	 [1589. 3098.]]	 [1592. 3098.]]	 [1595. 3098.]]	 [1598. 3098.]]	 [1601. 3098.]]	 [1604. 3098.]]	 [1607. 3098.]]	 [1610. 3098.]]	 [1613. 3098.]]	 [1616. 3098.]]	 [1619. 3098.]]	 [1622. 3098.]]	 [1625. 3098.]]	 [1628. 3098.]]	 [1631. 3098.]]	 [1634. 3098.]]	 [1637. 3098.]]	 [1640. 3098.]]	 [1643. 3098.]]	 [1646. 3098.]]	 [1649. 3098.]]

Mechanical  :
[[-8.2209318550e+02-5.2351961010e-02j -6.2017061271e+02-2.2363235095e-02j -5.2808810677e+02-1.0619702372e-02j -4.8652944653e+02-4.0747720277e-03j -4.7780472073e+02+1.0263791024e-03j -4.9970110673e+02+6.7620455560e-03j
  -5.6335490573e+02+1.6045924841e-02j -7.0956458528e+02+3.7729794173e-02j -1.1127508560e+03+1.2407448952e-01j -4.2003377434e+03+2.2285809312e+00j  1.7327645190e+03+4.5982041740e-01j  6.4517181802e+02+7.4999672191e-02j
   3.7407964112e+02+2.8317234113e-02j  2.3740575260e+02+3.7660028616e-03j  1.8021178550e+02+8.6648690171e-03j  1.3874490340e+02+5.7904967565e-03j  1.1040475852e+02+4.0616127962e-03j  9.0112907543e+01+2.9705778219e-03j
   7.5028652524e+01+2.2451387182e-03j  6.3479256304e+01+1.7418423416e-03j  5.4423682348e+01+1.3804873965e-03j  4.7183365301e+01+1.1136650743e-03j  4.1298835030e+01+9.1199850424e-04j  3.6448962745e+01+7.5655069158e-04j]
 [-1.5618782875e+03-2.0863300058e-01j -9.2208928837e+02-5.6635150199e-02j -7.0600558574e+02-2.3437987879e-02j -6.1278286657e+02-1.0023775843e-02j -5.7922282974e+02-1.8695703755e-03j -5.8985990988e+02+5.7004719169e-03j
  -6.5208575904e+02+1.6669561064e-02j -8.0903822870e+02+4.1169997515e-02j -1.2536422081e+03+1.3747211223e-01j -4.6860235008e+03+2.4790936962e+00j  1.9171768900e+03+5.1129858088e-01j  7.0850150940e+02+8.3277988469e-02j
   4.0688360522e+02+3.1860100362e-02j  2.7433489896e+02+1.5841968581e-02j  1.8480637871e+02-1.3601141823e-03j  1.4873789650e+02+6.1457981860e-03j  1.1830018570e+02+4.3903188292e-03j  9.6339659327e+01+3.2162841540e-03j
   8.0014584264e+01+2.4281745681e-03j  6.7534181997e+01+1.8803997976e-03j  5.7767789342e+01+1.4872573603e-03j  4.9975314695e+01+1.1973043796e-03j  4.3655134044e+01+9.7848243370e-04j  3.8456770265e+01+8.1008177451e-04j]
 [-1.2672014716e+04-1.5022682851e+01j -1.7512890728e+03-2.2996586969e-01j -1.0493910682e+03-6.1448475390e-02j -8.1899291845e+02-2.4115188431e-02j -7.2931772973e+02-8.1756713029e-03j -7.1485431479e+02+3.0651685045e-03j
  -7.6951055750e+02+1.6693866469e-02j -9.3617846324e+02+4.4904744075e-02j -1.4289281061e+03+1.5342248391e-01j -5.2774932887e+03+2.7822389781e+00j  2.1380047724e+03+5.7349142580e-01j  7.8351375865e+02+9.3153040593e-02j
   4.4648517681e+02+3.5572292282e-02j  2.9781367514e+02+1.8123592052e-02j  2.1712979346e+02+1.0243962853e-02j  1.5067764183e+02-4.1355733887e-03j  1.2666192778e+02+4.6206027646e-03j  1.0316257180e+02+3.4725652995e-03j
   8.5502729876e+01+2.6291356905e-03j  7.1992733511e+01+2.0344028423e-03j  6.1435003421e+01+1.6062252419e-03j  5.3027426317e+01+1.2904251783e-03j  4.6222654823e+01+1.0523522984e-03j  4.0637543213e+01+8.6941111592e-04j]
 [ 2.1288694090e+03-4.6093218681e-01j -1.4202689256e+04-1.6803476315e+01j -1.9924479974e+03-2.5591688098e-01j -1.2169763109e+03-6.6691664913e-02j -9.7446632894e+02-2.3675823902e-02j -8.9984259979e+02-3.3243228603e-03j
  -9.3231051670e+02+1.5212752025e-02j -1.1044432592e+03+4.8700800600e-02j -1.6529902510e+03+1.7264664806e-01j -6.0134993120e+03+3.1564648673e+00j  2.4070352404e+03+6.5012437527e-01j  8.7341824805e+02+1.0519976641e-01j
   4.9351352479e+02+3.9997854136e-02j  3.2655501091e+02+2.0344334131e-02j  2.3525965692e+02+1.1948266373e-02j  1.8002537507e+02+7.2195004421e-03j  1.2673352521e+02-5.8272548407e-03j  1.1031640751e+02+3.6196752610e-03j
   9.1499423431e+01+2.8344955584e-03j  7.6894309016e+01+2.2025334125e-03j  6.5464509548e+01+1.7381977901e-03j  5.6372983298e+01+1.3941190338e-03j  4.9028555887e+01+1.1345899822e-03j  4.3013221931e+01+9.3534385845e-04j]
 [ 9.9223148761e+02-1.0816313587e-01j  2.3855820320e+03-5.2195256349e-01j -1.6151826857e+04-1.9061381376e+01j -2.3099491778e+03-2.8801330143e-01j -1.4475939182e+03-7.1873799557e-02j -1.2019814754e+03-2.0168932452e-02j
  -1.1732529872e+03+9.7791577595e-03j -1.3377364096e+03+5.1794132486e-02j -1.9495458100e+03+1.9607150559e-01j -6.9544170788e+03+3.6299987390e+00j  2.7418763681e+03+7.4686019164e-01j  9.8299086978e+02+1.2022860022e-01j
   5.4992903448e+02+4.5431387018e-02j  3.6077577817e+02+2.2981429148e-02j  2.5777291183e+02+1.3483308058e-02j  1.9468516415e+02+8.6064561782e-03j  1.5400443722e+02+5.3830197110e-03j  1.0899951288e+02-6.9467324530e-03j
   9.7722503314e+01+2.9229411840e-03j  8.2234806583e+01+2.3704671637e-03j  6.9888874166e+01+1.8813837342e-03j  6.0046537893e+01+1.5088959528e-03j  5.2102891494e+01+1.2260940069e-03j  4.5608662168e+01+1.0087326056e-03j]
 [ 6.4889361822e+02-5.0221386931e-02j  1.1114392291e+03-1.2371414473e-01j  2.7125127653e+03-6.0130004535e-01j -1.8718301732e+04-2.2017744653e+01j -2.7469039629e+03-3.2833505983e-01j -1.7850923045e+03-7.5210309156e-02j
  -1.5667819606e+03-7.4418100426e-03j -1.6830141867e+03+5.1728090952e-02j -2.3607251136e+03+2.2472796369e-01j -8.1998455481e+03+4.2483115267e+00j  3.1699910562e+03+8.7275860166e-01j  1.1193958640e+03+1.3948746295e-01j
   6.1871424560e+02+5.2270473952e-02j  4.0186448582e+02+2.6232714059e-02j  2.8464924074e+02+1.5294748306e-02j  2.1315909369e+02+9.7629090348e-03j  1.6623012538e+02+6.5743793566e-03j  1.3474173860e+02+4.1745003263e-03j
   9.5331103011e+01-7.7339359077e-03j  8.7718451621e+01+2.4156492650e-03j  7.4695472425e+01+2.0208331221e-03j  6.4074979864e+01+1.6325874360e-03j  5.5476305010e+01+1.3271335301e-03j  4.8451157552e+01+1.0903166292e-03j]
 [ 1.1143639965e+03-5.3982861360e+01j  7.2663462824e+02-5.7909050952e-02j  1.2632784427e+03-1.4428107881e-01j  3.1430319686e+03-7.0859037443e-01j -2.2250723655e+04-2.6055738857e+01j -3.3864093647e+03-3.7930251253e-01j
  -2.3262661217e+03-7.0023100423e-02j -2.2469569000e+03+3.9660923574e-02j -2.9692909756e+03+2.5895714083e-01j -9.9267272646e+03+5.0896027844e+00j  3.7366985785e+03+1.0432650734e+00j  1.2938193130e+03+1.6501492810e-01j
   7.0436211075e+02+6.1129454787e-02j  4.5198294523e+02+3.0352055183e-02j  3.1694913156e+02+1.7533892772e-02j  2.3527239342e+02+1.1116813647e-02j  1.8187159356e+02+7.4964234063e-03j  1.4516500694e+02+5.2354919765e-03j
   1.1990353995e+02+3.3310583436e-03j  8.4469268474e+01-8.3140635529e-03j  7.9577297465e+01+2.0329679113e-03j  6.8438583247e+01+1.7497386827e-03j  5.9170891380e+01+1.4352324081e-03j  5.1568007708e+01+1.1801658899e-03j]
 [ 3.8783492409e+02-2.0701939162e-02j  1.2479439921e+03-6.0479691398e+01j  8.2567593014e+02-6.8197035294e-02j  1.4632562715e+03-1.7266868115e-01j  3.7356351535e+03-8.6148950229e-01j -2.7421037729e+04-3.1901082600e+01j
  -4.4119007485e+03-4.4106849394e-01j -3.3353263672e+03-2.5679436153e-02j -3.9632740019e+03+2.9378774734e-01j -1.2482667752e+04+6.3004258233e+00j  4.5225194314e+03+1.2869954058e+00j  1.5247265940e+03+2.0037668653e-01j
   8.1389552577e+02+7.3023502701e-02j  5.1440165544e+02+3.5731191514e-02j  3.5636379016e+02+2.0385017384e-02j  2.6187275448e+02+1.2792804734e-02j  2.0064523545e+02+8.5660978640e-03j  1.5870989938e+02+6.0005430909e-03j
   1.2893792906e+02+4.3000839212e-03j  1.0811971463e+02+2.7154015478e-03j  7.5626193369e+01-8.7579005824e-03j  7.2820877579e+01+1.7359016766e-03j  6.3160908939e+01+1.5345186122e-03j  5.4977201275e+01+1.2755485019e-03j]
 [ 3.2169941276e+02-1.5252383300e-02j  4.3390399648e+02-2.4167706676e-02j  1.4181031160e+03-6.8754247504e+01j  9.5613943212e+02-8.2595900752e-02j  1.7385555209e+03-2.1417000645e-01j  4.6030724675e+03-1.0962041703e+00j
  -3.5712553208e+04-4.1113821246e+01j -6.3240839963e+03-4.9054303199e-01j -5.8815959508e+03+2.8689415997e-01j -1.6657404809e+04+8.1896079654e+00j  5.6856422487e+03+1.6633840489e+00j  1.8449293778e+03+2.5238612697e-01j
   9.5891137055e+02+8.9754142627e-02j  5.9423835578e+02+4.3021912942e-02j  4.0546280984e+02+2.4131306124e-02j  2.9434621461e+02+1.4935029212e-02j  2.2324947859e+02+9.8909930088e-03j  1.7501178533e+02+6.8792790219e-03j
   1.4086800979e+02+4.9538120263e-03j  1.1605069644e+02+3.6167067994e-03j  9.8532928803e+01+2.2498442047e-03j  6.8283682589e+01-9.1080532641e-03j  6.7121773202e+01+1.4997852169e-03j  5.8647828219e+01+1.3602406059e-03j]
 [ 2.7423242971e+02-1.1941219002e-02j  3.5970928735e+02-1.7897932859e-02j  4.9262524747e+02-2.8876389418e-02j  1.6422240906e+03-7.9651839165e+01j  1.1357680844e+03-1.0399933441e-01j  2.1415711308e+03-2.7998913584e-01j
   5.9942383611e+03-1.4997023905e+00j -5.1174118091e+04-5.7762176760e+01j -1.1149431622e+04-2.3510894860e-01j -2.4714428113e+04+1.1524365789e+01j  7.5854643000e+03+2.3184446857e+00j  2.3188908898e+03+3.3573942839e-01j
   1.1600187239e+03+1.1482233602e-01j  6.9994678755e+02+5.3391567630e-02j  4.6827161374e+02+2.9245926627e-02j  3.3480789944e+02+1.7763715552e-02j  2.5085641333e+02+1.1589469876e-02j  1.9465856756e+02+7.9675628148e-03j
   1.5526633207e+02+5.6967734319e-03j  1.2669853665e+02+4.1880000749e-03j  1.0556583892e+02+3.0995854995e-03j  9.0579261889e+01+1.8875902497e-03j  6.2086906017e+01-9.3914891230e-03j  6.2248242991e+01+1.3083591136e-03j]
 [ 2.3801473938e+02-9.7276541637e-03j  3.0641981730e+02-1.4072611210e-02j  4.0817497021e+02-2.1510398238e-02j  5.7001031618e+02-3.5581890356e-02j  1.9507774684e+03-9.4654646336e+01j  1.3987615242e+03-1.3863876772e-01j
   2.7879643095e+03-3.9813140414e-01j  8.5885164237e+03-2.3412681656e+00j -9.0192360280e+04-9.6700668882e+01j -4.6839426308e+04+1.8568943021e+01j  1.1252060910e+04+3.7243327370e+00j  3.0930698000e+03+4.8830053118e-01j
   1.4577084962e+03+1.5592920187e-01j  8.4655194294e+02+6.9132888767e-02j  5.5144185070e+02+3.6581660179e-02j  3.8657499353e+02+2.1647793128e-02j  2.8526258162e+02+1.3841111882e-02j  2.1866401077e+02+9.3659218627e-03j
   1.7263563476e+02+6.6163212146e-03j  1.3958553040e+02+4.8301555424e-03j  1.1517065549e+02+3.6077266129e-03j  9.6866725763e+01+2.6970052776e-03j  8.3872574269e+01+1.5989981857e-03j  5.6784721152e+01-9.6259968833e-03j]
 [ 2.0909700313e+02-8.1451371578e-03j  2.6570859460e+02-1.1507532017e-02j  3.4747971649e+02-1.6992878807e-02j  4.7206411396e+02-2.6684186105e-02j  6.7659721792e+02-4.5751725196e-02j  2.4024953068e+03-1.1662069435e+02j
   1.8206151022e+03-2.0240604091e-01j  3.9934445980e+03-6.5986224302e-01j  1.5135529666e+04-4.9809960048e+00j -3.7879097522e+05-2.4793367762e+02j  2.1320707553e+04+8.5464422591e+00j  4.5872329720e+03+8.4045927875e-01j
   1.9439757343e+03+2.3338201268e-01j  1.0635746749e+03+9.5350219311e-02j  6.6679694036e+02+4.7825625410e-02j  4.5513071488e+02+2.7255183712e-02j  3.2928870689e+02+1.6947209992e-02j  2.4858892846e+02+1.1225716307e-02j
   1.9386777077e+02+7.7999763980e-03j  1.5514675934e+02+5.6240984285e-03j  1.2682845441e+02+4.1724638015e-03j  1.0560633137e+02+3.1554272959e-03j  8.9531124970e+01+2.3761811283e-03j  7.8139563761e+01+1.3645014842e-03j]
 [ 1.8521586197e+02-6.9310537535e-03j  2.3313030936e+02-9.6715686696e-03j  3.0105719374e+02-1.3951138754e-02j  4.0162711628e+02-2.1191397033e-02j  5.6008472713e+02-3.4581876267e-02j  8.3269810773e+02-6.2602870300e-02j
   3.1270277824e+03-1.5186270351e+02j  2.6074014698e+03-3.4835429921e-01j  7.0357619440e+03-1.5601344286e+00j  6.3561295127e+04-4.7456500746e+01j  1.7237195932e+05+2.5023886030e+02j  8.6902833714e+03+2.1992988590e+00j
   2.8824879255e+03+4.1911880046e-01j  1.4180867807e+03+1.4568950657e-01j  8.3756820039e+02+6.6764463739e-02j  5.5022267931e+02+3.5914270257e-02j  3.8759897242e+02+2.1455062260e-02j  2.8688671418e+02+1.3801073258e-02j
   2.2034206822e+02+9.3784436920e-03j  1.7417730180e+02+6.6474763088e-03j  1.4091925229e+02+4.8697134018e-03j  1.1624464946e+02+3.6590689671e-03j  9.7541286789e+01+2.7945731949e-03j  8.3260189206e+01+2.1154537182e-03j]
 [ 1.6517304434e+02-5.8847986952e-03j  2.0611328270e+02-8.2683228147e-03j  2.6383153260e+02-1.1768575382e-02j  3.4769652148e+02-1.7472673971e-02j  4.7625068631e+02-2.7628356518e-02j  6.8902164426e+02-4.7765243279e-02j
   1.0831519492e+03-9.4505415638e-02j  4.4782680543e+03-2.1762852182e+02j  4.5931447159e+03-8.7317186631e-01j  2.9539139985e+04-1.8884217421e+01j -2.8922180969e+04-1.4651332142e+00j  7.0239707427e+04+9.1583489365e+01j
   5.4597053176e+03+1.1752487233e+00j  2.1023227735e+03+2.6927520529e-01j  1.1165380531e+03+1.0361373098e-01j  6.9100427642e+02+5.0623987090e-02j  4.6848593039e+02+2.8457502524e-02j  3.3761556082e+02+1.7554795494e-02j
   2.5422912950e+02+1.1571210916e-02j  1.9791244557e+02+8.0152655815e-03j  1.5815943389e+02+5.7693899337e-03j  1.2911599125e+02+4.2798451652e-03j  1.0732024995e+02+3.2489129437e-03j  9.0646915890e+01+2.5010089944e-03j]
 [ 1.4891767416e+02-4.7158236613e-03j  1.8324200752e+02-7.0789076123e-03j  2.3284016593e+02-1.0103654429e-02j  3.0436731970e+02-1.4793369970e-02j  4.1200032328e+02-2.2886490767e-02j  5.8559225639e+02-3.8426807399e-02j
   8.9592733957e+02-7.2937719362e-02j  1.5503516199e+03-1.7005250167e-01j  7.8884973150e+03-3.8386496121e+02j  1.9281682522e+04-1.1716472233e+01j -1.3438016512e+04-2.1228093194e+00j -1.1784824694e+04+1.1445912783e+00j
   4.4117199668e+04+5.5850830114e+01j  3.9812969268e+03+7.8805826699e-01j  1.6549860489e+03+1.9553236078e-01j  9.2099319626e+02+7.9527158503e-02j  5.8824450539e+02+4.0432570760e-02j  4.0799145323e+02+2.3413881041e-02j
   2.9912063146e+02+1.4778786742e-02j  2.2829836081e+02+9.9204976633e-03j  1.7966718088e+02+6.9741170323e-03j  1.4487148780e+02+5.0814603173e-03j  1.1916376652e+02+3.8078531918e-03j  9.9691553118e+01+2.9148162629e-03j]
 [ 1.3942488085e+02-2.3362876574e-03j  1.6428374719e+02-5.8047676360e-03j  2.0639419930e+02-8.7124952294e-03j  2.6816419362e+02-1.2749007846e-02j  3.6028873487e+02-1.9449014116e-02j  5.0625418880e+02-3.1997136016e-02j
   7.6109067915e+02-5.9162873223e-02j  1.2819406809e+03-1.3314529411e-01j  2.7296498508e+03-4.5365168637e-01j  3.3112928918e+04-1.6254022267e+03j -8.7708071469e+03-1.6631630473e+00j -5.4743645979e+03-5.5676448586e-02j
  -7.4016695517e+03+9.9882779218e-01j  3.2163216139e+04+4.0157701757e+01j  3.1336307921e+03+5.8912815952e-01j  1.3649152795e+03+1.5245867433e-01j  7.8389820405e+02+6.4141205356e-02j  5.1219441856e+02+3.3487556685e-02j
   3.6140378293e+02+1.9805394669e-02j  2.6855649048e+02+1.2715949047e-02j  2.0720620870e+02+8.6560930033e-03j  1.6453223530e+02+6.1565930415e-03j  1.3366797576e+02+4.5300082277e-03j  1.1065687347e+02+3.4228240927e-03j]
 [ 1.4677804423e+02+6.3234915661e-03j  1.5201162321e+02-3.3633321130e-03j  1.8403624986e+02-7.2843019567e-03j  2.3704191931e+02-1.1060097992e-02j  3.1693711703e+02-1.6818429488e-02j  4.4229568358e+02-2.7295223135e-02j
   6.5757863015e+02-4.9555459079e-02j  1.0885618893e+03-1.0908605454e-01j  2.2563945451e+03-3.6189067631e-01j  1.1453532950e+04-6.6859216402e+00j -1.5061925498e+04+7.2738289410e+02j -3.5727661155e+03-1.4945974829e-01j
  -3.4375898252e+03+9.5116868761e-02j -5.3959481788e+03+8.2163698410e-01j  2.5309584116e+04+3.1346857529e+01j  2.5839987419e+03+4.6912949629e-01j  1.1615598954e+03+1.2448798637e-01j  6.8244312200e+02+5.3552017471e-02j
   4.5363050714e+02+2.8485946900e-02j  3.2441632304e+02+1.7111437474e-02j  2.4369698206e+02+1.1130403204e-02j  1.8971069705e+02+7.6606304475e-03j  1.5177217512e+02+5.4998861575e-03j  1.2409203713e+02+4.0794029820e-03j]
 [ 4.3234225991e+02+2.3243574346e-01j  1.5610684789e+02+5.2458070722e-03j  1.6830031175e+02-4.7388680076e-03j  2.1025511204e+02-9.3968397785e-03j  2.7941402006e+02-1.4661530535e-02j  3.8851096211e+02-2.3674286041e-02j
   5.7400834428e+02-4.2443345350e-02j  9.4000226318e+02-9.2004895925e-02j  1.9153233606e+03-3.0023876147e-01j  9.4652889249e+03-5.4704318598e+00j -5.2078062360e+03-1.1120066535e+00j -6.1349083354e+03+2.9720523269e+02j
  -2.2433677718e+03-8.9780359869e-03j -2.5056081241e+03+1.1277828581e-01j -4.2460494712e+03+6.8875710274e-01j  2.0865933287e+04+2.5706922200e+01j  2.1987005273e+03+3.8922716978e-01j  1.0110793250e+03+1.0497203764e-01j
   6.0432059408e+02+4.5860386630e-02j  4.0713772184e+02+2.4730128398e-02j  2.9433430927e+02+1.5032095376e-02j  2.2307783856e+02+9.8781698055e-03j  1.7496140058e+02+6.8590341851e-03j  1.4086647904e+02+4.9622341654e-03j]
 [-2.6913685281e+02+2.1091478917e-02j  4.3448651618e+02+2.2850196826e-01j  1.6843026425e+02+3.8581489170e-03j  1.9004321285e+02-6.6767489110e-03j  2.4658665977e+02-1.2617809103e-02j  3.4166195688e+02-2.0713120638e-02j
   5.0353053916e+02-3.6908094906e-02j  8.1990086253e+02-7.9142666542e-02j  1.6531366244e+03-2.5534240441e-01j  8.0319862954e+03-4.6130837607e+00j -4.3028016615e+03-9.4365508330e-01j -2.1206224885e+03-1.3939787846e-01j
  -3.8517939527e+03+1.8675600789e+02j -1.6350993018e+03+2.1794092042e-02j -1.9713267981e+03+1.0836370639e-01j -3.5005377758e+03+5.9041582228e-01j  1.7751126694e+04+2.1787697149e+01j  1.9136049706e+03+3.3234407786e-01j
   8.9521453404e+02+9.0631027020e-02j  5.4230507392e+02+4.0041193846e-02j  3.6932771003e+02+2.1816080769e-02j  2.6938524605e+02+1.3383621409e-02j  2.0569642526e+02+8.8668969854e-03j  1.6235641090e+02+6.2012796335e-03j]
 [-1.0720075859e+03-1.2249838213e+00j -2.6323471716e+02+1.9550187495e-02j  4.3892339665e+02+2.2435960465e-01j  1.8515813413e+02+1.9728471125e-03j  2.2031245114e+02-9.5943667998e-03j  3.0005963411e+02-1.7997959588e-02j
   4.4178037965e+02-3.2364869780e-02j  7.1834849258e+02-6.8968917560e-02j  1.4409157157e+03-2.2070941735e-01j  6.9295770844e+03-3.9642470716e+00j -3.6502486372e+03-8.1364249731e-01j -1.7517723479e+03-1.2526763146e-01j
  -1.3311450662e+03-3.7145102954e-02j -2.8071164490e+03+1.3615660319e+02j -1.2864210148e+03+2.9945292416e-02j -1.6249637241e+03+9.9838380144e-02j -2.9780017727e+03+5.1576725145e-01j  1.5446582242e+04+1.8906114187e+01j
   1.6941094457e+03+2.8984852861e-01j  8.0324580437e+02+7.9672771788e-02j  4.9187533339e+02+3.5496354150e-02j  3.3797176763e+02+1.9495061400e-02j  2.4835544624e+02+1.2047746248e-02j  1.9084310539e+02+8.0348897086e-03j]
 [ 6.0511333578e+01-3.9931792954e-02j -1.0785032889e+03-1.2350311501e+00j -2.5619381894e+02+1.7761222012e-02j  4.4667835453e+02+2.1984322300e-01j  2.0876274769e+02-7.7320435161e-04j  2.6503018741e+02-1.4409429192e-02j
   3.8619043913e+02-2.8295802687e-02j  6.2888815488e+02-6.0521058278e-02j  1.2610378332e+03-1.9265656309e-01j  6.0362797303e+03-3.4458067968e+00j -3.1481070007e+03-7.0874035807e-01j -1.4857670333e+03-1.1155310880e-01j
  -1.0994438721e+03-3.7018802192e-02j -9.6996849721e+02-1.0259179014e-02j -2.2082463456e+03+1.0713074705e+02j -1.0604021252e+03+3.1533352185e-02j -1.3822170980e+03+9.1206534650e-02j -2.5914250856e+03+4.5750495715e-01j
   1.3672493917e+04+1.6698326942e+01j  1.5198990739e+03+2.5692566461e-01j  7.2846551367e+02+7.1040183199e-02j  4.5005751874e+02+3.1855163546e-02j  3.1154382894e+02+1.7606239287e-02j  2.3038589789e+02+1.0945203643e-02j]
 [-1.0346873604e+02-2.3543308500e-02j  5.5665974854e+01-4.1339373005e-02j -1.0851685570e+03-1.2454585611e+00j -2.4743731020e+02+1.5585127376e-02j  4.5955287871e+02+2.1464003883e-01j  2.4401056122e+02-5.1708912131e-03j
   3.3727030370e+02-2.3517625294e-02j  5.4733348742e+02-5.3029415643e-02j  1.1017817069e+03-1.6885202417e-01j  5.2774517523e+03-3.0111319693e+00j -2.7408183528e+03-6.2025884072e-01j -1.2809938242e+03-9.9001223604e-02j
  -9.3232604991e+02-3.4708507094e-02j -8.0103991461e+02-1.3085198877e-02j -7.6297009125e+02-4.8277990617e-04j -1.8200250696e+03+8.8305736764e+01j -9.0201645721e+02+3.0912517876e-02j -1.2026504496e+03+8.3411098361e-02j
  -2.2938572146e+03+4.1089641761e-01j  1.2264590402e+04+1.4952768483e+01j  1.3782622939e+03+2.3068461046e-01j  6.6646170688e+02+6.4071618536e-02j  4.1481534020e+02+2.8876453749e-02j  2.8896379212e+02+1.6041367555e-02j]
 [-3.1029832677e+02-4.6089120779e-02j -1.1998258111e+02-2.5432432916e-02j  4.8993363972e+01-4.3016287481e-02j -1.0920220058e+03-1.2563864180e+00j -2.3595550851e+02+1.2763916973e-02j  4.8102393438e+02+2.0808317421e-01j
   3.0142484183e+02-1.3263670168e-02j  4.7272041694e+02-4.5133644755e-02j  9.5490818870e+02-1.4756815179e-01j  4.6024980297e+03-2.6293366622e+00j -2.3941446308e+03-5.4223161854e-01j -1.1147595701e+03-8.7404255622e-02j
  -8.0363585405e+02-3.1668284859e-02j -6.7918842481e+02-1.3502246370e-02j -6.3004022735e+02-4.0229324050e-03j -6.2882245902e+02+3.6594420002e-03j -1.5479533728e+03+7.5107799272e+01j -7.8486999911e+02+2.9533154752e-02j
  -1.0644459225e+03+7.6593601330e-02j -2.0577340186e+03+3.7282030870e-01j  1.1120082922e+04+1.3538041754e+01j  1.2608380603e+03+2.0928767741e-01j  6.1421338811e+02+5.8332819690e-02j  3.8470757876e+02+2.6396985024e-02j]
 [-9.8995785312e+02-2.4728384743e-01j -3.4974406572e+02-5.0594748669e-02j -1.4130066132e+02-2.7706784121e-02j  3.9624867615e+01-4.5065727188e-02j -1.0990951932e+03-1.2680230432e+00j -2.1980394501e+02+8.7636794888e-03j
   5.1877252340e+02+1.9848621584e-01j  4.0973183194e+02-3.1977808473e-02j  8.1581841305e+02-1.2669986565e-01j  3.9733368941e+03-2.2774543924e+00j -2.0844681894e+03-4.7011659125e-01j -9.7300819385e+02-7.6367598178e-02j
  -6.9908831913e+02-2.8300617700e-02j -5.8533256623e+02-1.2898505383e-02j -5.3415255425e+02-5.2983836379e-03j -5.1924025101e+02+3.7233348105e-05j -5.3484390005e+02+5.5324538035e-03j -1.3467035092e+03+6.5341966472e+01j
  -6.9472164306e+02+2.7938115555e-02j -9.5479450164e+02+7.0677785036e-02j -1.8658079329e+03+3.4115813111e-01j  1.0171362178e+04+1.2368236180e+01j  1.1619013320e+03+1.9151215362e-01j  5.6958240175e+02+5.3527488243e-02j]
 [ 4.0863269201e+03-2.9420416154e+00j -1.1103923999e+03-2.7443476543e-01j -4.0018817494e+02-5.6065976814e-02j -1.6970410540e+02-3.0487361409e-02j  2.6037097353e+01-4.7647377048e-02j -1.1064474899e+03-1.2807660076e+00j
  -1.9469227280e+02+2.2850874836e-03j  5.9377239515e+02+1.8026531224e-01j  6.8519645159e+02-1.0077199865e-01j  3.3588280487e+03-1.9352540871e+00j -1.7929371746e+03-3.9988487112e-01j -8.4588516628e+02-6.5402909597e-02j
  -6.0979307426e+02-2.4678868703e-02j -5.0903663813e+02-1.1743967042e-02j -4.6028230236e+02-5.5492834629e-03j -4.4019563792e+02-1.5202800855e-03j -4.4163361224e+02+2.0312929214e-03j -4.6535824353e+02+6.3712554038e-03j
  -1.1918185196e+03+5.7823510819e+01j -6.2321061049e+02+2.6342091480e-02j -8.6568128484e+02+6.5539067978e-02j -1.7067343978e+03+3.1442989630e-01j  9.3721343332e+03+1.1384814486e+01j  1.0774001373e+03+1.7651359751e-01j]
 [ 9.2213580681e+02-1.1962331278e-01j  4.5769433394e+03-3.3060083360e+00j -1.2639335475e+03-3.0823037729e-01j -4.6685533000e+02-6.2819835905e-02j -2.0919201708e+02-3.3930832350e-02j  5.2928219290e+00-5.1012752932e-02j
  -1.1142078810e+03-1.2954854767e+00j -1.4891224300e+02-1.0767275722e-02j  7.9092192799e+02+1.2248398869e-01j  2.7314932276e+03-1.5790449481e+00j -1.5001552835e+03-3.2673530611e-01j -7.2511227516e+02-5.3830953141e-02j
  -5.2942271874e+02-2.0699667544e-02j -4.4377683396e+02-1.0196327129e-02j -4.0020190741e+02-5.2244351214e-03j -3.7929468268e+02-2.1143525488e-03j -3.7440289484e+02+4.0467112618e-04j -3.8426639426e+02+3.0543071197e-03j
  -4.1190730474e+02+6.6998336615e-03j -1.0689400176e+03+5.1856712358e+01j -5.6510537785e+02+2.4829248330e-02j -7.9183449629e+02+6.1055288735e-02j -1.5727455207e+03+2.9157391202e-01j  8.6896344527e+03+1.0546515718e+01j]
 [ 5.9050738344e+02-4.2202506977e-02j  1.0323206938e+03-1.3623812564e-01j  5.2016011424e+03-3.7726566122e+00j -1.4663127125e+03-3.5140144912e-01j -5.5890431555e+02-7.1285155657e-02j -2.6747323518e+02-3.8191749858e-02j
  -2.9093006463e+01-5.5533424555e-02j -1.1227252197e+03-1.3145346301e+00j -3.5082253571e+01-5.1623741532e-02j  2.2812896401e+03-9.9679175231e-01j -1.1804426512e+03-2.4166561601e-01j -6.0071812640e+02-4.0091644783e-02j
  -4.5241800836e+02-1.6041786481e-02j -3.8484475652e+02-8.2402905967e-03j -3.4874646436e+02-4.4932513074e-03j -3.2974248922e+02-2.1567684636e-03j -3.2260242911e+02-3.3119827282e-04j -3.2578300366e+02+1.4446817371e-03j
  -3.4014923614e+02+3.5794799152e-03j -3.6952540832e+02+6.7640394578e-03j -9.6908363338e+02+4.7006155463e+01j -5.1696493862e+02+2.3428694493e-02j -7.2964443726e+02+5.7120352442e-02j -1.4583435160e+03+2.7181033479e-01j]
 [ 4.6389304540e+02-2.3419072623e-02j  6.6093041053e+02-4.8696424711e-02j  1.1725182994e+03-1.5809786761e-01j  6.0240033137e+03-4.3925134407e+00j -1.7451060646e+03-4.0835275256e-01j -6.9398911967e+02-8.1950961963e-02j
  -3.6156563122e+02-4.3129733623e-02j -9.4823628789e+01-6.1392257730e-02j -1.1334052619e+03-1.3472888834e+00j  8.0032318234e+02-7.4529520732e-01j -5.7922059662e+02+4.8737084051e-02j -4.5712145444e+02-1.8953040066e-02j
  -3.7125508042e+02-9.5359984412e-03j -3.2793576193e+02-5.6519022609e-03j -3.0213962679e+02-3.3662672402e-03j -2.8725689410e+02-1.8103555825e-03j -2.8044238904e+02-5.5126416008e-04j -2.8072397228e+02+6.5615588360e-04j
  -2.8840554729e+02+2.0223365445e-03j -3.0517879884e+02+3.8335754888e-03j -3.3510543993e+02+6.6879088737e-03j -8.8633993450e+02+4.2985400772e+01j -4.7643317159e+02+2.2145708711e-02j -6.7655632739e+02+5.3645962610e-02j]
 [ 3.9749440838e+02-1.5879149627e-02j  5.1917149704e+02-2.7348671247e-02j  7.5050509222e+02-5.7413373252e-02j  1.3569933978e+03-1.8808230435e-01j  7.1558156833e+03-5.2556954236e+00j -2.1534670292e+03-4.8655825016e-01j
  -9.1108121940e+02-9.4794094586e-02j -5.3792227064e+02-4.6180639621e-02j -2.6355099048e+02-6.2286779576e-02j -1.1656102343e+03-1.5131787221e+00j -7.9241611463e+02-2.7620810256e-02j -5.4793025665e+01+1.9582287473e-01j
  -2.7308739452e+02+3.5132029317e-03j -2.6667224847e+02-1.3851230700e-03j -2.5680404530e+02-1.6571673342e-03j -2.4866895362e+02-1.0929755809e-03j -2.4426078132e+02-4.0714803633e-04j -2.4404380745e+02+3.4678607622e-04j
  -2.4854350446e+02+1.2234478240e-03j -2.5878888765e+02+2.3424154762e-03j -2.7678755806e+02+3.9338613451e-03j -3.0660372837e+02+6.5374345718e-03j -8.1666261158e+02+3.9598290997e+01j -4.4184253092e+02+2.0975406440e-02j]
 [ 3.5714091150e+02-1.2028842696e-02j  4.4484518833e+02-1.8743148061e-02j  5.8947013918e+02-3.2703584853e-02j  8.6833451417e+02-6.9656898700e-02j  1.6107507437e+03-2.3158582146e-01j  8.8122738825e+03-6.5400173447e+00j
  -2.8087315089e+03-5.9919672642e-01j -1.3165581039e+03-1.0475707726e-01j -9.8455120398e+02-1.8488735987e-02j -1.5235944655e+03+5.3107354985e-01j -1.1260357486e+03-1.2085320631e+00j -4.9627640508e+02+3.0502019878e-02j
   7.5896453763e+01+2.0656401237e-01j -1.8956693447e+02+9.0445520591e-03j -2.0703946063e+02+1.6229359659e-03j -2.1087932555e+02+1.6387112370e-04j -2.1131701389e+02+8.2440495375e-05j -2.1254056671e+02+3.7669338418e-04j
  -2.1609124419e+02+8.6959315930e-04j -2.2305764369e+02+1.5539032592e-03j -2.3475451967e+02+2.5121603266e-03j -2.5328676152e+02+3.9445854969e-03j -2.8262094906e+02+6.3491005049e-03j -7.5718787621e+02+3.6705979219e+01j]
 [ 3.3057914624e+02-9.7604265465e-03j  3.9968037422e+02-1.4333803633e-02j  5.0505631197e+02-2.2690712959e-02j  6.8192852983e+02-4.0354959092e-02j  1.0303754404e+03-8.7933059600e-02j  1.9819867531e+03-2.9992753952e-01j
   1.1468507260e+04-8.6514460674e+00j -4.0311807856e+03-7.6720445956e-01j -2.3409554369e+03-4.9056939684e-02j -4.2946868798e+03+1.7560860469e+00j  8.8834851203e+02+3.1240503877e-01j -1.1425709293e+03-1.2832160174e+00j
  -4.1996875104e+02+3.0915100393e-02j  1.3325641287e+02+2.0682017327e-01j -1.4222061225e+02+1.0833271405e-02j -1.6864314123e+02+2.9157685000e-03j -1.7885219421e+02+1.0762708167e-03j -1.8379279877e+02+7.2871898837e-04j
  -1.8820203572e+02+8.3189870376e-04j -1.9396898632e+02+1.1796505245e-03j -2.0238714834e+02+1.7441464800e-03j -2.1486957298e+02+2.5911764855e-03j -2.3352011017e+02+3.9025483740e-03j -2.6216674335e+02+6.1436081960e-03j]
 [ 3.1233897792e+02-8.2903309060e-03j  3.6995544289e+02-1.1729673221e-02j  4.5377107240e+02-1.7538979225e-02j  5.8424080792e+02-2.8402714777e-02j  8.0906154921e+02-5.2003209339e-02j  1.2673843090e+03-1.1766029830e-01j
   2.5770940345e+03-4.2110448978e-01j  1.6421430728e+04-1.2758998340e+01j -7.1170685731e+03-9.4791637049e-01j -9.9227309769e+03+3.9567695691e+00j  2.0300090410e+03+7.6871887181e-01j  4.4367591827e+02+6.2467413018e-02j
  -1.1527504869e+03-1.3099693387e+00j -3.8468439922e+02+2.8885521082e-02j  1.6426776957e+02+2.0505015165e-01j -1.1196056586e+02+1.1429856576e-02j -1.4195415510e+02+3.5072985856e-03j -1.5529810185e+02+1.5556525487e-03j
  -1.6270204304e+02+1.0955877727e-03j -1.6895901301e+02+1.1007067989e-03j -1.7604037487e+02+1.3629355182e-03j -1.8529599419e+02+1.8483005356e-03j -1.9815296159e+02+2.6141747919e-03j -2.1666925225e+02+3.8295644675e-03j]
 [ 2.9962529937e+02-7.2699125771e-03j  3.4954579045e+02-1.0039763990e-02j  4.2002345681e+02-1.4487341485e-02j  5.2490381988e+02-2.2221215074e-02j  6.9311414957e+02-3.7221104960e-02j  9.9499142490e+02-7.1387064606e-02j
   1.6472552501e+03-1.7272071748e-01j  3.6864819388e+03-6.8517163026e-01j  2.8919958531e+04-2.4109832373e+01j -2.9945850709e+04+8.5351863417e+00j  4.5590683393e+03+1.8067208614e+00j  8.5925822274e+02+1.9042396519e-01j
   3.3137881189e+02+1.9499683854e-02j -1.1618741596e+03-1.3281750874e+00j -3.6420276993e+02+2.6939146478e-02j  1.8286688849e+02+2.0276684146e-01j -9.1116702715e+01+1.1566622446e-02j -1.2240194897e+02+3.7733262221e-03j
  -1.3729032076e+02+1.8093675522e-03j -1.4605210417e+02+1.3048636577e-03j -1.5338105068e+02+1.2583978859e-03j -1.6122895166e+02+1.4677849312e-03j -1.7093788608e+02+1.8981602457e-03j -1.8391034638e+02+2.6021316451e-03j]
 [ 2.9087895422e+02-6.5233148284e-03j  3.3532234329e+02-8.8668056871e-03j  3.9685567107e+02-1.2503833438e-02j  4.8586545944e+02-1.8546059252e-02j  6.2270341077e+02-2.9525006548e-02j  8.5233022453e+02-5.2127364134e-02j
   1.2929673847e+03-1.0826632657e-01j  2.3553120237e+03-2.9970753939e-01j  6.4855036949e+03-1.5721188377e+00j  1.2136323323e+05-1.5187902429e+02j  1.3654175818e+04+6.9847809226e+00j  1.8764345307e+03+4.6203115879e-01j
   5.6059279234e+02+9.8063428625e-02j  2.8104835924e+02+2.5427279830e-03j -1.1707216072e+03-1.3434467007e+00j -3.5074413744e+02+2.5269524109e-02j  1.9465248395e+02+2.0036367609e-01j -7.6010334781e+01+1.1505820118e-02j
  -1.0752063173e+02+3.8750915164e-03j -1.2311072202e+02+1.9377655904e-03j -1.3259622084e+02+1.4208083449e-03j -1.4052733577e+02+1.3473067430e-03j -1.4879768724e+02+1.5227106011e-03j -1.5871388929e+02+1.9131310482e-03j]
 [ 2.8518234890e+02-5.9529967195e-03j  3.2553988681e+02-8.0100754829e-03j  3.8071353059e+02-1.1127133459e-02j  4.5907108477e+02-1.6152506578e-02j  5.7639011365e+02-2.4927833144e-02j  7.6572146206e+02-4.2011045749e-02j
   1.1074819690e+03-8.0993054946e-02j  1.8483384272e+03-1.9610523098e-01j  4.1416021890e+03-7.6091083111e-01j  2.7186003395e+04-1.7942924548e+01j -5.5183249592e+04+2.5075951069e+01j  5.5756846045e+03+2.0240702005e+00j
   1.1908540138e+03+2.4541244001e-01j  4.2449018575e+02+6.3310978215e-02j  2.5303357348e+02-6.5031945997e-03j -1.1795263428e+03-1.3574362928e+00j -3.4118178048e+02+2.3835009651e-02j  2.0230866353e+02+1.9796366711e-01j
  -6.4656913288e+01+1.1355495593e-02j -9.5862674549e+01+3.8892321141e-03j -1.1168433844e+02+1.9933207217e-03j -1.2151441387e+02+1.4794297349e-03j -1.2975372757e+02+1.3924124276e-03j -1.3822498695e+02+1.5451937873e-03j]
 [ 2.8198442966e+02-5.5004504883e-03j  3.1917146745e+02-7.3581252764e-03j  3.6961501769e+02-1.0123669950e-02j  4.4040693916e+02-1.4491253783e-02j  5.4461022515e+02-2.1926215218e-02j  7.0876870499e+02-3.5930868643e-02j
   9.9491019403e+02-6.6490708336e-02j  1.5830197602e+03-1.5114711957e-01j  3.2493650481e+03-5.2815696454e-01j  1.7351656972e+04-1.0432721739e+01j -1.2346517556e+04-1.6939090897e+00j -2.2468193039e+04+1.3536397160e+01j
   3.5099005547e+03+1.1386466384e+00j  8.7753299027e+02+1.6356650850e-01j  3.4690905064e+02+4.5492287916e-02j  2.3557133713e+02-1.2167846766e-02j -1.1883841830e+03-1.3708070407e+00j -3.3401561278e+02+2.2579203582e-02j
   2.0728248450e+02+1.9560816688e-01j -5.5891611184e+01+1.1164549029e-02j -8.6522473564e+01+3.8550030003e-03j -1.0230420978e+02+2.0051474162e-03j -1.1224529327e+02+1.5018881958e-03j -1.2060438259e+02+1.4090351184e-03j]
 [ 2.8096336382e+02-5.1279586863e-03j  3.1560045727e+02-6.8441118423e-03j  3.6239401472e+02-9.3635906621e-03j  4.2757933994e+02-1.3283449535e-02j  5.2248002507e+02-1.9842975455e-02j  6.6969900791e+02-3.1947855593e-02j
   9.2090640552e+02-5.7700894246e-02j  1.4220526868e+03-1.2680434178e-01j  2.7826225767e+03-4.2269891207e-01j  1.3610022240e+04-7.8942867358e+00j -7.8757775690e+03-1.5438722397e+00j -5.0205532340e+03+5.3603925836e-02j
  -1.4100373855e+04+9.0325138384e+00j  2.5649090394e+03+7.8554619183e-01j  6.9821795841e+02+1.2152594715e-01j  2.9698248179e+02+3.4744584917e-02j  2.2393514408e+02-1.6091318826e-02j -1.1973429031e+03-1.3838785072e+00j
  -3.2843600695e+02+2.1457913327e-02j  2.1042248624e+02+1.9331033800e-01j -4.8985815069e+01+1.0956555734e-02j -7.8904504576e+01+3.7936687476e-03j -9.4486352385e+01+1.9901652728e-03j -1.0439159479e+02+1.5011030242e-03j]
 [ 2.8195543027e+02-4.8092787092e-03j  3.1446682074e+02-6.4250307269e-03j  3.5835046547e+02-8.7690223306e-03j  4.1923903634e+02-1.2373818830e-02j  5.0727702906e+02-1.8333168721e-02j  6.4250194079e+02-2.9183497769e-02j
   8.7015572649e+02-5.1917118512e-02j  1.3162690777e+03-1.1187082789e-01j  2.4995604720e+03-3.6390345984e-01j  1.1653618350e+04-6.6353544704e+00j -6.1757498665e+03-1.3418843595e+00j -3.2006362440e+03-1.5438237366e-01j
  -3.1464954078e+03+1.5293027073e-01j -1.0270974586e+04+6.7606183135e+00j  2.0233778171e+03+5.9784713796e-01j  5.8222349050e+02+9.6164093720e-02j  2.6230679082e+02+2.7577533653e-02j  2.1585834805e+02-1.9005548619e-02j
  -1.2064299753e+03-1.3968250486e+00j -3.2396745254e+02+2.0439159487e-02j  2.1225873987e+02+1.9107285522e-01j -4.3460501730e+01+1.0743337634e-02j -7.2601120649e+01+3.7172441110e-03j -8.7888304766e+01+1.9585736462e-03j]
 [ 2.8491939882e+02-4.5243966882e-03j  3.1558751681e+02-6.0711109784e-03j  3.5707574539e+02-8.2899866831e-03j  4.1457620414e+02-1.1669252884e-02j  4.9740005433e+02-1.7204314472e-02j  6.2382759636e+02-2.7188225856e-02j
   8.3484119442e+02-4.7902847888e-02j  1.2437499062e+03-1.0198198439e-01j  2.3136065797e+03-3.2714985388e-01j  1.0467621019e+04-5.8938109303e+00j -5.2872882056e+03-1.2052686451e+00j -2.5090049453e+03-1.7445047595e-01j
  -2.0046098129e+03-2.0835989535e-02j -2.2886944692e+03+1.5115178996e-01j -8.0753029550e+03+5.3983711026e+00j  1.6724870326e+03+4.8189023802e-01j  5.0114456928e+02+7.9270741773e-02j  2.3693264995e+02+2.2460795183e-02j
   2.1011839463e+02-2.1284936173e-02j -1.2156631283e+03-1.4097510356e+00j -3.2031226814e+02+1.9499970788e-02j  2.1313912461e+02+1.8889441046e-01j -3.8987871854e+01+1.0530924586e-02j -6.7323918861e+01+3.6327324356e-03j]
 [ 2.8992275472e+02-4.2561673823e-03j  3.1891663576e+02-5.7598540862e-03j  3.5836225846e+02-7.8920986326e-03j  4.1311830707e+02-1.1110177160e-02j  4.9188829439e+02-1.6341008397e-02j  6.1170620167e+02-2.5710473065e-02j
   8.1060698232e+02-4.5021160680e-02j  1.1933099846e+03-9.5117958894e-02j  2.1861770368e+03-3.0257591252e-01j  9.6888053160e+03-5.4146984943e+00j -4.7489314245e+03-1.1126593383e+00j -2.1477379393e+03-1.7230009891e-01j
  -1.5709214392e+03-4.9847287581e-02j -1.4571042675e+03+1.0134661928e-02j -1.7967228212e+03+1.3675477309e-01j -6.6515869023e+03+4.4919072983e+00j  1.4267142975e+03+4.0329986635e-01j  4.4135653739e+02+6.7237198034e-02j
   2.1765028180e+02+1.8622678346e-02j  2.0599793207e+02-2.3140416546e-02j -1.2250549829e+03-1.4227237533e+00j -3.1727454729e+02+1.8623647816e-02j  2.1330115512e+02+1.8677226994e-01j -3.5336104248e+01+1.0322362601e-02j]
 [ 2.9714436927e+02-3.9877041834e-03j  3.2452999476e+02-5.4722383736e-03j  3.6215817449e+02-7.5496678143e-03j  4.1462547064e+02-1.0655923089e-02j  4.9018132529e+02-1.5669697274e-02j  6.0495608312e+02-2.4599429284e-02j
   7.9489242052e+02-4.2914242939e-02j  1.1587180806e+03-9.0228055632e-02j  2.0975876073e+03-2.8551529279e-01j  9.1553308069e+03-5.0890769028e+00j -4.3955581213e+03-1.0483118210e+00j -1.9289358215e+03-1.6700084018e-01j
  -1.3445155664e+03-5.7072026124e-02j -1.1414713913e+03-1.6467638917e-02j -1.1430515002e+03+1.9353523051e-02j -1.4776097024e+03+1.2220917948e-01j -5.6535195209e+03+3.8456315881e+00j  1.2450377949e+03+3.4657919573e-01j
   3.9550825221e+02+5.8240088918e-02j  2.0257547489e+02+1.5633561913e-02j  2.0304846198e+02-2.4699727318e-02j -1.2346153095e+03-1.4357893811e+00j -3.1472007091e+02+1.7797834770e-02j  2.1291232072e+02+1.8470331516e-01j]
 [ 3.0689324664e+02-3.6997551925e-03j  3.3262814889e+02-5.1898035441e-03j  3.6854995275e+02-7.2413381219e-03j  4.1903811318e+02-1.0276549127e-02j  4.9199490869e+02-1.5140676368e-02j  6.0288827418e+02-2.3759468996e-02j
   7.8616179382e+02-4.1367621947e-02j  1.1363119432e+03-8.6718508858e-02j  2.0368750231e+03-2.7350024077e-01j  8.7846537593e+03-4.8629141090e+00j -4.1536166105e+03-1.0030948516e+00j -1.7853827096e+03-1.6207744980e-01j
  -1.2074627665e+03-5.8940324686e-02j -9.7679416815e+02-2.4583384264e-02j -8.9511787913e+02-4.0261334956e-03j -9.3930785330e+02+2.2004474333e-02j -1.2538088638e+03+1.0956858982e-01j -4.9149898967e+03+3.3617074901e+00j
   1.1053239481e+03+3.0373931393e-01j  3.5928408739e+02+5.1262615463e-02j  1.9052942800e+02+1.3235916038e-02j  2.0097532693e+02-2.6044689839e-02j -1.2443522215e+03-1.4489814039e+00j -3.1255379223e+02+1.7013216270e-02j]
 [ 3.1964749366e+02-3.3672946669e-03j  3.4355740646e+02-4.8917588685e-03j  3.7776578813e+02-6.9467855639e-03j  4.2645674368e+02-9.9477188754e-03j  4.9725884598e+02-1.4718062068e-02j  6.0515367980e+02-2.3126849719e-02j
   7.8352011975e+02-4.0246272125e-02j  1.1238958857e+03-8.4233471863e-02j  1.9975976350e+03-2.6512255212e-01j  8.5308132167e+03-4.7066747583e+00j -3.9856037874e+03-9.7165685597e-01j -1.6871467914e+03-1.5823758747e-01j
  -1.1175893299e+03-5.9259431674e-02j -8.7716284956e+02-2.7671220640e-02j -7.6584330621e+02-1.1689847001e-02j -7.3527961109e+02+1.4316478472e-03j -7.9638741078e+02+2.2301888081e-02j -1.0881240887e+03+9.8918632963e-02j
  -4.3463711941e+03+2.9858378197e+00j  9.9457848378e+02+2.7025166479e-01j  3.2998378684e+02+4.5694433286e-02j  1.8073696807e+02+1.1266254363e-02j  1.9957708968e+02-2.7230125234e-02j -1.2542728485e+03-1.4623253348e+00j]
 [ 3.3612380627e+02-2.9541757428e-03j  3.5785349610e+02-4.5512621045e-03j  3.9019951662e+02-6.6434999265e-03j  4.3714598306e+02-9.6468936387e-03j  5.0609302738e+02-1.4373589158e-02j  6.1166662517e+02-2.2656799452e-02j
   7.8651439447e+02-3.9461922179e-02j  1.1201909367e+03-8.2551267427e-02j  1.9758946740e+03-2.5953842345e-01j  8.3668118619e+03-4.6031848323e+00j -3.8706436034e+03-9.5076900586e-01j -1.6189707416e+03-1.5555891847e-01j
  -1.0561207445e+03-5.9183556958e-02j -8.1186389004e+02-2.9036458333e-02j -6.8767647632e+02-1.4893187358e-02j -6.2896837305e+02-5.5638097099e-03j -6.2314488228e+02+4.0331158929e-03j -6.9055348661e+02+2.1693296478e-02j
  -9.6048570729e+02+8.9967703373e-02j -3.8950443234e+03+2.6854906646e+00j  9.0467066826e+02+2.4336058975e-01j  3.0583138825e+02+4.1147633660e-02j  1.7266748515e+02+9.6159233919e-03j  1.9871148684e+02-2.8294145800e-02j]
 [ 3.5739872142e+02-2.4036469904e-03j  3.7631941904e+02-4.1296018738e-03j  4.0646026548e+02-6.3026958589e-03j  4.5156227697e+02-9.3497090824e-03j  5.1881224726e+02-1.4082115032e-02j  6.2257542165e+02-2.2315663157e-02j
   7.9503420657e+02-3.8955069514e-02j  1.1245504722e+03-8.1531241903e-02j  1.9695184624e+03-2.5623118984e-01j  8.2764748156e+03-4.5421554472e+00j -3.7964773163e+03-9.3845588827e-01j -1.5723641586e+03-1.5398302531e-01j
  -1.0134899588e+03-5.9123349003e-02j -7.6722892885e+02-2.9756419265e-02j -6.3647479803e+02-1.6474919823e-02j -5.6472618604e+02-8.6145760392e-03j -5.3293809578e+02-2.3178453571e-03j -5.4009704602e+02+5.3078926691e-03j
  -6.0899864026e+02+2.0744158473e-02j -8.5911093708e+02+8.2398021994e-02j -3.5280841055e+03+2.4399942347e+00j  8.3025261948e+02+2.2129435282e-01j  2.8561096583e+02+3.7364163325e-02j  1.6594559570e+02+8.2099531907e-03j]
 [ 3.8512544162e+02-1.6199553144e-03j  4.0016129236e+02-3.5658744857e-03j  4.2746096003e+02-5.8829499301e-03j  4.7041142552e+02-9.0254534780e-03j  5.3595915915e+02-1.3817485246e-02j  6.3826834712e+02-2.2075414308e-02j
   8.0927351464e+02-3.8684308590e-02j  1.1368180707e+03-8.1084851283e-02j  1.9773340151e+03-2.5488954100e-01j  8.2503906789e+03-4.5174930640e+00j -3.7557631815e+03-9.3353429610e-01j -1.5423429810e+03-1.5344335785e-01j
  -9.8437479725e+02-5.9243538466e-02j -7.3629517925e+02-3.0250697335e-02j -6.0149778883e+02-1.7388628614e-02j -5.2267120614e+02-1.0187295519e-02j -4.7846317932e+02-5.1548883523e-03j -4.6181256507e+02-4.7272012950e-04j
  -4.7609123638e+02+5.9122286570e-03j -5.4420367905e+02+1.9692909160e-02j -7.7662691592e+02+7.5940040554e-02j -3.2238339484e+03+2.2355864651e+00j  7.6766260307e+02+2.0286257102e-01j  2.6846204955e+02+3.4165826841e-02j]
 [ 4.2194136509e+02-4.2955568733e-04j  4.3123126077e+02-2.7569116795e-03j  4.5457274944e+02-5.3189016013e-03j  4.9475112123e+02-8.6300783557e-03j  5.5837265283e+02-1.3547511754e-02j  6.5941427651e+02-2.1908869095e-02j
   8.2973849976e+02-3.8619287278e-02j  1.1572729092e+03-8.1159172177e-02j  1.9990690067e+03-2.5534252779e-01j  8.2838133592e+03-4.5259127921e+00j -3.7442319829e+03-9.3536494346e-01j -1.5259234840e+03-1.5390007565e-01j
  -9.6565210631e+02-5.9620594384e-02j -7.1519052898e+02-3.0706278885e-02j -5.7727603484e+02-1.8018408838e-02j -4.9396157103e+02-1.1124295195e-02j -4.4282521380e+02-6.6511560602e-03j -4.1457000219e+02-3.0949158687e-03j
  -4.0699118089e+02+6.2493862760e-04j -4.2523014741e+02+6.1580385497e-03j -4.9146358556e+02+1.8643622443e-02j -7.0818407805e+02+7.0379467783e-02j -2.9674649664e+03+2.0627519129e+00j  7.1430908139e+02+1.8723613434e-01j]
 [ 4.7229030380e+02+1.5087002290e-03j  4.7248405481e+02-1.5148347461e-03j  4.8990114115e+02-4.4992148676e-03j  5.2616984526e+02-8.0937743047e-03j  5.8730970635e+02-1.3226291786e-02j  6.8704693828e+02-2.1784132784e-02j
   8.5730050834e+02-3.8735116443e-02j  1.1866411128e+03-8.1727078657e-02j  2.0352178408e+03-2.5752513683e-01j  8.3756141109e+03-4.5662283760e+00j -3.7597338299e+03-9.4372247484e-01j -1.5213717597e+03-1.5534993163e-01j
  -9.5545301359e+02-6.0300312251e-02j -7.0164358448e+02-3.1218173820e-02j -5.6076898869e+02-1.8541384876e-02j -4.7409633154e+02-1.1770825471e-02j -4.1851343617e+02-7.5564308561e-03j -3.8368465636e+02-4.4973544036e-03j
  -3.6532147131e+02-1.7989383683e-03j -3.6342455699e+02+1.2959044756e-03j -3.8382362409e+02+6.2051069968e-03j -4.4768357510e+02+1.7641143708e-02j -6.5046173818e+02+6.5548923067e-02j -2.7484818095e+03+1.9147016846e+00j]
 [ 5.4424710230e+02+4.9373019027e-03j  5.2889812244e+02+5.3152196792e-04j  5.3680499632e+02-3.2197911866e-03j  5.6710675064e+02-7.2966293473e-03j  6.2465796578e+02-1.2780532064e-02j  7.2271503853e+02-2.1656261971e-02j
   8.9330577700e+02-3.9006459407e-02j  1.2261716609e+03-8.2780940794e-02j  2.0870618325e+03-2.6146215002e-01j  8.5278799804e+03-4.6390402632e+00j -3.8017622752e+03-9.5873849829e-01j -1.5278159618e+03-1.5783069998e-01j
  -9.5269222392e+02-6.1321816827e-02j -6.9429578690e+02-3.1843264896e-02j -5.5019374723e+02-1.9049908721e-02j -4.6057425820e+02-1.2288802092e-02j -4.0170593393e+02-8.1813071027e-03j -3.6263082150e+02-5.3536198519e-03j
  -3.3809914199e+02-3.1075066715e-03j -3.2618215351e+02-9.5015210917e-04j -3.2795310861e+02+1.7105935515e-03j -3.4944441311e+02+6.1400156381e-03j -4.1074451268e+02+1.6703001777e-02j -6.0110958909e+02+6.1317791685e-02j]
 [ 6.5412846170e+02+1.1711766181e-02j  6.0951974827e+02+4.1939424805e-03j  6.0094362806e+02-1.0746645340e-03j  6.2145287700e+02-6.0166622567e-03j  6.7331584722e+02-1.2082568068e-02j  7.6874414593e+02-2.1452377523e-02j
   9.3977089953e+02-3.9399024225e-02j  1.2777936087e+03-8.4327680816e-02j  2.1568030736e+03-2.6726461717e-01j  8.7459993633e+03-4.7467037258e+00j -3.8712722142e+03-9.8089793933e-01j -1.5450528093e+03-1.6142662091e-01j
  -9.5682490127e+02-6.2729537451e-02j -6.9235876692e+02-3.2623718329e-02j -5.4448444531e+02-1.9599258674e-02j -4.5192928962e+02-1.2763675604e-02j -3.9027965420e+02-8.6729030314e-03j -3.4808914519e+02-5.9447220966e-03j
  -3.1955700265e+02-3.9112104802e-03j -3.0187069574e+02-2.1707890278e-03j -2.9431406183e+02-3.7754078734e-04j -2.9849856964e+02+1.9652427643e-03j -3.2043046090e+02+6.0117136729e-03j -3.7914650660e+02+1.5833849447e-02j]
 [ 8.4054120396e+02+2.7520109481e-02j  7.3262855336e+02+1.1510696457e-02j  6.9260045411e+02+2.8299697249e-03j  6.9576412488e+02-3.8079368104e-03j  7.3790692365e+02-1.0892266159e-02j  8.2870493983e+02-2.1041930460e-02j
   9.9972378584e+02-3.9854273892e-02j  1.3443961121e+03-8.6382853992e-02j  2.2478415224e+03-2.7513679900e-01j  9.0392245979e+03-4.8935490440e+00j -3.9707191985e+03-1.0110846452e+00j -1.5734736484e+03-1.6627788220e-01j
  -9.6772540597e+02-6.4581215322e-02j -6.9543742221e+02-3.3598767045e-02j -5.4302304035e+02-2.0228712616e-02j -4.4728542685e+02-1.3246581314e-02j -3.8299073257e+02-9.1094009060e-03j -3.3821649659e+02-6.4046341868e-03j
  -3.0676272850e+02-4.4659973340e-03j -2.8532512613e+02-2.9235657107e-03j -2.7237249045e+02-1.5179018889e-03j -2.6785046500e+02+1.7141063289e-05j -2.7363785152e+02+2.1168986223e-03j -2.9560538488e+02+5.8487643829e-03j]
 [ 1.2220608624e+03+7.6917324461e-02j  9.4147574363e+02+2.8758323582e-02j  8.3255487539e+02+1.0752536826e-02j  8.0195300476e+02+3.2071883152e-04j  8.2622122102e+02-8.7195596764e-03j  9.0829325319e+02-2.0171714860e-02j
   1.0778132745e+03-4.0258029313e-02j  1.4303168455e+03-8.8959674687e-02j  2.3652684234e+03-2.8539359870e-01j  9.4218356894e+03-5.0863965810e+00j -4.1043156382e+03-1.0506853280e+00j -1.6140806350e+03-1.7259683577e-01j
  -9.8564102794e+02-6.6955610128e-02j -7.0344171588e+02-3.4812069848e-02j -5.4550034853e+02-2.0972188425e-02j -4.4613513480e+02-1.3773118803e-02j -3.7909633861e+02-9.5375752538e-03j -3.3193349950e+02-6.8048696674e-03j
  -2.9808878749e+02-4.8944460100e-03j -2.7392039499e+02-3.4431218122e-03j -2.5745298642e+02-2.2232445336e-03j -2.4787668840e+02-1.0506693435e-03j -2.4551312144e+02+2.9321605683e-04j -2.5236370575e+02+2.2007297360e-03j]
 [ 2.4262350512e+03+3.8341671848e-01j  1.3689013400e+03+8.3151706120e-02j  1.0699727160e+03+2.9689295572e-02j  9.6409069196e+02+8.8961380125e-03j  9.5241363714e+02-4.4590356667e-03j  1.0171055752e+03-1.8309808404e-02j
   1.1814548466e+03-4.0369606999e-02j  1.5422152325e+03-9.2043576368e-02j  2.5167268575e+03-2.9848980757e-01j  9.9152121416e+03-5.3354949959e+00j -4.2785603799e+03-1.1017773798e+00j -1.6685912170e+03-1.8069492393e-01j
  -1.0112022571e+03-6.9962297791e-02j -7.1655307668e+02-3.6317908288e-02j -5.5184680293e+02-2.1864715745e-02j -4.4822499486e+02-1.4372848995e-02j -3.7816646128e+02-9.9895993608e-03j -3.2859592127e+02-7.1882026586e-03j
  -2.9258251213e+02-5.2621868808e-03j -2.6620016653e+02-3.8422027994e-03j -2.4718041105e+02-2.7099598820e-03j -2.3430787337e+02-1.7125677882e-03j -2.2720015502e+02-7.0922493635e-04j -2.2639730300e+02+4.8799375221e-04j]
 [-3.1834487137e+04+8.1043112518e+01j  2.7179459429e+03+4.2353628900e-01j  1.5558597977e+03+9.0151077192e-02j  1.2391315227e+03+2.9811457759e-02j  1.1450863460e+03+4.7456229777e-03j  1.1725791087e+03-1.4224895664e-02j
   1.3231421099e+03-3.9646374108e-02j  1.6907135840e+03-9.5527416089e-02j  2.7139502476e+03-3.1506212867e-01j  1.0551446031e+04-5.6561524946e+00j -4.5031813278e+03-1.1674535632e+00j -1.7396539441e+03-1.9102731677e-01j
  -1.0454884646e+03-7.3756097999e-02j -7.3523196747e+02-3.8188196149e-02j -5.6220611968e+02-2.2947569626e-02j -4.5349875986e+02-1.5074989579e-02j -3.7998682123e+02-1.0491552071e-02j -3.2783116361e+02-7.5838207007e-03j
  -2.8967563557e+02-5.6084650279e-03j -2.6131240287e+02-4.1813050513e-03j -2.4023768740e+02-3.0822826552e-03j -2.2497615428e+02-2.1691868032e-03j -2.1477179127e+02-1.3316040607e-03j -2.0950547797e+02-4.5552618592e-04j]
 [-1.9393170647e+03+3.6163953113e-01j -3.5664273235e+04+9.0871416352e+01j  3.0893968937e+03+4.7275995153e-01j  1.8020024729e+03+9.7761469637e-02j  1.4719142556e+03+2.7927501224e-02j  1.4099482865e+03-4.6618644820e-03j
   1.5255762546e+03-3.6757603994e-02j  1.8937080843e+03-9.9034222410e-02j  2.9756537576e+03-3.3597822479e-01j  1.1379801277e+04-6.0716099759e+00j -4.7927791355e+03-1.2523904444e+00j -1.8312325066e+03-2.0426844672e-01j
  -1.0901634629e+03-7.8559980938e-02j -7.6026581337e+02-4.0522165488e-02j -5.7694132008e+02-2.4273723551e-02j -4.6207573398e+02-1.5912782239e-02j -3.8451054860e+02-1.1068474676e-02j -3.2945394907e+02-8.0149986204e-03j
  -2.8903980647e+02-5.9599076250e-03j -2.5874918020e+02-4.4965939466e-03j -2.3585464930e+02-3.3962314475e-03j -2.1867997451e+02-2.5173535713e-03j -2.0623488308e+02-1.7608324097e-03j -1.9805343283e+02-1.0420265369e-03j]
 [-9.5755650372e+02+1.0441342731e-01j -2.1727526168e+03+4.0996436429e-01j -4.0541540312e+04+1.0341228639e+02j  3.5784839408e+03+5.3438565967e-01j  2.1407508295e+03+1.0524999017e-01j  1.8125802628e+03+2.0883435848e-02j
   1.8346281647e+03-2.8015739082e-02j  2.1837162394e+03-1.0138517698e-01j  3.3333676388e+03-3.6235369291e-01j  1.2478852722e+04-6.6183149284e+00j -5.1697656007e+03-1.3638842009e+00j -1.9492753392e+03-2.2144463698e-01j
  -1.1477166791e+03-8.4703382406e-02j -7.9286784109e+02-4.3461352064e-02j -5.9667248241e+02-2.5915093959e-02j -4.7425579456e+02-1.6927952888e-02j -3.9183986965e+02-1.1748164738e-02j -3.3342438143e+02-8.5036328718e-03j
  -2.9051211287e+02-6.3374984219e-03j -2.5821730591e+02-4.8125020370e-03j -2.3357247919e+02-3.6852854217e-03j -2.1471709741e+02-2.8091672209e-03j -2.0048526983e+02-2.0872477212e-03j -1.9019732128e+02-1.4463768620e-03j]
 [-6.1655087058e+02+5.0685097005e-02j -1.0728758059e+03+1.1935974760e-01j -2.4700741907e+03+4.7300282285e-01j -4.6964087154e+04+1.1996834113e+02j  4.2516356356e+03+6.1327419375e-01j  2.6365246597e+03+1.0997236989e-01j
   2.3588313370e+03-1.0474702912e-03j  2.6264438299e+03-9.8767826511e-02j  3.8443820418e+03-3.9534540533e-01j  1.3980976329e+04-7.3562171482e+00j -5.6698857749e+03-1.5138543995e+00j -2.1029126084e+03-2.4417919412e-01j
  -1.2218836200e+03-9.2689591735e-02j -8.3485287841e+02-4.7214479674e-02j -6.2235453019e+02-2.7973556996e-02j -4.9055054775e+02-1.8176481043e-02j -4.0223042921e+02-1.2564948055e-02j -3.3983208107e+02-9.0735918749e-03j
  -2.9405805881e+02-6.7606807288e-03j -2.5957165258e+02-5.1481124247e-03j -2.3312660640e+02-3.9719864681e-03j -2.1266945969e+02-3.0757554427e-03j -1.9687799954e+02-2.3595004425e-03j -1.8491622783e+02-1.7531919895e-03j]
 [-4.4370210136e+02+3.0473704075e-02j -6.9083494491e+02+5.8322244707e-02j -1.2197764265e+03+1.3913376545e-01j -2.8616418782e+03+5.5857143594e-01j -5.5804514042e+04+1.4283505186e+02j  5.2368929444e+03+7.1634674326e-01j
   3.4315296639e+03+1.0206790001e-01j  3.3773546257e+03-7.6935779187e-02j  4.6244584382e+03-4.3477060657e-01j  1.6126695389e+04-8.3905901803e+00j -6.3533585636e+03-1.7230431130e+00j -2.3067056661e+03-2.7517630317e-01j
  -1.3183974646e+03-1.0332124096e-01j -8.8894381310e+02-5.2101273399e-02j -6.5541555250e+02-3.0599152404e-02j -5.1174746971e+02-1.9737266517e-02j -4.1611782441e+02-1.3564464572e-02j -3.4889999170e+02-9.7539827804e-03j
  -2.9975758665e+02-7.2503551676e-03j -2.6278203859e+02-5.5209013719e-03j -2.3438639336e+02-4.2738184771e-03j -2.1229625417e+02-3.3380199831e-03j -1.9502938665e+02-2.6066490273e-03j -1.8161417423e+02-2.0080704504e-03j]
 [-3.3942195270e+02+2.0570186909e-02j -4.9717913681e+02+3.5250696843e-02j -7.8547719461e+02+6.8525056217e-02j -1.4132661265e+03+1.6643715137e-01j -3.4006744946e+03+6.8110919707e-01j -6.8744758359e+04+1.7646909673e+02j
   6.8169044465e+03+8.5088457234e-01j  4.9139310814e+03+3.6397160795e-02j  5.9474946105e+03-4.7098973871e-01j  1.9402012730e+04-9.9235688336e+00j -7.3295987556e+03-2.0307997924e+00j -2.5851851821e+03-3.1926104816e-01j
  -1.4464014781e+03-1.1795076257e-01j -9.5931937307e+02-5.8634444174e-02j -6.9799790230e+02-3.4022159213e-02j -5.3902392856e+02-2.1726399178e-02j -4.3417218116e+02-1.4810792413e-02j -3.6100749574e+02-1.0583236543e-02j
  -3.0780848831e+02-7.8317598292e-03j -2.6792074959e+02-5.9494492886e-03j -2.3732519185e+02-4.6066451855e-03j -2.1347888440e+02-3.6120819669e-03j -1.9471867824e+02-2.8481618551e-03j -1.7993687426e+02-2.2382393049e-03j]
 [-2.6977336127e+02+1.4918800075e-02j -3.8033975910e+02+2.3897079902e-02j -5.6532362625e+02+4.1677752181e-02j -9.1015174328e+02+8.2775429705e-02j -1.6796523509e+03+2.0637015942e-01j -4.1897514175e+03+8.7040845017e-01j
  -8.9497673859e+04+2.3081358253e+02j  9.7631889778e+03+1.0005413920e+00j  8.6547234214e+03-4.2413074222e-01j  2.4956833640e+04-1.2394758644e+01j -8.8196892325e+03-2.5214474233e+00j -2.9829216530e+03-3.8587739858e-01j
  -1.6212984468e+03-1.3902572634e-01j -1.0526435092e+03-6.7684422640e-02j -7.5338912750e+02-3.8613317336e-02j -5.7414590739e+02-2.4322317168e-02j -4.5739514560e+02-1.6398146275e-02j -3.7673791557e+02-1.1615146086e-02j
  -3.1854689040e+02-8.5380313457e-03j -2.7516563732e+02-6.4560154920e-03j -2.4200908495e+02-4.9871834915e-03j -2.1619365534e+02-3.9124590546e-03j -1.9583744951e+02-3.0989856273e-03j -1.7968073333e+02-2.4619051789e-03j]
 [-2.2002752718e+02+1.1356687929e-02j -3.0229708788e+02+1.7392997996e-02j -4.3249010958e+02+2.8396939212e-02j -6.5510525474e+02+5.0728234134e-02j -1.0818166094e+03+1.0390593751e-01j -2.0696428014e+03+2.6973299424e-01j
  -5.4553153414e+03+1.1986422896e+00j -1.2819788384e+05+3.3348506424e+02j  1.7198262021e+04+7.9227150309e-01j  3.6322902475e+04-1.6943304421e+01j -1.1346720826e+04-3.4120817732e+00j -3.5899734021e+03-4.9606860511e-01j
  -1.8710737997e+03-1.7141834353e-01j -1.1801420781e+03-8.0840891184e-02j -8.2683175580e+02-4.5005388768e-02j -6.1982317776e+02-2.7813156659e-02j -4.8728890562e+02-1.8471511732e-02j -3.9696290585e+02-1.2928761070e-02j
  -3.3248930985e+02-9.4154392758e-03j -2.8481851841e+02-7.0696930299e-03j -2.4859973298e+02-5.4353308548e-03j -2.2050152852e+02-4.2543386228e-03j -1.9836451584e+02-3.3724972165e-03j -1.8074603898e+02-2.6929925274e-03j]
 [-1.8275966120e+02+8.9484953398e-03j -2.4655037356e+02+1.3278884469e-02j -3.4375766082e+02+2.0753148544e-02j -5.0121028966e+02+3.4772086873e-02j -7.7874138312e+02+6.4277622402e-02j -1.3331584713e+03+1.3800128960e-01j
  -2.6951741534e+03+3.8353406363e-01j -7.8154655395e+03+1.8918332891e+00j -2.2586254975e+05+6.0028541658e+02j  7.2191516524e+04-2.6811351816e+01j -1.6517278548e+04-5.4654738130e+00j -4.6194213243e+03-7.0678670635e-01j
  -2.2522740075e+03-2.2620454466e-01j -1.3622111503e+03-1.0130204095e-01j -9.2715694508e+02-5.4361364181e-02j -6.8037671052e+02-3.2692649044e-02j -5.2615826433e+02-2.1265553293e-02j -4.2298950147e+02-1.4645847479e-02j
  -3.5040734825e+02-1.0531949674e-02j -2.9734290940e+02-7.8310250940e-03j -2.5737107740e+02-5.9769961218e-03j -2.2655075951e+02-4.6557007216e-03j -2.0235654280e+02-3.6826060340e-03j -1.8311377147e+02-2.9438989324e-03j]
 [-1.5382143163e+02+7.2334193906e-03j -2.0478152397e+02+1.0488451574e-02j -2.8036895682e+02+1.5897596889e-02j -3.9840135808e+02+2.5535561073e-02j -5.9585619870e+02+4.4383247291e-02j -9.5978107048e+02+8.6391131719e-02j
  -1.7363328409e+03+2.0053494761e-01j -3.8617894759e+03+6.3584029431e-01j -1.3771793374e+04+4.1106098027e+00j -9.4824767000e+05+2.9160610995e+03j -3.2833999452e+04-1.3986121285e+01j -6.7257064599e+03-1.2320548798e+00j
  -2.8986894082e+03-3.3408787281e-01j -1.6400620949e+03-1.3642740010e-01j -1.0704096578e+03-6.9038065380e-02j -7.6308509027e+02-3.9872514647e-02j -5.7767825743e+02-2.5183614021e-02j -4.5682290636e+02-1.6963858172e-02j
  -3.7345782555e+02-1.1992340610e-02j -3.1343102597e+02-8.7995476182e-03j -2.6874356441e+02-6.6482265517e-03j -2.3459219778e+02-5.1398845640e-03j -2.0795050909e+02-4.0457051701e-03j -1.8683694522e+02-3.2274499869e-03j]
 [-1.3071365907e+02+5.9618295325e-03j -1.7234304039e+02+8.4951766040e-03j -2.3286828719e+02+1.2591529203e-02j -3.2494962903e+02+1.9637937797e-02j -4.7367163307e+02+3.2783459549e-02j -7.3446142792e+02+6.0197995971e-02j
  -1.2502086585e+03+1.2751349873e-01j -2.4882959229e+03+3.4299005439e-01j -6.8060927002e+03+1.5046154523e+00j -5.7829174540e+04+4.1402367148e+01j  4.3136272528e+05-9.8257932085e+02j -1.3372369181e+04-3.7209314322e+00j
  -4.2212332551e+03-6.1392222811e-01j -2.1112016927e+03-2.0690765745e-01j -1.2890093788e+03-9.4503532402e-02j -8.8117228396e+02-5.1210180192e-02j -6.4803923643e+02-3.0973189610e-02j -5.0166028077e+02-2.0223009853e-02j
  -4.0341532859e+02-1.3966780527e-02j -3.3412049463e+02-1.0067106432e-02j -2.8334488950e+02-7.5019435782e-03j -2.4501060035e+02-5.7393187000e-03j -2.1537782444e+02-4.4830181750e-03j -1.9204292371e+02-3.5587039982e-03j]
 [-1.1184121381e+02+4.9883244010e-03j -1.4643494650e+02+7.0132027145e-03j -1.9597246683e+02+1.0221529738e-02j -2.6990135143e+02+1.5603569707e-02j -3.8636869830e+02+2.5329272805e-02j -5.8391583719e+02+4.4781961380e-02j
  -9.5683499906e+02+8.9893561183e-02j -1.7919210248e+03+2.2281650756e-01j -4.3861754262e+03+8.5207451089e-01j -2.8584773666e+04+1.8252322247e+01j  2.6311872178e+04+2.1420843983e+00j  1.7571752379e+05-4.2621352135e+02j
  -8.3946070689e+03-2.0189459096e+00j -3.0751042515e+03-3.9418514330e-01j -1.6596608726e+03-1.4627384390e-01j -1.0613576406e+03-7.1040504632e-02j -7.4848786250e+02-4.0163284900e-02j -5.6288687351e+02-2.5055610360e-02j
  -4.4310916578e+02-1.6749062639e-02j -3.6100290475e+02-1.1783060640e-02j -3.0211579949e+02-8.6198383976e-03j -2.5838019256e+02-6.5016036875e-03j -2.2499319270e+02-5.0240011125e-03j -1.9894652882e+02-3.9571132966e-03j]
 [-9.6138401977e+01+4.2232183158e-03j -1.2527004657e+02+5.8756831421e-03j -1.6649845762e+02+8.4536797926e-03j -2.2713625557e+02+1.2699151445e-02j -3.2093165364e+02+2.0200778054e-02j -4.7633834343e+02+3.4794126348e-02j
  -7.6080566833e+02+6.7471542967e-02j -1.3716399755e+03+1.5952726096e-01j -3.1592080114e+03+5.7109115258e-01j -1.8424890910e+04+1.1271059753e+01j  1.3008480692e+04+2.0659949298e+00j  1.0720506168e+04-7.1077477739e-01j
   1.1033184120e+05-2.7178175014e+02j -6.1166952654e+03-1.3655744057e+00j -2.4179484811e+03-2.8608079212e-01j -1.3668591233e+03-1.1174504761e-01j -9.0174811037e+02-5.6338162442e-02j -6.5028647779e+02-3.2759154180e-02j
  -4.9730484014e+02-2.0886481327e-02j -3.9661566414e+02-1.4205707576e-02j -3.2649913874e+02-1.0134903942e-02j -2.7556142758e+02-7.5002567408e-03j -2.3732580624e+02-5.7118861125e-03j -2.0787681197e+02-4.4496505752e-03j]
 [-8.2866393239e+01+3.6085558472e-03j -1.0765423971e+02+4.9795028724e-03j -1.4241447107e+02+7.0925909938e-03j -1.9296688125e+02+1.0524181023e-02j -2.7008801925e+02+1.6489482942e-02j -3.9569497002e+02+2.7872675349e-02j
  -6.2071315529e+02+5.2787219715e-02j -1.0907925104e+03+1.2112608162e-01j -2.4186612455e+03+4.1778225319e-01j -1.3273348517e+04+7.9406403741e+00j  8.3866012253e+03+1.5567210362e+00j  5.3013178619e+03+5.8875079435e-02j
   6.7328383907e+03-7.0057004674e-01j  8.0411260711e+04-1.9946531409e+02j -4.8106683899e+03-1.0265128114e+00j -1.9918385715e+03-2.2295335054e-01j -1.1615846828e+03-8.9785663775e-02j -7.8362716848e+02-4.6385758399e-02j
  -5.7466006383e+02-2.7504961753e-02j -4.4523248514e+02-1.7817142743e-02j -3.5879504583e+02-1.2277460003e-02j -2.9787386517e+02-8.8550783740e-03j -2.5316848887e+02-6.6134757520e-03j -2.1932452064e+02-5.0759000719e-03j]
 [-7.1497101118e+01+3.1054054252e-03j -9.2759570086e+01+4.2579057930e-03j -1.2236288402e+02+6.0172231224e-03j -1.6503935792e+02+8.8435823076e-03j -2.2945602171e+02+1.3697111613e-02j -3.3302669195e+02+2.2831455826e-02j
  -5.1568301034e+02+4.2515440557e-02j -8.9006611399e+02+9.5600327694e-02j -1.9237654337e+03+3.2218662686e-01j -1.0163927947e+04+5.9988017292e+00j  6.0430022740e+03+1.2032118151e+00j  3.4185321918e+03+1.2957913759e-01j
   3.3301749143e+03-8.8741801833e-02j  4.9081450156e+03-5.9538740486e-01j  6.3257307786e+04-1.5753829266e+02j -3.9638689637e+03-8.2052094750e-01j -1.6931252678e+03-1.8196996107e-01j -1.0096798302e+03-7.4729085918e-02j
  -6.9266752415e+02-3.9260408551e-02j -5.1461748870e+02-2.3611255501e-02j -4.0287747977e+02-1.5478079840e-02j -3.2742098279e+02-1.0773793705e-02j -2.7373695592e+02-7.8377201171e-03j -2.3402473781e+02-5.8970544592e-03j]
 [-6.1643381229e+01+2.6867326645e-03j -7.9994126059e+01+3.6659723194e-03j -1.0540224397e+02+5.1490411732e-03j -1.4178073661e+02+7.5113044347e-03j -1.9623846162e+02+1.1530048615e-02j -2.8293543827e+02+1.9016282235e-02j
  -4.3405142641e+02+3.4972088171e-02j -7.3955981359e+02+7.7518265958e-02j -1.5700227082e+03+2.5724202420e-01j -8.0858052260e+03+4.7298161737e+00j  4.6283549654e+03+9.5871677880e-01j  2.4637996342e+03+1.2661737151e-01j
   2.1479608588e+03+3.2184652884e-04j  2.4282481497e+03-1.0660542821e-01j  3.8620729618e+03-5.0662112664e-01j  5.2135739156e+04-1.3017352594e+02j -3.3702833535e+03-6.8262381398e-01j -1.4720917671e+03-1.5338068173e-01j
  -8.9271440974e+02-6.3828054204e-02j -6.2045774396e+02-3.3937847305e-02j -4.6578419884e+02-2.0626006901e-02j -3.6774539866e+02-1.3645273391e-02j -3.0096902987e+02-9.5737300281e-03j -2.5310451370e+02-7.0129887228e-03j]
 [-5.3015419734e+01+2.3332019829e-03j -6.8923823715e+01+3.1724632006e-03j -9.0859363523e+01+4.4350907287e-03j -1.2210011478e+02+6.4323255689e-03j -1.6856600760e+02+9.8052024450e-03j -2.4197509136e+02+1.6039683563e-02j
  -3.6879045666e+02+2.9221199989e-02j -6.2256592214e+02+6.4093864938e-02j -1.3047526232e+03+2.1040525860e-01j -6.6002651798e+03+3.8369085760e+00j  3.6828361204e+03+7.8219238775e-01j  1.8874721833e+03+1.1215402368e-01j
   1.5484553255e+03+2.1112009178e-02j  1.5666171754e+03-2.6798350712e-02j  1.9112146274e+03-1.0277687165e-01j  3.1839086847e+03-4.3798588004e-01j  4.4340370811e+04-1.1090759145e+02j -2.9310942989e+03-5.8404466579e-01j
  -1.3019128632e+03-1.3237635401e-01j -7.9986823876e+02-5.5604285991e-02j -5.6173455631e+02-2.9827640290e-02j -4.2528281135e+02-1.8273844854e-02j -3.3812822410e+02-1.2175952787e-02j -2.7836022606e+02-8.5972222603e-03j]
 [-4.5392668126e+01+2.0305861038e-03j -5.9223521516e+01+2.7550095802e-03j -7.8240387863e+01+3.8384767448e-03j -1.0521728528e+02+5.5424118167e-03j -1.4514205105e+02+8.4030431700e-03j -2.0784249555e+02+1.3658889030e-02j
  -3.1541329084e+02+2.4704519765e-02j -5.2901710206e+02+5.3761269778e-02j -1.0985186828e+03+1.7510633401e-01j -5.4861370617e+03+3.1750818809e+00j  3.0068738015e+03+6.4951854709e-01j  1.5022409523e+03+9.7144016026e-02j
   1.1865429302e+03+2.5702006418e-02j  1.1296642228e+03-4.0927661276e-03j  1.2333794980e+03-3.3277118433e-02j  1.5760476263e+03-9.4815353855e-02j  2.7086052419e+03-3.8467970367e-01j  3.8573145124e+04-9.6608834297e+01j
  -2.5929839750e+03-5.1015417045e-01j -1.1668397264e+03-1.1632948960e-01j -7.2437083093e+02-4.9197711278e-02j -5.1303602513e+02-2.6567839475e-02j -3.9114308833e+02-1.6378467460e-02j -3.1281707034e+02-1.0975319464e-02j]
 [-3.8605505031e+01+1.7680758705e-03j -5.0645533723e+01+2.3971445274e-03j -6.7175193419e+01+3.3327409982e-03j -9.0559692801e+01+4.7967063660e-03j -1.2503908339e+02+7.2425116935e-03j -1.7893994673e+02+1.1714704713e-02j
  -2.7092103747e+02+2.1070018663e-02j -4.5248586452e+02+4.5577061582e-02j -9.3358330456e+02+1.4758529793e-01j -4.6198346827e+03+2.6651568713e+00j  2.4998565426e+03+5.4643504995e-01j  1.2268100696e+03+8.3773043030e-02j
   9.4461517043e+02+2.5414485303e-02j  8.6586856714e+02+3.8117509159e-03j  8.8962069918e+02-1.2008832687e-02j  1.0173747203e+03-3.3945554303e-02j  1.3411600365e+03-8.6665474932e-02j  2.3569956726e+03-3.4248501915e-01j
   3.4133682817e+04-8.5575751656e+01j -2.3246500093e+03-4.5275300734e-01j -1.0570178923e+03-1.0369050709e-01j -6.6176888127e+02-4.4076592307e-02j -4.7199165465e+02-2.3925350583e-02j -3.6197055561e+02-1.4822303420e-02j]
 [-3.2523528785e+01+1.5370538559e-03j -4.2999005360e+01+2.0863711066e-03j -5.7381544344e+01+2.8983903477e-03j -7.7697988951e+01+4.1629791073e-03j -1.0757622958e+02+6.2668365424e-03j -1.5412433199e+02+1.0098729520e-02j
  -2.3323312098e+02+1.8085489102e-02j -3.8867591759e+02+3.8940888004e-02j -7.9862148478e+02+1.2554075619e-01j -3.9268868758e+03+2.2602567525e+00j  2.1055637722e+03+4.6413520661e-01j  1.0201950525e+03+7.2287366584e-02j
   7.7162738569e+02+2.3550679386e-02j  6.8951678280e+02+6.6493152525e-03j  6.8207702335e+02-3.7344311573e-03j  7.3403737578e+02-1.4596503295e-02j  8.6601096937e+02-3.2757797472e-02j  1.1674175336e+03-7.9273048984e-02j
   2.0863647212e+03-3.0840721592e-01j  3.0610798490e+04-7.6804293524e+01j -2.1065056945e+03-4.0689849207e-01j -9.6596557209e+02-9.3489617940e-02j -6.0901307931e+02-3.9895796761e-02j -4.3692368490e+02-2.1743871345e-02j]
 [-2.7049439749e+01+1.3299174114e-03j -3.6136636235e+01+1.8127765736e-03j -4.8641555320e+01+2.5206423056e-03j -6.6304451600e+01+3.6174547170e-03j -9.2242630467e+01+5.4351237040e-03j -1.3255623296e+02+8.7347560612e-03j
  -2.0086066462e+02+1.5591947486e-02j -3.3460623732e+02+3.3453445928e-02j -6.8606280704e+02+1.0748764992e-01j -3.3597438018e+03+1.9308675461e+00j  1.7901170633e+03+3.9693200455e-01j  8.5949393824e+02+6.2483100829e-02j
   6.4184575831e+02+2.1237618455e-02j  5.6340724296e+02+7.4691497377e-03j  5.4332107148e+02-1.2802402236e-04j  5.6296406771e+02-6.6782657000e-03j  6.2502450974e+02-1.5217003494e-02j  7.5406187794e+02-3.1000530900e-02j
   1.0337048519e+03-7.2792989788e-02j  1.8716347303e+03-2.8037621517e-01j  2.7747203123e+04-6.9663733142e+01j -1.9256678679e+03-3.6943785986e-01j -8.8924450214e+02-8.5090382755e-02j -5.6394522810e+02-3.6422209893e-02j]
 [-2.2120770834e+01+1.1380092201e-03j -2.9947464082e+01+1.5677470271e-03j -4.0786417917e+01+2.1878262250e-03j -5.6125612990e+01+3.1421085314e-03j -7.8647965437e+01+4.7171512923e-03j -1.1360549066e+02+7.5677066973e-03j
  -1.7270999939e+02+1.3477065242e-02j -2.8814317970e+02+2.8839271144e-02j -5.9065388103e+02+9.2425906273e-02j -2.8866177659e+03+1.6574829805e+00j  1.5318842063e+03+3.4100442630e-01j  7.3090573370e+02+5.4082505289e-02j
   5.4089015609e+02+1.8890646542e-02j  4.6878487508e+02+7.4169316885e-03j  4.4408767960e+02+1.4992095090e-03j  4.4858298383e+02-2.9717002029e-03j  4.7951416425e+02-7.8278824194e-03j  5.4440780928e+02-1.5043135846e-02j
   6.6791635068e+02-2.9138896125e-02j  9.2762546445e+02-6.7162028526e-02j  1.6971140037e+03-2.5694623177e-01j  2.5373665115e+04-6.3737919512e+01j -1.7733150857e+03-3.3826718990e-01j -8.2371344168e+02-7.8058593091e-02j]
 [-1.7734535675e+01+9.4399638305e-04j -2.4357816614e+01+1.3418205366e-03j -3.3687783144e+01+1.8899530516e-03j -4.6964355395e+01+2.7227701255e-03j -6.6489802315e+01+4.0899998962e-03j -9.6790169492e+01+6.5567700484e-03j
  -1.4795965447e+02+1.1659292458e-02j -2.4771896524e+02+2.4902385780e-02j -5.0863394137e+02+7.9657875711e-02j -2.4854477042e+03+1.4266936017e+00j  1.3164028464e+03+2.9369581199e-01j  6.2561782973e+02+4.6830909227e-02j
   4.6009475124e+02+1.6662793071e-02j  3.9516916069e+02+6.9765731036e-03j  3.6962281732e+02+2.1947852934e-03j  3.6677449729e+02-1.1057352751e-03j  3.8221802262e+02-4.2378940053e-03j  4.1780965441e+02-8.1937090344e-03j
   4.8238119332e+02-1.4542641890e-02j  5.9958348162e+02-2.7346562986e-02j  8.4142257739e+02-6.2266187645e-02j  1.5524813645e+03-2.3708756390e-01j  2.3374307393e+04-5.8741183092e+01j -1.6432038722e+03-3.1192968655e-01j]
 [-1.4108491098e+01+6.6262632135e-04j -1.9355434435e+01+1.1169992026e-03j -2.7257718720e+01+1.6164655807e-03j -3.8669448353e+01+2.3474904321e-03j -5.5532071792e+01+3.5357146525e-03j -8.1736181340e+01+5.6709599611e-03j
  -1.2598078428e+02+1.0077974187e-02j -2.1215538406e+02+2.1499616863e-02j -4.3723876398e+02+6.8682190380e-02j -2.1404378038e+03+1.2289752076e+00j  1.1336348428e+03+2.5310380159e-01j  5.3773812220e+02+4.0516412027e-02j
   3.9392578095e+02+1.4603207294e-02j  3.3624413977e+02+6.3687928332e-03j  3.1168168695e+02+2.4211016471e-03j  3.0537861933e+02-1.3888760760e-04j  3.1262310459e+02-2.3381167266e-03j  3.3315343219e+02-4.7890392266e-03j
   3.7034116406e+02-8.1945339101e-03j  4.3318764037e+02-1.3918508037e-02j  5.4406318452e+02-2.5684249361e-02j  7.6999418879e+02-5.7991576250e-02j  1.4306696665e+03-2.2005120159e-01j  2.1667116937e+04-5.4470914752e+01j]]

Electrical  :
[[ 1.4596963641e+02+5.8654082748e-03j  1.2502227378e+02+1.9901315283e-03j  1.1878153187e+02+3.1057493497e-04j  1.2042422818e+02-8.4307366694e-04j  1.2869449373e+02-2.0321295455e-03j  1.4511389056e+02-3.7331663222e-03j
   1.7501871790e+02-6.9034908677e-03j  2.3426085930e+02-1.4775731415e-02j  3.8816046244e+02-4.6769165390e-02j  1.5405417658e+03-8.3003860825e-01j -6.6563200910e+02-1.7151576783e-01j -2.5916899885e+02-2.8099581428e-02j
  -1.5867444209e+02-9.9370737725e-03j -8.2977804352e+01+1.5290995501e-02j -7.5899269954e+01-3.0439510962e-03j -6.0457908420e+01-2.2502038765e-03j -4.9189320202e+01-1.6518424932e-03j -4.0790732041e+01-1.2525777031e-03j
  -3.4326214892e+01-9.7920411397e-04j -2.9207626965e+01-7.8549326414e-04j -2.5057098722e+01-6.4394344975e-04j -2.1623043655e+01-5.3777622286e-04j -1.8732184624e+01-4.5638379765e-04j -1.6261559168e+01-3.9282586966e-04j]
 [ 2.3962219802e+02+2.5423757647e-02j  1.6399187790e+02+6.2544063673e-03j  1.4237711079e+02+1.8895652311e-03j  1.3771303217e+02-1.2873639720e-04j  1.4308062661e+02-1.7111972807e-03j  1.5838972158e+02-3.6636067329e-03j
   1.8859956695e+02-7.0899480225e-03j  2.5009583760e+02-1.5429963314e-02j  4.1147692309e+02-4.9138426963e-02j  1.6238744719e+03-8.7349442686e-01j -6.9811213843e+02-1.8049777920e-01j -2.7014039791e+02-2.9673710549e-02j
  -1.6232798825e+02-1.1397916245e-02j -1.1610530292e+02-4.9610318643e-03j -5.9401293220e+01+1.7431653771e-02j -6.1150262283e+01-1.9766167108e-03j -5.0444289064e+01-1.6392856820e-03j -4.1996921677e+01-1.2720732644e-03j
  -3.5404493165e+01-1.0017809405e-03j -3.0160033963e+01-8.0572402169e-04j -2.5900652999e+01-6.6101302389e-04j -2.2375695935e+01-5.5192795294e-04j -1.9409673470e+01-4.6806697250e-04j -1.6876999831e+01-4.0247355844e-04j]
 [ 1.6458723451e+03+1.9079204311e+00j  2.6942177853e+02+2.8018395931e-02j  1.8693228326e+02+6.6339419318e-03j  1.6522032141e+02+1.6079000471e-03j  1.6376074712e+02-9.6308315787e-04j  1.7623137883e+02-3.3989397129e-03j
   2.0599720175e+02-7.2066214612e-03j  2.6966880896e+02-1.6134294108e-02j  4.3952080080e+02-5.1873859030e-02j  1.7220963817e+03-9.2443951806e-01j -7.3600710129e+02-1.9098606668e-01j -2.8325093939e+02-3.1393417737e-02j
  -1.6896510830e+02-1.2161261054e-02j -1.1799809974e+02-6.1952299828e-03j -9.1689811220e+01-2.7708686929e-03j -4.4085678544e+01+1.8586259101e-02j -5.0798695216e+01-1.3409156008e-03j -4.3024563560e+01-1.2451181934e-03j
  -3.6450221360e+01-1.0122320420e-03j -3.1120926429e+01-8.2231793511e-04j -2.6764728831e+01-6.7712434459e-04j -2.3151243302e+01-5.6606730706e-04j -2.0108968465e+01-4.8007693157e-04j -1.7511960865e+01-4.1255453620e-04j]
 [-2.2632168004e+02+5.5993322779e-02j  1.8493761961e+03+2.1379562639e+00j  3.0735383170e+02+3.1129647656e-02j  2.1712854263e+02+6.9361076994e-03j  1.9665139163e+02+9.4293081214e-04j  2.0187506907e+02-2.6639282557e-03j
   2.2938041716e+02-7.1401365552e-03j  2.9475276136e+02-1.6862389531e-02j  4.7421577463e+02-5.5076905442e-02j  1.8404456482e+03-9.8536769783e-01j -7.8083989305e+02-2.0349787406e-01j -2.9868223006e+02-3.3398768885e-02j
  -1.7712136369e+02-1.2942713706e-02j -1.2265122784e+02-6.6969244874e-03j -9.2570754230e+01-3.9033270341e-03j -7.5851907370e+01-1.6085550786e-03j -3.3324716754e+01+1.9292209886e-02j -4.3128222246e+01-9.3014581914e-04j
  -3.7302763673e+01-9.7518081893e-04j -3.2039367282e+01-8.2616314299e-04j -2.7630304635e+01-6.8920117509e-04j -2.3942229757e+01-5.7898296782e-04j -2.0827367108e+01-4.9189136195e-04j -1.8165839020e+01-4.2283251497e-04j]
 [-1.1565204806e+02-1.0090569239e-02j -2.5362205085e+02+6.3727065754e-02j  2.1084199911e+03+2.4294920304e+00j  3.5728400204e+02+3.4898222733e-02j  2.5867841409e+02+6.9850988039e-03j  2.4264456449e+02-6.0931278482e-04j
   2.6298390357e+02-6.5812104713e-03j  3.2846970040e+02-1.7520594636e-02j  5.1869714600e+02-5.8876760695e-02j  1.9869931390e+03-1.0600636845e+00j -8.3495630614e+02-2.1879757267e-01j -3.1700694550e+02-3.5813174567e-02j
  -1.8680726374e+02-1.3844416367e-02j -1.2854028875e+02-7.1739435573e-03j -9.6085953856e+01-4.2860597929e-03j -7.6074858890e+01-2.6863953285e-03j -6.4743403009e+01-9.1438482966e-04j -2.5340649760e+01+1.9764291401e-02j
  -3.7212765074e+01-6.4836672925e-04j -3.2752868872e+01-7.8169937979e-04j -2.8445325657e+01-6.8804524548e-04j -2.4728898578e+01-5.8754926756e-04j -2.1556907157e+01-5.0226806985e-04j -1.8835572214e+01-4.3276488657e-04j]
 [ 2.3812350616e+01+2.1839240067e-03j -1.2473287331e+02-8.3482277995e-03j -2.8834350472e+02+7.3747111328e-02j  2.4494030583e+03+2.8110423329e+00j  4.2598841089e+02+3.9476897158e-02j  3.1948030461e+02+6.2910433400e-03j
   3.1638787854e+02-4.5344769969e-03j  3.7691609132e+02-1.7800134022e-02j  5.7849231437e+02-6.3419115889e-02j  2.1749503030e+03-1.1545824880e+00j -9.0202521944e+02-2.3809472684e-01j -3.3916546619e+02-3.8808613259e-02j
  -1.9835228875e+02-1.4934160576e-02j -1.3559717861e+02-7.7154491678e-03j -1.0067513018e+02-4.6239388660e-03j -7.8851916518e+01-3.0041436827e-03j -6.4503479619e+01-1.9595257104e-03j -5.6518455296e+01-4.6451934264e-04j
  -1.9174263694e+01+2.0102248541e-02j -3.2508625967e+01-4.4601618055e-04j -2.9045728425e+01-6.3793684191e-04j -2.5458246013e+01-5.8249521670e-04j -2.2277203629e+01-5.0804000946e-04j -1.9512761867e+01-4.4108349379e-04j]
 [-1.4295751994e+04+1.2249627732e+03j  2.2552772340e+01+3.4012890995e-03j -1.3619637869e+02-6.0290719740e-03j -3.3401335830e+02+8.7236035975e-02j  2.9186010194e+03+3.3319496358e+00j  5.2652799438e+02+4.4910434357e-02j
   4.1696981146e+02+3.2792370495e-03j  4.5387944049e+02-1.6577828993e-02j  6.6439582685e+02-6.8766770234e-02j  2.4276357034e+03-1.2792720274e+00j -9.8807844704e+02-2.6343645400e-01j -3.6665121939e+02-4.2658738124e-02j
  -2.1233730528e+02-1.6299105364e-02j -1.4403999355e+02-8.3699237427e-03j -1.0622485735e+02-4.9999616930e-03j -8.2598288798e+01-3.2656141128e-03j -6.6762843529e+01-2.2374577956e-03j -5.5934629092e+01-1.4886318281e-03j
  -5.0181115478e+01-1.5494777850e-04j -1.4262406949e+01+2.0357635384e-02j -2.8675593225e+01-2.9534442780e-04j -2.5964837572e+01-5.2795852656e-04j -2.2934432468e+01-4.9987336336e-04j -2.0176478163e+01-4.4458590036e-04j]
 [-2.0435982234e+01+6.9834533819e-03j -1.6017500845e+04+1.3723594025e+03j  2.0891106370e+01+4.9757387984e-03j -1.5117299551e+02-2.8270652985e-03j -3.9681463876e+02+1.0635244553e-01j  3.6052098925e+03+4.0856160113e+00j
   6.8773454202e+02+5.0481885271e-02j  5.9873918991e+02-8.5830037859e-03j  8.0081188865e+02-7.4310828630e-02j  2.7905924211e+03-1.4534121437e+00j -1.1037747130e+03-2.9859214119e-01j -4.0193015347e+02-4.7837056375e-02j
  -2.2969930133e+02-1.8076761167e-02j -1.5428504681e+02-9.1947777869e-03j -1.1288929659e+02-5.4532885369e-03j -8.7170957490e+01-3.5503312388e-03j -6.9918454582e+01-2.4518557912e-03j -5.7810725684e+01-1.7401770627e-03j
  -4.9331274137e+01-1.1648651208e-03j -4.5146666096e+01+6.8119653889e-05j -1.0252694758e+01+2.0559331789e-02j -2.5489886850e+01-1.7980617611e-04j -2.3361944202e+01-4.4177541533e-04j -2.0772177135e+01-4.3388281164e-04j]
 [ 1.6961900014e+00+2.5894955258e-03j -2.4347794174e+01+7.9664245913e-03j -1.8210169933e+04+1.5600797577e+03j  1.8634358870e+01+7.0826289387e-03j -1.7164417181e+02+1.8217370623e-03j -4.8866505201e+02+1.3548489317e-01j
   4.7061283591e+03+5.2726539789e+00j  9.8830738559e+02+5.0539477682e-02j  1.0574052726e+03-7.4665823475e-02j  3.3667485395e+03-1.7174135192e+00j -1.2699330582e+03-3.5134740038e-01j -4.4936484813e+02-5.5242172223e-02j
  -2.5199216728e+02-2.0507366801e-02j -1.6701467931e+02-1.0279248193e-02j -1.2099039008e+02-6.0268443674e-03j -9.2682569474e+01-3.8920981528e-03j -7.3806374574e+01-2.6800751466e-03j -6.0529269337e+01-1.9231984738e-03j
  -5.0912116003e+01-1.3979004198e-03j -4.4084577123e+01-9.3189570395e-04j -4.1049228848e+01+2.3483190254e-04j -6.9133400474e+00+2.0724565718e-02j -2.2798273297e+01-8.9025273399e-05j -2.1132115837e+01-3.7286006395e-04j]
 [ 1.2982535818e+01+1.5005081857e-03j  7.0153361594e-01+2.9563698737e-03j -2.9349484831e+01+9.2444347211e-03j -2.1097557431e+04+1.8072931584e+03j  1.5444179668e+01+1.0034045414e-02j -2.0142901772e+02+9.0774041817e-03j
  -6.3587266863e+02+1.8506538963e-01j  6.7588116454e+03+7.4154236377e+00j  1.7467608696e+03-9.0952060428e-03j  4.4497648008e+03-2.1712031851e+00j -1.5335885711e+03-4.4073451780e-01j -5.1747710794e+02-6.6801670469e-02j
  -2.8196809119e+02-2.4054038650e-02j -1.8336540677e+02-1.1779816567e-02j -1.3106447147e+02-6.7861627176e-03j -9.9393858542e+01-4.3254509805e-03j -7.8510098692e+01-2.9524904194e-03j -6.3910689211e+01-2.1136020361e-03j
  -5.3294221076e+01-1.5587744936e-03j -4.5430927903e+01-1.1513771539e-03j -3.9813567222e+01-7.5812998708e-04j -3.7648142009e+01+3.6318355599e-04j -4.0856263950e+00+2.0864147057e-02j -2.0492294542e+01-1.6218495959e-05j]
 [ 2.1077145799e+01+9.9544255816e-04j  1.3494292580e+01+1.6932570482e-03j -5.8319451070e-01+3.4306225810e-03j -3.5959650541e+01+1.0971808104e-02j -2.5071962644e+04+2.1476072763e+03j  1.0668336134e+01+1.4444022224e-02j
  -2.4895799174e+02+2.1739367651e-02j -9.1024798643e+02+2.8694054607e-01j  1.1938465246e+04+1.2414252341e+01j  7.3564176740e+03-3.1088170631e+00j -2.0288620088e+03-6.2803940967e-01j -6.2551295871e+02-8.7458352700e-02j
  -3.2500353743e+02-2.9729588748e-02j -2.0535247356e+02-1.4000903508e-02j -1.4400875899e+02-7.8462149989e-03j -1.0774648592e+02-4.9021032044e-03j -8.4247438533e+01-3.2982294371e-03j -6.8016867050e+01-2.3394022981e-03j
  -5.6285846741e+01-1.7223792052e-03j -4.7546069425e+01-1.2959242260e-03j -4.0969140323e+01-9.6734955504e-04j -3.6267655689e+01-6.2469891817e-04j -3.4778613134e+01+4.6447126103e-04j -1.6572150109e+00+2.0985146312e-02j]
 [ 2.7787335134e+01+7.0454834873e-04j  2.2659552254e+01+1.0989170413e-03j  1.4128354835e+01+1.9358899276e-03j -2.2963460708e+00+4.0670617987e-03j -4.5087365254e+01+1.3431657044e-02j -3.0889541423e+04+2.6458153689e+03j
   2.8669474695e+00+2.1708796074e-02j -3.3724265913e+02+4.8529415090e-02j -1.6024244936e+03+5.9856513130e-01j  5.0248085564e+04+3.1230326193e+01j -3.3567503522e+03-1.2581795756e+00j -8.2832227530e+02-1.3416647288e-01j
  -3.9323666708e+02-4.0191785068e-02j -2.3691296284e+02-1.7615980245e-02j -1.6141597882e+02-9.4319297049e-03j -1.1848251793e+02-5.7126484406e-03j -9.1393689496e+01-3.7600452307e-03j -7.3033842742e+01-2.6259771756e-03j
  -5.9932196494e+01-1.9150173532e-03j -5.0228475859e+01-1.4396964471e-03j -4.2867299743e+01-1.0994438660e-03j -3.7264949860e+01-8.2593955516e-04j -3.3275252883e+01-5.1974936914e-04j -3.2324003712e+01+5.4608744994e-04j]
 [ 3.3890501781e+01+5.2752822365e-04j  3.0243462252e+01+7.5102368092e-04j  2.4656527258e+01+1.2208583400e-03j  1.4942450052e+01+2.2505648083e-03j -4.6804573284e+00+4.9651219459e-03j -5.8484891829e+01+1.7203182500e-02j
  -4.0219493516e+04+3.4449948974e+03j -1.1890422463e+01+3.5824106483e-02j -5.5941569748e+02+1.3390013095e-01j -6.7211580924e+03+5.3293696022e+00j -2.2914519703e+04-3.2493211175e+01j -1.3715233765e+03-3.1157136366e-01j
  -5.2124122403e+02-6.4817578495e-02j -2.8693224738e+02-2.4416273556e-02j -1.8639794678e+02-1.2044667170e-02j -1.3292073574e+02-6.9349512407e-03j -1.0058216477e+02-4.4126332233e-03j -7.9287806634e+01-3.0098362426e-03j
  -6.4394838862e+01-2.1593267477e-03j -5.3510079413e+01-1.6077054025e-03j -4.5298454024e+01-1.2280322181e-03j -3.8983286876e+01-9.4827311877e-04j -3.4139088041e+01-7.1465088221e-04j -3.0714909597e+01-4.3551993655e-04j]
 [ 3.9898097687e+01+4.4063996841e-04j  3.7125580345e+01+5.3351051077e-04j  3.3351758410e+01+7.9465423909e-04j  2.7264777548e+01+1.3647202486e-03j  1.6037751250e+01+2.6747213022e-03j -8.2030389280e+00+6.3254015573e-03j
  -8.0020357483e+01+2.3674407842e-02j -5.7618056748e+04+4.9359047346e+03j -4.9511401495e+01+7.4525151648e-02j -2.2000699463e+03+1.5439462839e+00j  3.0541258172e+03+7.5268681346e-03j -9.3569607252e+03-1.1878251098e+01j
  -8.6373449524e+02-1.6365964233e-01j -3.8070484417e+02-4.0822147520e-02j -2.2597500255e+02-1.7029545047e-02j -1.5363787014e+02-8.9675203714e-03j -1.1293962522e+02-5.4029671475e-03j -8.7331611795e+01-3.5545436949e-03j
  -6.9962160043e+01-2.4872347536e-03j -5.7533017229e+01-1.8205059485e-03j -4.8283714804e+01-1.3771221995e-03j -4.1206285899e+01-1.0649151755e-03j -3.5705983108e+01-8.2916080818e-04j -3.1464671018e+01-6.2529503757e-04j]
 [ 4.6464923873e+01+5.2478416097e-04j  4.3877457416e+01+4.1633486165e-04j  4.1223564130e+01+5.2043159377e-04j  3.7421929112e+01+8.2569962959e-04j  3.0829092953e+01+1.5317803806e-03j  1.7609246216e+01+3.2767965957e-03j
  -1.3896143832e+01+8.6199205743e-03j -1.2025226805e+02+3.7129792047e-02j -1.0152522752e+05+8.7018490543e+03j -3.2941360192e+02+4.9396577521e-01j  9.3200921428e+02+4.0296669943e-02j  1.2425574730e+03-1.8297199546e-01j
  -5.8891471403e+03-7.2487259104e+00j -6.3134687453e+02-1.0876983550e-01j -3.0012111051e+02-2.9256412012e-02j -1.8644497118e+02-1.2885971057e-02j -1.3066772551e+02-7.0615582912e-03j -9.8149954625e+01-4.3853316198e-03j
  -7.7125076853e+01-2.9541025480e-03j -6.2555673279e+01-2.1065281977e-03j -5.1949413432e+01-1.5656357634e-03j -4.3946059737e+01-1.1990736387e-03j -3.7753741925e+01-9.3619128083e-04j -3.2902291145e+01-7.3341626565e-04j]
 [ 5.7078282931e+01+2.5019503997e-03j  5.1201067610e+01+4.7808466544e-04j  4.8919565758e+01+3.5967262166e-04j  4.6594399731e+01+4.6812704291e-04j  4.2996838192e+01+8.1956494394e-04j  3.6014030107e+01+1.7117959333e-03j
   2.0087336892e+01+4.1956876497e-03j -2.4576912949e+01+1.3269367647e-02j -2.2191343084e+02+7.9109425473e-02j -4.2627596860e+05+3.6710899183e+04j  2.0590743356e+02-1.0403880787e-01j  3.5111388064e+02-5.8367280699e-02j
   7.7910022721e+02-1.4573632441e-01j -4.3021077888e+03-5.2174839860e+00j -4.9809820598e+02-8.0922499123e-02j -2.4786600324e+02-2.2611116582e-02j -1.5872980741e+02-1.0284362875e-02j -1.1366698314e+02-5.7845747511e-03j
  -8.6758927946e+01-3.6690702396e-03j -6.9019816623e+01-2.5148503518e-03j -5.6529544184e+01-1.8192511244e-03j -4.7315829246e+01-1.3683584862e-03j -4.0286869535e+01-1.0583007812e-03j -3.4800518662e+01-8.3256810841e-04j]
 [ 3.6416709479e+01+5.0905201855e-03j  6.2639996278e+01+2.4450758147e-03j  5.7200602847e+01+3.8752572427e-04j  5.5529459224e+01+2.4159652024e-04j  5.3956660267e+01+3.3129501421e-04j  5.1122825972e+01+7.0883867103e-04j
   4.4286554677e+01+1.8406503856e-03j  2.4646805185e+01+5.7553755988e-03j -5.1647049119e+01+2.7144190088e-02j -9.7442508246e+02+7.4631926196e-01j  1.9395241135e+05-1.6545101862e+04j  1.0703124169e+02-5.7709811107e-02j
   2.0221038609e+02-5.6211595772e-02j  5.6693624260e+02-1.1701937136e-01j -3.3921087354e+03-4.0775650434e+00j -4.1169449637e+02-6.4277624258e-02j -2.1123126681e+02-1.8353313341e-02j -1.3821881322e+02-8.5202082850e-03j
  -1.0057423437e+02-4.8787142798e-03j -7.7714008121e+01-3.1422416597e-03j -6.2425928102e+01-2.1820871320e-03j -5.1529371460e+01-1.5962290010e-03j -4.3407534603e+01-1.2120237866e-03j -3.7157337107e+01-9.4477315684e-04j]
 [ 1.3324198479e+01-3.1358393464e-02j  4.2879200315e+01+5.0441914453e-03j  6.9677291877e+01+2.3339991784e-03j  6.5064092757e+01+2.1600741084e-04j  6.4592388138e+01-1.0922936918e-06j  6.4695359892e+01-3.8639372692e-06j
   6.4109635547e+01+2.7935958225e-04j  5.9650854154e+01+1.5553429273e-03j  3.6042184049e+01+8.7998024438e-03j -2.5237251635e+02+2.2494714568e-01j  4.6298385724e+02+1.8013505583e-02j  7.9016440745e+04-6.7513012657e+03j
   8.1948414654e+01-4.1206349290e-02j  1.3382692274e+02-5.1598365892e-02j  4.4523211101e+02-9.7248712672e-02j -2.8020228110e+03-3.3480502142e+00j -3.5112116877e+02-5.3271306773e-02j -1.8412120753e+02-1.5415432374e-02j
  -1.2242423708e+02-7.2552541130e-03j -9.0179242557e+01-4.2076481427e-03j -7.0356591618e+01-2.7411173220e-03j -5.6955398641e+01-1.9227940175e-03j -4.7312483320e+01-1.4189943195e-03j -4.0065470408e+01-1.0856694213e-03j]
 [ 1.1802344106e+02-2.4827773083e-03j  2.1408039437e+01-3.1029218485e-02j  5.1052437203e+01+4.9339569074e-03j  7.8891878762e+01+2.1239955034e-03j  7.5844225798e+01-1.1608878576e-04j  7.7814628196e+01-5.2283239359e-04j
   8.1867852380e+01-8.7506482520e-04j  8.8261897449e+01-1.3494375080e-03j  9.8312715941e+01-2.2060178372e-03j  1.1985322108e+02-8.3642113870e-03j  1.3120492871e+02-7.1559963886e-03j  1.9673941063e+02-2.0040775407e-02j
   4.9620080271e+04-4.2409082734e+03j  7.0625115400e+01-3.3053195123e-02j  9.4424798957e+01-4.7986798342e-02j  3.6627129335e+02-8.3143184532e-02j -2.3883368448e+03-2.8411535483e+00j -3.0629828663e+02-4.5478474969e-02j
  -1.6324682987e+02-1.3276815465e-02j -1.0988554091e+02-6.3090847449e-03j -8.1724727745e+01-3.6933342836e-03j -6.4253478280e+01-2.4270845359e-03j -5.2342542118e+01-1.7160143034e-03j -4.3707122442e+01-1.2753643549e-03j]
 [ 2.5397069894e+02+1.9117840718e-01j  1.2639572856e+02-2.4724401202e-03j  3.1467584776e+01-3.0782046434e-02j  6.1750848234e+01+4.7075954618e-03j  9.1513722972e+01+1.7196215995e-03j  9.1570000474e+01-8.0102150204e-04j
   9.8962702788e+01-1.7711148023e-03j  1.1381944042e+02-3.5959318594e-03j  1.4909581509e+02-1.0249198269e-02j  3.8380097243e+02-1.6529513725e-01j -3.9987593591e+01-3.6327579295e-02j  6.0224244801e+01-1.0309201919e-02j
   1.2871408316e+02-1.7137666291e-02j  3.6168363955e+04-3.0914049658e+03j  6.4258294922e+01-2.8228537294e-02j  6.8713246047e+01-4.5311152049e-02j  3.1087865208e+02-7.2652919844e-02j -2.0822127268e+03-2.4684653981e+00j
  -2.7178711545e+02-3.9682200545e-02j -1.4667719336e+02-1.1655810671e-02j -9.9688825001e+01-5.5775738174e-03j -7.4712585665e+01-3.2882404536e-03j -5.9108041187e+01-2.1755487772e-03j -4.8399312817e+01-1.5478877143e-03j]
 [ 9.0225148324e+01+7.0658469747e-03j  2.6522491773e+02+1.9254203144e-01j  1.3711665266e+02-2.5422813878e-03j  4.4450035722e+01-3.0676329014e-02j  7.6401931907e+01+4.2537764176e-03j  1.0991349904e+02+8.9158131444e-04j
   1.1672032878e+02-2.3899264974e-03j  1.3831765281e+02-5.4500887757e-03j  1.9432538490e+02-1.6802522298e-02j  5.9856033859e+02-2.8906096011e-01j -1.6120225948e+02-6.0866394867e-02j -1.0276643112e+01-1.1897567978e-02j
   4.2132170210e+01-7.7446145870e-03j  9.7638999930e+01-1.4094138494e-02j  2.8456326474e+04-2.4321640273e+03j  6.0236320304e+01-2.5055974726e-02j  5.0547488326e+01-4.3310713729e-02j  2.6985653567e+02-6.4572274853e-02j
  -1.8465081360e+03-2.1829086039e+00j -2.4439462308e+02-3.5207758474e-02j -1.3320405555e+02-1.0387768154e-02j -9.1232968748e+01-4.9968180143e-03j -6.8801748176e+01-2.9619410422e-03j -5.4710336233e+01-1.9701882710e-03j]
 [ 1.3595133578e+02+6.1173951918e-03j  1.0264934113e+02+7.1354197268e-03j  2.7929936801e+02+1.9384474633e-01j  1.5129701366e+02-2.7597440539e-03j  6.2015222039e+01-3.0839568035e-02j  9.7757042969e+01+3.3052898268e-03j
   1.3932433132e+02-1.0143640566e-03j  1.6352076719e+02-6.9611551128e-03j  2.3748909607e+02-2.2546338198e-02j  7.8925316387e+02-3.9641143541e-01j -2.5959515913e+02-8.2570233571e-02j -6.0120087565e+01-1.4606986653e-02j
  -2.6184188941e+00-7.0557904385e-03j  3.3899888572e+01-6.1137898873e-03j  7.9866316291e+01-1.1864586716e-02j  2.3456349777e+04-2.0046691658e+03j  5.7509766424e+01-2.2821827922e-02j  3.6979997323e+01-4.1789210529e-02j
   2.3824223047e+02-5.8167202590e-02j -1.6594171452e+03-1.9571158676e+00j -2.2212284279e+02-3.1652115960e-02j -1.2203269214e+02-9.3704521890e-03j -8.4106366395e+01-4.5256206734e-03j -6.3750817758e+01-2.6941498609e-03j]
 [ 2.0933744074e+02+1.5181131356e-02j  1.5257217890e+02+6.4114881797e-03j  1.1854446924e+02+7.1316050870e-03j  2.9752453356e+02+1.9501215736e-01j  1.7088415532e+02-3.2700896255e-03j  8.7361842368e+01-3.1579016831e-02j
   1.3188957382e+02+1.1004133157e-03j  1.9403043345e+02-6.4546508604e-03j  2.8145079900e+02-2.7789246354e-02j  9.7040503720e+02-4.9632428227e-01j -3.4668881401e+02-1.0293123513e-01j -1.0048170879e+02-1.7528595456e-02j
  -3.4207734055e+01-7.5683381799e-03j  9.3006796085e-01-5.0315597913e-03j  2.9217840657e+01-5.0497834136e-03j  6.8380153685e+01-1.0231071868e-02j  1.9951776671e+04-1.7049881078e+03j  5.5575326776e+01-2.1171614185e-02j
   2.6420310906e+01-4.0614019005e-02j  2.1312214864e+02-5.2970506789e-02j -1.5072951912e+03-1.7740935864e+00j -2.0365760851e+02-2.8760203153e-02j -1.1261893217e+02-8.5372432438e-03j -7.8017697070e+01-4.1363303517e-03j]
 [ 4.5996774609e+02+8.9783925782e-02j  2.3445655747e+02+1.6451634322e-02j  1.7377935330e+02+6.6757783947e-03j  1.3955986724e+02+6.9745581717e-03j  3.2223246635e+02+1.9588120483e-01j  1.9963181327e+02-4.4251491603e-03j
   1.2755021204e+02-3.3773108343e-02j  1.9537723189e+02-5.2183725690e-03j  3.3184307689e+02-3.1052892170e-02j  1.1529886696e+03-5.9487230389e-01j -4.2903387767e+02-1.2308603170e-01j -1.3609349537e+02-2.0570767213e-02j
  -5.9724802796e+01-8.4393073663e-03j -2.2306477484e+01-4.9985853512e-03j  2.9999395840e+00-3.9254230070e-03j  2.6214113966e+01-4.3100309190e-03j  6.0361176035e+01-8.9984871325e-03j  1.7359022323e+04-1.4832542223e+03j
   5.4161497305e+01-1.9909511912e-02j  1.7934596772e+01-3.9695704314e-02j  1.9267315776e+02-4.8672368058e-02j -1.3811675349e+03-1.6227326571e+00j -1.8809907354e+02-2.6362962434e-02j -1.0457763077e+02-7.8429815430e-03j]
 [-1.4163249933e+03+1.0860870516e+00j  5.1510181288e+02+9.9429003559e-02j  2.6647480427e+02+1.7906692381e-02j  2.0175187961e+02+6.8369274237e-03j  1.6858679500e+02+6.4842494656e-03j  3.5791795889e+02+1.9605121673e-01j
   2.4582658292e+02-7.2361343698e-03j  2.0185116075e+02-4.0724898011e-02j  3.5531341286e+02-3.3810259999e-02j  1.3501619878e+03-6.9562238642e-01j -5.1113293211e+02-1.4397633603e-01j -1.6959906272e+02-2.3785743058e-02j
  -8.2164681398e+01-9.4940946912e-03j -4.1029273528e+01-5.3049641393e-03j -1.5448198332e+01-3.7097155817e-03j  4.3718279758e+00-3.2295975198e-03j  2.4136494204e+01-3.7683673352e-03j  5.4457073049e+01-8.0405479802e-03j
   1.5363208470e+04-1.3125561949e+03j  5.3108936942e+01-1.8918586371e-02j  1.0938449404e+01-3.8972741734e-02j  1.7569606903e+02-4.5059855716e-02j -1.2748889140e+03-1.4954645777e+00j -1.7481035957e+02-2.4344033352e-02j]
 [-2.4572803374e+02+4.2738777156e-02j -1.5869740216e+03+1.2202476629e+00j  5.8533795653e+02+1.1135741064e-01j  3.0867028712e+02+1.9545023969e-02j  2.4030947358e+02+6.7134583149e-03j  2.1119829182e+02+5.2071051381e-03j
   4.1450286619e+02+1.9435639688e-01j  3.3208795846e+02-1.5525319194e-02j  3.8825646442e+02-7.3468751158e-02j  1.5371270661e+03-8.0553893061e-01j -5.9415482648e+02-1.6496520672e-01j -2.0262898466e+02-2.7202024403e-02j
  -1.0317073462e+02-1.0692746450e-02j -5.7438471709e+01-5.7818055145e-03j -3.0274719820e+01-3.7981002080e-03j -1.0972186827e+01-2.9459321113e-03j  5.3594542039e+00-2.7519925882e-03j  2.2624191289e+01-3.3555515062e-03j
   4.9938213560e+01-7.2768354612e-03j  1.3779473555e+04-1.1770923705e+03j  5.2317995311e+01-1.8124724848e-02j  5.0473976351e+00-3.8401769658e-02j  1.6136974473e+02-4.1982065651e-02j -1.1841099339e+03-1.3869551234e+00j]
 [-1.2190836330e+02+1.4148329727e-02j -2.7559445091e+02+4.8488306039e-02j -1.8042760011e+03+1.3921936647e+00j  6.7785262107e+02+1.2645946533e-01j  3.6678931164e+02+2.1284774142e-02j  2.9681472447e+02+5.8148056327e-03j
   2.7969693781e+02+1.7937576360e-03j  5.1906940932e+02+1.8634224870e-01j  5.4996286286e+02-5.3760002233e-02j  1.7625130975e+03-9.6893535793e-01j -7.1937229587e+02-1.8874932794e-01j -2.3367910889e+02-2.9228770306e-02j
  -1.2363624833e+02-1.1965788661e-02j -7.2719040087e+01-6.3720132575e-03j -4.3223993077e+01-4.0372845819e-03j -2.3271837766e+01-2.9340381151e-03j -7.8092044859e+00-2.4442930776e-03j  6.1133175551e+00-2.4041076661e-03j
   2.1482555653e+01-3.0309471385e-03j  4.6376258099e+01-6.6548079880e-03j  1.2492145172e+04-1.0669741472e+03j  5.1723178573e+01-1.7478691710e-02j -1.8910944016e-03-3.7951497344e-02j  1.4911299549e+02-3.9329191008e-02j]
 [-7.3568057395e+01+7.2241850254e-03j -1.3690226220e+02+1.6154140483e-02j -3.1361263854e+02+5.6001043295e-02j -2.0904026171e+03+1.6204838165e+00j  8.0522556806e+02+1.4612154803e-01j  4.5190795002e+02+2.2756404871e-02j
   3.8752055532e+02+2.5981898257e-03j  4.0766415875e+02-9.0156503515e-03j  7.8122462428e+02+1.4320634538e-01j  2.1621759145e+03-1.1012589757e+00j -8.6003894902e+02-2.5415360811e-01j -3.0102679543e+02-3.1368447680e-02j
  -1.4136205301e+02-1.1600423294e-02j -8.7424925914e+01-6.9793976349e-03j -5.5217657608e+01-4.3673707447e-03j -3.3975959170e+01-3.0555030795e-03j -1.8337115795e+01-2.3812868017e-03j -5.4463578442e+00-2.0910757400e-03j
   6.7146385544e+00-2.1395580868e-03j  2.0597327524e+01-2.7692755343e-03j  4.3503202338e+01-6.1390190847e-03j  1.1425139966e+04-9.7569672445e+02j  5.1279690787e+01-1.6946506799e-02j -4.3958656136e+00-3.7598850934e-02j]
 [-4.7199988196e+01+4.4501612288e-03j -8.2760645650e+01+8.2788232351e-03j -1.5598219174e+02+1.8804086944e-02j -3.6365715491e+02+6.6220095173e-02j -2.4842189647e+03+1.9381885067e+00j  9.9170434761e+02+1.7255232540e-01j
   5.8847656323e+02+2.2452370778e-02j  5.5679117560e+02-9.2303908399e-03j  7.3101219235e+02-6.1866836559e-02j  2.7127926527e+03-1.1007872997e+00j -9.1709303568e+02-2.7006837716e-01j -3.7327968055e+02-7.0453153564e-02j
  -1.9389638746e+02-1.0933443577e-02j -9.9030705915e+01-5.8495048367e-03j -6.6613596255e+01-4.6817979697e-03j -4.3835044323e+01-3.2513042239e-03j -2.7465949125e+01-2.4372027453e-03j -1.4663015244e+01-2.0003672933e-03j
  -3.6068932065e+00-1.8295775928e-03j  7.2111169541e+00-1.9317049954e-03j  1.9897027745e+01-2.5540336520e-03j  4.1142784339e+01-5.7048095543e-03j  1.0526361826e+04-8.9880578022e+02j  5.0955875139e+01-1.6503967737e-02j]
 [-3.0173879889e+01+3.0361313288e-03j -5.3229075855e+01+5.1067766812e-03j -9.4454014307e+01+9.6803709271e-03j -1.8109051041e+02+2.2457005812e-02j -4.3251974474e+02+8.0892737002e-02j -3.0606374813e+03+2.4104831427e+00j
   1.2908151652e+03+2.0911294264e-01j  8.4323509299e+02+1.3124354791e-02j  9.8417908649e+02-7.2791104429e-02j  3.1244035485e+03-1.5875155057e+00j -9.7260196063e+02-1.2062028002e-01j -3.4659127323e+02-5.3353945819e-02j
  -2.4829520568e+02-4.6293433437e-02j -1.4477859682e+02-4.2596550689e-03j -7.4692921061e+01-3.2047394247e-03j -5.3078627007e+01-3.4099585676e-03j -3.5825888409e+01-2.5548616888e-03j -2.2625049541e+01-2.0167189207e-03j
  -1.1813803164e+01-1.7233558188e-03j -2.1283154459e+00-1.6285302438e-03j  7.6326147804e+00-1.7641659717e-03j  1.9334656294e+01-2.3740081071e-03j  3.9174330202e+01-5.3345446029e-03j  9.7589392938e+03-8.3314853685e+02j]
 [-1.7949052852e+01+2.2044119074e-03j -3.4159792525e+01+3.4811387595e-03j -6.0894808109e+01+5.9812388032e-03j -1.0983713953e+02+1.1625962872e-02j -2.1563197912e+02+2.7789075018e-02j -5.3329145594e+02+1.0363712434e-01j
  -3.9850262909e+03+3.1859204226e+00j  1.8486635158e+03+2.5811863315e-01j  1.4862957582e+03-6.1110568426e-02j  4.1462837531e+03-2.0416903777e+00j -1.4472735610e+03-4.1006691497e-01j -2.8821860623e+02+1.4345702506e-01j
  -2.0072418587e+02-2.4939269271e-02j -1.9075500050e+02-3.8200808068e-02j -1.1654463924e+02-1.1824870752e-03j -5.8857130939e+01-1.7417419873e-03j -4.3555469127e+01-2.6200863842e-03j -2.9873339969e+01-2.0849436318e-03j
  -1.8876498882e+01-1.7143726629e-03j -9.5336488470e+00-1.5135570857e-03j -9.0893237164e-01-1.4693431928e-03j  7.9987881073e+00-1.6263153160e-03j  1.8878045826e+01-2.2213208551e-03j  3.7512448434e+01-5.0153020569e-03j]
 [-8.4826563730e+00+1.6664337998e-03j -2.0467024301e+01+2.5195408314e-03j -3.9224390024e+01+4.0730763011e-03j -7.0975479516e+01+7.1981997182e-03j -1.3099416749e+02+1.4490031974e-02j -2.6616923695e+02+3.6229095476e-02j
  -6.9487054624e+02+1.4325792293e-01j -5.7087749639e+03+4.6911823793e+00j  3.2565723975e+03+2.7082300069e-01j  6.2433635384e+03-2.8648113851e+00j -1.8930976010e+03-5.7535679353e-01j -6.0045375317e+02-7.7943434699e-02j
  -1.1222414066e+02+1.7983792727e-01j -1.3400352498e+02-1.5570344340e-02j -1.5749914891e+02-3.4318398343e-02j -9.8178966743e+01+5.2698233699e-04j -4.7709065492e+01-8.3265698626e-04j -3.6478208902e+01-2.0892050488e-03j
  -2.5266858623e+01-1.7493198060e-03j -1.5881668860e+01-1.4875971950e-03j -7.6624572880e+00-1.3495448154e-03j  1.1815807950e-01-1.3402986952e-03j  8.3231096976e+00-1.5109610503e-03j  1.8504443890e+01-2.0902786351e-03j]
 [-7.1173220857e-01+1.2942632002e-03j -9.8628871703e+00+1.8937092713e-03j -2.3662874681e+01+2.9367105330e-03j -4.5880792604e+01+4.8956961662e-03j -8.4835347096e+01+8.9950634084e-03j -1.6194225468e+02+1.9071099521e-02j
  -3.4718917266e+02+5.1341011898e-02j -9.9613777398e+02+2.2749168444e-01j -1.0058761530e+04+8.8327002736e+00j  1.3670762588e+04-4.5709049422e+00j -2.8419446788e+03-9.6115087810e-01j -7.7415087590e+02-1.2012645189e-01j
  -3.8406833140e+02-3.3158671942e-02j -3.0974914421e+01+1.9301919148e-01j -9.5768244550e+01-1.1206010172e-02j -1.3572256277e+02-3.2042861339e-02j -8.5254867639e+01+1.5956368234e-03j -3.9419121117e+01-2.2056076539e-04j
  -3.1001917212e+01-1.7112254217e-03j -2.1589273884e+01-1.4990315227e-03j -1.3428654949e+01-1.3117890114e-03j -6.0949117152e+00-1.2180289821e-03j  9.9877889601e-01-1.2336580900e-03j  8.6151283015e+00-1.4130623081e-03j]
 [ 5.9792180543e+00+1.0238455724e-03j -1.1570198368e+00+1.4577310507e-03j -1.1610369039e+01+2.1917374423e-03j -2.7859236314e+01+3.5131696311e-03j -5.5028430025e+01+6.1082687997e-03j -1.0510398298e+02+1.1879699275e-02j
  -2.1154917527e+02+2.7382791284e-02j -4.9823520606e+02+8.4709468292e-02j -1.7563417421e+03+4.9997120153e-01j -4.2233417041e+04+5.4714444714e+01j -6.2184317633e+03-2.8787006130e+00j -1.1585281034e+03-2.2032794762e-01j
  -4.8806329919e+02-5.6789393348e-02j -2.8519954641e+02-1.8099259386e-02j  1.6184669936e+01+2.0008425789e-01j -7.0988151484e+01-8.7539601669e-03j -1.2027922803e+02-3.0524159395e-02j -7.5648952762e+01+2.3208016158e-03j
  -3.3000084790e+01+2.1655877250e-04j -2.6630521858e+01-1.4300335026e-03j -1.8579533631e+01-1.3059468040e-03j -1.1378061862e+01-1.1718281142e-03j -4.7588853968e+00-1.1103578186e-03j  1.7653746754e+00-1.1441118454e-03j]
 [ 1.1979328437e+01+8.2019973612e-04j  6.3398031651e+00+1.1383499490e-03j -1.7142927640e+00+1.6685332914e-03j -1.3900103420e+01+2.5988904321e-03j -3.3621630585e+01+4.3571042451e-03j -6.8400921460e+01+8.0509318786e-03j
  -1.3758609048e+02+1.7137457598e-02j -3.0402039054e+02+4.6057906646e-02j -8.7934862052e+02+1.9894945335e-01j -7.3789322201e+03+5.1800988471e+00j  1.9213478432e+04-9.5708421033e+00j -2.5330039118e+03-7.9825151990e-01j
  -7.2803382761e+02-1.1073426545e-01j -3.5722387148e+02-3.5014240167e-02j -2.2863512779e+02-1.0990409086e-02j  4.7250432185e+01+2.0481671318e-01j -5.3623344456e+01-7.2018684327e-03j -1.0870059327e+02-2.9414140218e-02j
  -6.8215477582e+01+2.8436236613e-03j -2.7872344377e+01+5.4312563234e-04j -2.3053596889e+01-1.2134931630e-03j -1.6065914221e+01-1.1528712353e-03j -9.6344277116e+00-1.0579547026e-03j -3.6033168499e+00-1.0206716781e-03j]
 [ 1.7555307305e+01+6.6301445302e-04j  1.3063308895e+01+8.9543186243e-04j  6.8084501826e+00+1.2816525996e-03j -2.4372326109e+00+1.9506197159e-03j -1.7038827918e+01+3.1866804217e-03j -4.2040069566e+01+5.6978821797e-03j
  -8.9825168451e+01+1.1582811003e-02j -1.9812616112e+02+2.9020702706e-02j -5.3732091710e+02+1.1156916272e-01j -3.6980056779e+03+2.3797688983e+00j  3.3589291650e+03+3.2060968274e-01j  7.8271551522e+03-5.0548826111e+00j
  -1.5904424656e+03-4.4102800073e-01j -5.3108883367e+02-7.1434102433e-02j -2.8227025616e+02-2.4568068233e-02j -1.9206098902e+02-6.9656350391e-03j  6.9454386716e+01+2.0846164178e-01j -4.0776736691e+01-6.1341887833e-03j
  -9.9654561018e+01-2.8547285970e-02j -6.2281743339e+01+3.2386063050e-03j -2.3673195133e+01+7.9597527138e-04j -2.0066940356e+01-1.0420236917e-03j -1.3930816353e+01-1.0287621028e-03j -8.1301747022e+00-9.6361017878e-04j]
 [ 2.2905545666e+01+5.4004932821e-04j  1.9312135158e+01+7.0557467155e-04j  1.4452907633e+01+9.8410152408e-04j  7.4360593010e+00+1.4660555165e-03j -3.4199141480e+00+2.3472752892e-03j -2.1617749929e+01+4.1042497791e-03j
  -5.5520702664e+01+8.1099078293e-03j -1.2974704791e+02+1.9539391469e-02j -3.5085043424e+02+7.1042220987e-02j -2.2626985396e+03+1.4138231781e+00j  1.6849318384e+03+2.5947635734e-01j  1.3691216298e+03-7.1416031948e-02j
   4.9148584179e+03-3.3595239628e+00j -1.1591616400e+03-3.0131913708e-01j -4.1821603407e+02-5.1973709772e-02j -2.3372341767e+02-1.8586752481e-02j -1.6651019847e+02-4.4113004503e-03j  8.6265758401e+01+2.1153278720e-01j
  -3.0885201781e+01-5.3530004473e-03j -9.2358926266e+01-2.7836077359e-02j -5.7426786059e+01+3.5483361736e-03j -2.0164043667e+01+9.9751780425e-04j -1.7530711822e+01-9.0308642684e-04j -1.2090993022e+01-9.2623365956e-04j]
 [ 2.8191182022e+01+4.4389028278e-04j  2.5308427245e+01+5.5458331750e-04j  2.1558367810e+01+7.4833788335e-04j  1.6292917441e+01+1.0886621106e-03j  8.3118783798e+00+1.7118864156e-03j -4.8436380344e+00+2.9453975982e-03j
  -2.8941915774e+01+5.7177521477e-03j -8.0631317052e+01+1.3469421617e-02j -2.3044335889e+02+4.7551605137e-02j -1.4802626990e+03+9.1710654838e-01j  1.0323116721e+03+1.7834829269e-01j  6.8741182406e+02+4.4335046769e-03j
   8.6015777141e+02-7.7261270315e-02j  3.5821537377e+03-2.5103191744e+00j -9.1192988212e+02-2.2794834784e-01j -3.4506819915e+02-4.0551713932e-02j -1.9973712231e+02-1.4763717312e-02j -1.4768171539e+02-2.6573930581e-03j
   9.9556672231e+01+2.1427620649e-01j -2.3031061477e+01-4.7535054194e-03j -8.6324117347e+01-2.7230381097e-02j -5.3373681280e+01+3.7987163755e-03j -1.7181496262e+01+1.1620834826e-03j -1.5345920716e+01-7.8831796686e-04j]
 [ 3.3556083030e+01+3.7030302447e-04j  3.1232626559e+01+4.3375928797e-04j  2.8377218051e+01+5.5752571143e-04j  2.4526146055e+01+7.8509696541e-04j  1.8837171609e+01+1.2098975049e-03j  9.6079604132e+00+2.0550371763e-03j
  -7.1085882248e+00+3.9481339479e-03j -4.2573538085e+01+9.1938800374e-03j -1.4395318730e+02+3.1982474399e-02j -9.7504485442e+02+6.0762187888e-01j  6.7658563182e+02+1.2054928078e-01j  4.2169513676e+02+1.0666797060e-02j
   4.3224807829e+02-1.3463586382e-02j  6.2722949987e+02-6.7108119627e-02j  2.8180666006e+03-2.0026675684e+00j -7.5166328011e+02-1.8299811047e-01j -2.9382423546e+02-3.3105360703e-02j -1.7462920029e+02-1.2129975897e-02j
  -1.3325493421e+02-1.3814529884e-03j  1.1042648999e+02+2.1682302791e-01j -1.6640112773e+01-4.2756204497e-03j -8.1228007226e+01-2.6699622993e-02j -4.9932779148e+01+4.0063078950e-03j -1.4609888141e+01+1.2992181476e-03j]
 [ 3.9141763008e+01+3.1744055589e-04j  3.7245846132e+01+3.3800732769e-04j  3.5114474920e+01+4.0120750897e-04j  3.2427945578e+01+5.3478714515e-04j  2.8622416568e+01+7.9933351448e-04j  2.2574960961e+01+1.3399637173e-03j
   1.1704143853e+01+2.5639910371e-03j -1.1307062117e+01+5.9612764229e-03j -7.6929637521e+01+2.0671446718e-02j -6.1212603485e+02+3.9078392139e-01j  4.4690152771e+02+7.8114557468e-02j  2.7687747814e+02+8.5339478774e-03j
   2.6549246840e+02-3.2460156271e-03j  3.1546298447e+02-1.5222482914e-02j  4.9366814675e+02-5.7654184118e-02j  2.3226583595e+03-1.6654405719e+00j -6.3934827348e+02-1.5271904345e-01j -2.5593603978e+02-2.7892587533e-02j
  -1.5533381483e+02-1.0214304388e-02j -1.2186750749e+02-4.1110718331e-04j  1.1956335469e+02+2.1924902927e-01j -1.1334680796e+01-3.8826933717e-03j -7.6849927804e+01-2.6224191035e-02j -4.6969822976e+01+4.1821412975e-03j]
 [ 4.5100841729e+01+2.8559345320e-04j  4.3506579007e+01+2.6491117677e-04j  4.1953209096e+01+2.7308139869e-04j  4.0235685637e+01+3.2474807251e-04j  3.8014602594e+01+4.5399522306e-04j  3.4631595747e+01+7.4421100542e-04j
   2.8586421334e+01+1.4309836964e-03j  1.5637283048e+01+3.3770010156e-03j -2.1859763276e+01+1.1871081698e-02j -3.3086631752e+02+2.2590166822e-01j  2.8190444013e+02+4.5138785249e-02j  1.8337578308e+02+5.0731931559e-03j
   1.7462113396e+02-1.1495813704e-03j  1.9399486296e+02-5.6760277447e-03j  2.4849145483e+02-1.4409566107e-02j  4.0705915663e+02-5.0109790842e-02j  1.9753973776e+03-1.4252724932e+00j -5.5627149990e+02-1.3096855797e-01j
  -2.2679142363e+02-2.4051079147e-02j -1.4005107341e+02-8.7624418274e-03j -1.1266703181e+02+3.5333587670e-04j  1.2742012711e+02+2.2160090960e-01j -6.8561648853e+00-3.5512232576e-03j -7.3033609543e+01-2.5790969000e-02j]
 [ 5.1611866988e+01+2.7739644750e-04j  5.0185770872e+01+2.1442081227e-04j  4.9073531508e+01+1.6989761881e-04j  4.8161344844e+01+1.4690054411e-04j  4.7295622441e+01+1.5702749200e-04j  4.6205036455e+01+2.3233605237e-04j
   4.4285304457e+01+4.6734401521e-04j  3.9819941247e+01+1.2138501703e-03j  2.5603843159e+01+4.6411683283e-03j -9.9741896829e+01+9.2481557396e-02j  1.5402189492e+02+1.8140237849e-02j  1.1620539291e+02+1.5717234379e-03j
   1.1595264506e+02-1.1043605464e-03j  1.2781150934e+02-3.0039824244e-03j  1.5298955519e+02-5.9542842650e-03j  2.0505774338e+02-1.3173075447e-02j  3.4633950135e+02-4.4157994267e-02j  1.7184690111e+03-1.2455745333e+00j
  -4.9233600341e+02-1.1460231181e-01j -2.0368263820e+02-2.1108263863e-02j -1.2765476389e+02-7.6260896517e-03j -1.0509288757e+02+9.7317911588e-04j  1.3430712017e+02+2.2390901354e-01j -3.0215375300e+00-3.2655118804e-03j]
 [ 5.8898634631e+01+2.9857609133e-04j  5.7483422877e+01+1.8904738180e-04j  5.6669722238e+01+9.1055157591e-05j  5.6413495932e+01-3.2883642876e-06j  5.6717237744e+01-1.0244576912e-04j  5.7642334908e+01-2.1900124962e-04j
   5.9356537466e+01-3.7969780678e-04j  6.2310227127e+01-6.6912870023e-04j  6.8208406186e+01-1.5733715343e-03j  9.9486690778e+01-2.1036074594e-02j  4.8922137155e+01-4.9908216852e-03j  6.4139967459e+01-1.7291896887e-03j
   7.3804848447e+01-1.7094497378e-03j  8.5084335197e+01-2.2323858171e-03j  1.0096184555e+02-3.3373219273e-03j  1.2639254025e+02-5.7003905882e-03j  1.7460281562e+02-1.1973580561e-02j  3.0140600129e+02-3.9402473466e-02j
   1.5206788056e+03-1.1060797990e+00j -4.4161398018e+02-1.0184803754e-01j -1.8491539431e+02-1.8784689499e-02j -1.1740414493e+02-6.7133540008e-03j -9.8761249606e+01+1.4880188791e-03j  1.4044418264e+02+2.2619396954e-01j]
 [ 6.7258629281e+01+3.5954482102e-04j  6.5650233768e+01+1.9465308351e-04j  6.4969100285e+01+3.8770458341e-05j  6.5217142097e+01-1.2734563662e-04j  6.6527191691e+01-3.3106887506e-04j  6.9253475919e+01-6.2550324370e-04j
   7.4251655498e+01-1.1459155628e-03j  8.3903619773e+01-2.3652515013e-03j  1.0783642375e+02-7.1269305973e-03j  2.7834444325e+02-1.2179150530e-01j -4.1686155909e+01-2.5610337267e-02j  2.1345014415e+01-4.8262973233e-03j
   4.1132329201e+01-2.5470388007e-03j  5.4388157926e+01-2.1427727574e-03j  6.7375334288e+01-2.3979368255e-03j  8.3543821099e+01-3.2691391887e-03j  1.0774037965e+02-5.3186841099e-03j  1.5206187616e+02-1.0909533926e-02j
   2.6680737829e+02-3.5537635051e-02j  1.3637128075e+03-9.9466197589e-01j -4.0039626726e+02-9.1632353718e-02j -1.6937529051e+02-1.6905047541e-02j -1.0879203445e+02-5.9644652566e-03j -9.3400504853e+01+1.9244831743e-03j]
 [ 7.7108711756e+01+4.7856120310e-04j  7.5019460472e+01+2.4216659306e-04j  7.4256622747e+01+1.8906186713e-05j  7.4835571725e+01-2.2367762857e-04j  7.6992771685e+01-5.3201608575e-04j  8.1343531037e+01-9.9762597133e-04j
   8.9374006439e+01-1.8565688411e-03j  1.0524647354e+02-3.9401706662e-03j  1.4588832515e+02-1.2262819027e-02j  4.4472837392e+02-2.1456831090e-01j -1.2304158953e+02-4.4649572442e-02j -1.5554485432e+01-7.7728521868e-03j
   1.4273998442e+01-3.4766711693e-03j  3.0590845737e+01-2.3419307127e-03j  4.3245532408e+01-2.0886614495e-03j  5.5884583324e+01-2.3178271736e-03j  7.1326573566e+01-3.0879659585e-03j  9.3932787202e+01-4.9281464401e-03j
   1.3470215643e+02-9.9880593059e-03j  2.3934323328e+02-3.2344254537e-02j  1.2361115050e+03-9.0362342669e-01j -3.6624317769e+02-8.3267856096e-02j -1.5629928279e+02-1.5354044310e-02j -1.0145949022e+02-5.3389748577e-03j]
 [ 8.9063960583e+01+6.8811567690e-04j  8.6058100522e+01+3.5101028154e-04j  8.4911100499e+01+4.2819306160e-05j  8.5598851330e+01-2.8671551040e-04j  8.8426772503e+01-7.0498749272e-04j  9.4241675209e+01-1.3417335611e-03j
   1.0512059225e+02-2.5300161776e-03j  1.2691622296e+02-5.4429484571e-03j  1.8350207579e+02-1.7160831791e-02j  6.0451327498e+02-3.0283977857e-01j -1.9873353147e+02-6.2796177350e-02j -4.8690738263e+01-1.0632856397e-02j
  -8.8876752804e+00-4.4517093142e-03j  1.1025921334e+01-2.6813981041e-03j  2.4537292144e+01-2.0602302562e-03j  3.6012819531e+01-1.9357140927e-03j  4.7822777446e+01-2.1737310150e-03j  6.2280703009e+01-2.8831300470e-03j
   8.3296965093e+01-4.5648192654e-03j  1.2091926765e+02-9.1933800693e-03j  2.1701098735e+02-2.9665952852e-02j  1.1303374049e+03-8.2784353565e-01j -3.3748420767e+02-7.6294249646e-02j -1.4514733320e+02-1.4052870634e-02j]
 [ 1.0408365084e+02+1.0485923829e-03j  9.9455217238e+01+5.5605871384e-04j  9.7463378416e+01+1.3109307370e-04j  9.7945775987e+01-3.0492996099e-04j  1.0122134863e+02-8.4536622584e-04j  1.0833316333e+02-1.6603316405e-03j
   1.2191983187e+02-3.1796694472e-03j  1.4948128845e+02-6.9125689118e-03j  2.2169440821e+02-2.1964718290e-02j  7.6247319672e+02-3.8935321665e-01j -2.7143222045e+02-8.0600530080e-02j -7.9524610135e+01-1.3470348337e-02j
  -2.9690340251e+01-5.4617473522e-03j -5.8486763961e+00-3.1005227999e-03j  9.1544098055e+00-2.1751069758e-03j  2.0604655238e+01-1.8136513609e-03j  3.0936256011e+01-1.7732045465e-03j  4.1851980018e+01-2.0204399940e-03j
   5.5311219326e+01-2.6843987047e-03j  7.4850823403e+01-4.2376449594e-03j  1.0970929589e+02-8.5059968646e-03j  1.9849343823e+02-2.7389823207e-02j  1.0412293892e+03-7.6378399498e-01j -3.1293705288e+02-7.0391867670e-02j]
 [ 1.2376398158e+02+1.6800585538e-03j  1.1628547893e+02+9.2258203463e-04j  1.1269673791e+02+3.2116416894e-04j  1.1249126433e+02-2.5675800639e-04j  1.1589785822e+02-9.4211387496e-04j  1.2410102717e+02-1.9513404914e-03j
   1.4027318134e+02-3.8147959555e-03j  1.7355514842e+02-8.3819443956e-03j  2.6146631323e+02-2.6799602129e-02j  9.2287405178e+02-4.7649262088e-01j -3.4330771690e+02-9.8544116719e-02j -1.0914288838e+02-1.6348776802e-02j
  -4.9050429407e+01-6.5123286016e-03j -2.1006973983e+01-3.5748766608e-03j -4.1152159599e+00-2.3735812823e-03j  7.9336558317e+00-1.8272291313e-03j  1.7841731155e+01-1.6108094751e-03j  2.7174617313e+01-1.6236138605e-03j
   3.7250287198e+01-1.8753667626e-03j  4.9775258282e+01-2.5012507217e-03j  6.7979837171e+01-3.9463257544e-03j  1.0041191107e+02-7.9080465603e-03j  1.8288865781e+02-2.5432946825e-02j  9.6513462269e+02-7.0892165329e-01j]
 [ 1.5098614412e+02+2.8451304474e-03j  1.3833710045e+02+1.5811337252e-03j  1.3183279920e+02+6.8378560736e-04j  1.3014266476e+02-1.0219928009e-04j  1.3318694173e+02-9.7333960483e-04j  1.4218747330e+02-2.2059613143e-03j
   1.6080941108e+02-4.4402224951e-03j  1.9985594208e+02-9.8803960032e-03j  3.0389826899e+02-3.1784409951e-02j  1.0899162752e+03-5.6653656985e-01j -4.1629932455e+02-1.1708946591e-01j -1.3842884458e+02-1.9333638956e-02j
  -6.7649710506e+01-7.6175011678e-03j -3.5116247770e+01-4.0969580228e-03j -1.6037117024e+01-2.6288578454e-03j -2.9983268143e+00-1.9208442488e-03j  7.0719812549e+00-1.5741713249e-03j  1.5792254295e+01-1.4448050239e-03j
   2.4274005842e+01-1.4914322280e-03j  3.3593870415e+01-1.7434617254e-03j  4.5270557641e+01-2.3357596032e-03j  6.2279797379e+01-3.6875822447e-03j  9.2574962854e+01-7.3844861236e-03j  1.6955829213e+02-2.3733337379e-02j]
 [ 1.9155259923e+02+5.2014029352e-03j  1.6883787258e+02+2.8187781707e-03j  1.5690430789e+02+1.3616345899e-03j  1.5231510587e+02+2.3545552579e-04j  1.5416671880e+02-8.9702053806e-04j  1.6349252728e+02-2.4039554180e-03j
   1.8436453326e+02-5.0545156452e-03j  2.2928420640e+02-1.1434967193e-02j  3.5025522424e+02-3.7042163580e-02j  1.2681344683e+03-6.6187722183e-01j -4.9231685079e+02-1.3672336686e-01j -1.6817191857e+02-2.2496604347e-02j
  -8.6042317496e+01-8.7974281139e-03j -4.8672910199e+01-4.6684176315e-03j -2.7135705895e+01-2.9298425554e-03j -1.2821629218e+01-2.0683760303e-03j -2.2211533419e+00-1.6122060126e-03j  6.4294712695e+00-1.3820474388e-03j
   1.4210035727e+01-1.3077717171e-03j  2.1967937188e+01-1.3759808212e-03j  3.0617524093e+01-1.6252792516e-03j  4.1532524636e+01-2.1872707554e-03j  5.7473926959e+01-3.4574478238e-03j  8.5878432556e+01-6.9230144658e-03j]
 [ 2.5917111064e+02+1.0766142326e-02j  2.1428828040e+02+5.3578296233e-03j  1.9158044776e+02+2.6706889774e-03j  1.8136333599e+02+9.1274556006e-04j  1.8051867276e+02-6.3059824638e-04j  1.8934427295e+02-2.5034858763e-03j
   2.1211022013e+02-5.6453757599e-03j  2.6303735661e+02-1.3070376927e-02j  4.0212353741e+02-4.2710021250e-02j  1.4628380378e+03-7.6524746568e-01j -5.7342233033e+02-1.5800218553e-01j -1.9914965747e+02-2.5921005584e-02j
  -1.0472357753e+02-1.0078374744e-02j -6.2080467525e+01-5.2969694338e-03j -3.7801113784e+01-3.2739697639e-03j -2.1968024581e+01-2.2579151259e-03j -1.0573230244e+01-1.7003021965e-03j -1.6509051411e+00-1.3884708522e-03j
   5.9306273469e+00-1.2313033647e-03j  1.2950535011e+01-1.1932933830e-03j  2.0089660382e+01-1.2752358471e-03j  2.8146804840e+01-1.5198532721e-03j  3.8379981507e+01-2.0542093473e-03j  5.3366329944e+01-3.2521024786e-03j]
 [ 3.9591635301e+02+2.8249682503e-02j  2.9004510732e+02+1.1424236988e-02j  2.4325063574e+02+5.4112097209e-03j  2.2153777452e+02+2.2799267921e-03j  2.1504077413e+02-2.3628375981e-06j  2.2181406854e+02-2.4183402205e-03j
   2.4577543094e+02-6.1790700141e-03j  3.0279362740e+02-1.4806535480e-02j  4.6161265577e+02-4.8950576770e-02j  1.6806860258e+03-8.8000304768e-01j -6.6203041887e+02-1.8160834453e-01j -2.3220170946e+02-2.9709359852e-02j
  -1.2418143036e+02-1.1494212086e-02j -7.5699649551e+01-5.9955147027e-03j -4.8350478734e+01-3.6641656265e-03j -3.0758726294e+01-2.4852884318e-03j -1.8351076611e+01-1.8266892997e-03j -8.9142973552e+00-1.4411306539e-03j
  -1.2159397937e+00-1.2189052691e-03j  5.5311199059e+00-1.1099077863e-03j  1.1923304912e+01-1.0964879889e-03j  1.8529490840e+01-1.1870294876e-03j  2.6062262866e+01-1.4257795480e-03j  3.5684694095e+01-1.9347979380e-03j]
 [ 8.2441735864e+02+1.3694205857e-01j  4.4324454040e+02+3.0671839653e-02j  3.2937167809e+02+1.2064334766e-02j  2.8139840388e+02+5.2322576292e-03j  2.6278348814e+02+1.3780668025e-03j  2.6434864955e+02-1.9627688981e-03j
   2.8805678076e+02-6.5757009865e-03j  3.5102952742e+02-1.6650508136e-02j  5.3167917434e+02-5.5965772629e-02j  1.9305337591e+03-1.0105234658e+00j -7.6116984411e+02-2.0843046800e-01j -2.6831143185e+02-3.3994314561e-02j
  -1.4494286772e+02-1.3089383907e-02j -8.9885862488e+01-6.7825902259e-03j -5.9067355073e+01-4.1077690194e-03j -3.9454867523e+01-2.7512331521e-03j -2.5827589788e+01-1.9865958295e-03j -1.5679472314e+01-1.5287358576e-03j
  -7.6410863077e+00-1.2492347413e-03j -8.7420172281e-01-1.0859892998e-03j  5.2032064252e+00-1.0100664782e-03j  1.1068849861e+01-1.0136905952e-03j  1.7212321091e+01-1.1094103865e-03j  2.4279352956e+01-1.3416272231e-03j]
 [-1.1328175014e+04+2.8750597903e+01j  9.2329751403e+02+1.5137707516e-01j  5.0352558751e+02+3.3453018858e-02j  3.8116738876e+02+1.2568855200e-02j  3.3391803146e+02+4.5224962899e-03j  3.2316954716e+02-7.0239882614e-04j
   3.4344145551e+02-6.6472632068e-03j  4.1160764876e+02-1.8574236607e-02j  6.1668612211e+02-6.4014308763e-02j  2.2247932984e+03-1.1628383478e+00j -8.7486851675e+02-2.3968809031e-01j -3.0871237668e+02-3.8955558438e-02j
  -1.6762515926e+02-1.4923842991e-02j -1.0502301885e+02-7.6839456921e-03j -7.0231158461e+01-4.6165925671e-03j -4.8289959625e+01-3.0602995681e-03j -3.3224640097e+01-2.1796539985e-03j -2.2183573153e+01-1.6463526527e-03j
  -1.3626573477e+01-1.3115884982e-03j -6.6339857262e+00-1.1016640487e-03j -5.9937987932e-01-9.7901271281e-04j  4.9286355381e+00-9.2651365313e-04j  1.0346428322e+01-9.4213844014e-04j  1.6084989913e+01-1.0407226980e-03j]
 [-7.2179493324e+02+1.2915018466e-01j -1.2691227425e+04+3.2237343122e+01j  1.0492299980e+03+1.6912623163e-01j  5.8291475488e+02+3.6596759966e-02j  4.5247296991e+02+1.2634151237e-02j  4.1080642140e+02+2.5154837567e-03j
   4.2002907377e+02-5.9254028071e-03j  4.9095540914e+02-2.0452174887e-02j  7.2343856352e+02-7.3430844435e-02j  2.5817814524e+03-1.3456808071e+00j -1.0087723757e+03-2.7714014946e-01j -3.5504515345e+02-4.4847443392e-02j
  -1.9300270267e+02-1.7081142721e-02j -1.2156086010e+02-8.7354958431e-03j -8.2143766139e+01-5.2079000157e-03j -5.7494144938e+01-3.4207459086e-03j -4.0740656505e+01-2.4088430631e-03j -2.8619415718e+01-1.7930235719e-03j
  -1.9382014020e+01-1.4010703344e-03j -1.2000618800e+01-1.1468305370e-03j -5.8181557867e+00-9.8477577317e-04j -3.7417175649e-01-8.9106295421e-04j  4.6949068586e+00-8.5556603132e-04j  9.7272021299e+00-8.7972713419e-04j]
 [-3.7238226141e+02+3.7870287478e-02j -8.0891340964e+02+1.4648183183e-01j -1.4427063060e+04+3.6686441418e+01j  1.2150706332e+03+1.9141556460e-01j  6.9220172874e+02+3.9959794057e-02j  5.5685945769e+02+1.1415483238e-02j
   5.3413163173e+02-3.1050771681e-03j  6.0067468684e+02-2.1872939388e-02j  8.6326031126e+02-8.4633341371e-02j  3.0300675110e+03-1.5723831909e+00j -1.1712134794e+03-3.2345744055e-01j -4.0960950607e+02-5.2046669075e-02j
  -2.2210550753e+02-1.9682058495e-02j -1.4006366921e+02-9.9883752486e-03j -9.5158868265e+01-5.9064377162e-03j -6.7316109407e+01-3.8452033170e-03j -4.8571239635e+01-2.6803075316e-03j -3.5159468741e+01-1.9707691216e-03j
  -2.5077852381e+01-1.5164009315e-03j -1.7161860221e+01-1.2167231309e-03j -1.0681622314e+01-1.0178317412e-03j -5.1443740781e+00-8.8997197510e-04j -1.8673294837e-01-8.1748055382e-04j  4.4931703463e+00-7.9457104462e-04j]
 [-2.5032520958e+02+1.8782258239e-02j -4.1746284633e+02+4.3354570468e-02j -9.1984957716e+02+1.6911182501e-01j -1.6712841923e+04+4.2560045420e+01j  1.4433546392e+03+2.2008202567e-01j  8.5218365885e+02+4.2868357017e-02j
   7.2428476074e+02+6.2004799674e-03j  7.6413078625e+02-2.1489776299e-02j  1.0565915983e+03-9.8050736677e-02j  3.6171918735e+03-1.8645478536e+00j -1.3751877696e+03-3.8293716576e-01j -4.7579939193e+02-6.1139719010e-02j
  -2.5637746454e+02-2.2908547050e-02j -1.6128203991e+02-1.1517624524e-02j -1.0972028166e+02-6.7480312492e-03j -7.8047265574e+01-4.3521948863e-03j -5.6927788433e+01-3.0038390876e-03j -4.1973773673e+01-2.1843703937e-03j
  -3.0866569022e+01-1.6589807513e-03j -2.2270396426e+01-1.3098889420e-03j -1.5359768648e+01-1.0735868783e-03j -9.5906666557e+00-9.1425572833e-04j -4.5789397086e+00-8.1157507620e-04j -2.8683094370e-02-7.5501110631e-04j]
 [-1.8796648857e+02+1.1585931955e-02j -2.8071837310e+02+2.1667513824e-02j -4.7486370685e+02+5.0627563868e-02j -1.0659228230e+03+1.9986537124e-01j -1.9859110859e+04+5.0672572717e+01j  1.7775186862e+03+2.5783588991e-01j
   1.1087700017e+03+4.2536175706e-02j  1.0365221794e+03-1.4253654543e-02j  1.3445975672e+03-1.1363381683e-01j  4.4289684086e+03-2.2598020619e+00j -1.6423211501e+03-4.6299535620e-01j -5.5890861656e+02-7.3094901667e-02j
  -2.9794952029e+02-2.7048323097e-02j -1.8626821923e+02-1.3437657357e-02j -1.2641840301e+02-7.7858588920e-03j -9.0053324156e+01-4.9688970832e-03j -6.6058060308e+01-3.3940760484e-03j -4.9246140052e+01-2.4417346317e-03j
  -3.6898526801e+01-1.8326574892e-03j -2.7462842131e+01-1.4273094913e-03j -1.9990841567e+01-1.1505006235e-03j -1.3868303733e+01-9.5950772322e-04j -8.6737179578e+00-8.2936100821e-04j -4.0980030721e+00-7.4569006200e-04j]
 [-1.4997293096e+02+8.0478420004e-03j -2.1085381327e+02+1.3450744117e-02j -3.1941468742e+02+2.5536523534e-02j -5.5044025508e+02+6.0698260207e-02j -1.2669750773e+03+2.4396970361e-01j -2.4464448979e+04+6.2605257534e+01j
   2.3134486644e+03+3.0794708730e-01j  1.5872754838e+03+2.5474548173e-02j  1.8245272992e+03-1.2797625303e-01j  5.6382202839e+03-2.8300912597e+00j -2.0116500882e+03-5.7764015492e-01j -6.6774640746e+02-8.9631592000e-02j
  -3.5014551887e+02-3.2583765923e-02j -2.1657519418e+02-1.5931305331e-02j -1.4608094047e+02-9.1017194168e-03j -1.0382081704e+02-5.7360112040e-03j -7.6273016790e+01-3.8727310445e-03j -5.7192025160e+01-2.7548792714e-03j
  -4.3336294550e+01-2.0440131186e-03j -3.2873941043e+01-1.5721637170e-03j -2.4698555315e+01-1.2492616578e-03j -1.8103558957e+01-1.0241510888e-03j -1.2613904408e+01-8.6662113992e-04j -7.8925356753e+00-7.5857396471e-04j]
 [-1.2430121282e+02+6.0196104357e-03j -1.6828548657e+02+9.3927057083e-03j -2.3999130354e+02+1.5972117254e-02j -3.7036048537e+02+3.0963916859e-02j -6.5445652302e+02+7.5477531803e-02j -1.5612516415e+03+3.1223151345e-01j
  -3.1850211403e+04+8.1886038949e+01j  3.3128752283e+03+3.6705350332e-01j  2.7948779454e+03-1.1275511655e-01j  7.6532275343e+03-3.7315678263e+00j -2.5617914497e+03-7.5682675549e-01j -8.1821417910e+02-1.1410661726e-01j
  -4.1849659199e+02-4.0385427702e-02j -2.5462534728e+02-1.9308238300e-02j -1.6992952438e+02-1.0827327858e-02j -1.2003187261e+02-6.7165693894e-03j -8.7986386083e+01-4.4725558657e-03j -6.6081883162e+01-3.1417921484e-03j
  -5.0370463188e+01-2.3031942849e-03j -3.8649403888e+01-1.7500595522e-03j -2.9604954357e+01-1.3725522473e-03j -2.2409450189e+01-1.1086642408e-03j -1.6515682829e+01-9.2177363371e-04j -1.1544509504e+01-7.8963011698e-04j]
 [-1.0572234618e+02+4.7338650847e-03j -1.3952128929e+02+7.0567098258e-03j -1.9159685509e+02+1.1222605423e-02j -2.7834964082e+02+1.9542704326e-02j -4.4047334016e+02+3.9052803696e-02j -8.0669640993e+02+9.9026826612e-02j
  -2.0331784668e+03+4.3089514588e-01j -4.5623175268e+04+1.1831412833e+02j  5.8350831383e+03+3.1743877422e-01j  1.1727168688e+04-5.3685143159e+00j -3.4784710230e+03-1.0776051120e+00j -1.0423363882e+03-1.5399071064e-01j
  -5.1298695003e+02-5.2183715491e-02j -3.0444974333e+02-2.4133209590e-02j -1.9986971133e+02-1.3187397356e-02j -1.3969328733e+02-8.0126563862e-03j -1.0177825406e+02-5.2445442249e-03j -7.6275578000e+01-3.6297659743e-03j
  -5.8240303198e+01-2.6255055218e-03j -4.4960086869e+01-1.9697499336e-03j -3.4842043673e+01-1.5252391987e-03j -2.6897493029e+01-1.2153496985e-03j -2.0483057588e+01-9.9514265179e-04j -1.5161488891e+01-8.3729102262e-04j]
 [-9.1598621840e+01+3.8587026106e-03j -1.1870321197e+02+5.5701036259e-03j -1.5889422010e+02+8.4748513809e-03j -2.2228303051e+02+1.3832537331e-02j -3.3113616163e+02+2.4922932774e-02j -5.4308685020e+02+5.2184348696e-02j
  -1.0508325722e+03+1.4154739579e-01j -2.9132050102e+03+6.8241643933e-01j -8.0380800609e+04+2.1298388251e+02j  2.4490969940e+04-8.8912205980e+00j -5.3317573916e+03-1.8105963707e+00j -1.4157682022e+03-2.2949235730e-01j
  -6.5372420904e+02-7.1909542872e-02j -3.7332486330e+02-3.1541515772e-02j -2.3907254918e+02-1.6594758837e-02j -1.6437553684e+02-9.7993800958e-03j -1.1850483293e+02-6.2716585102e-03j -8.8277699798e+01-4.2614798234e-03j
  -6.7264213320e+01-3.0342818681e-03j -5.2020513076e+01-2.2445239826e-03j -4.0564635900e+01-1.7150018080e-03j -3.1688329885e+01-1.3484944077e-03j -2.4618672576e+01-1.0887333148e-03j -1.8839778708e+01-9.0176570985e-04j]
 [-8.0454777752e+01+3.2305829274e-03j -1.0287625710e+02+4.5545146885e-03j -1.3522433126e+02+6.7180964321e-03j -1.8439396926e+02+1.0508697118e-02j -2.6450891099e+02+1.7797303288e-02j -4.0838798229e+02+3.3770422470e-02j
  -7.0763472018e+02+7.6447728054e-02j -1.5060740692e+03+2.3648125271e-01j -5.1340135961e+03+1.4921796139e+00j -3.3746809258e+05+1.0350596130e+03j -1.1138046437e+04-4.8375762915e+00j -2.1707264133e+03-4.1653975370e-01j
  -8.8821101160e+02-1.1045643391e-01j -4.7590514467e+02-4.4144604766e-02j -2.9326212734e+02-2.1885755646e-02j -1.9669208336e+02-1.2400185641e-02j -1.3950172984e+02-7.6968047482e-03j -1.0283305254e+02-5.1066220252e-03j
  -7.7888667278e+01-3.5661447938e-03j -6.0116175322e+01-2.5947275934e-03j -4.6967136303e+01-1.9535652264e-03j -3.6923473484e+01-1.5149280436e-03j -2.9033596721e+01-1.2063683591e-03j -2.2674445049e+01-9.8482165370e-04j]
 [-7.1400639879e+01+2.7608970688e-03j -9.0387724157e+01+3.8230698737e-03j -1.1722812488e+02+5.5127565071e-03j -1.5696853791e+02+8.3716750653e-03j -2.1948070925e+02+1.3617525218e-02j -3.2630231218e+02+2.4378314697e-02j
  -5.3226186767e+02+5.0371242897e-02j -1.0144592949e+03+1.3223589989e-01j -2.6548875409e+03+5.6659399033e-01j -2.1560249733e+04+1.5266614709e+01j  1.5351674932e+05-3.4844606569e+02j -4.5359366003e+03-1.3001332950e+00j
  -1.3622525296e+03-2.0998870941e-01j -6.4681056018e+02-6.9283037035e-02j -3.7396647604e+02-3.1000419269e-02j -2.4136053576e+02-1.6474040023e-02j -1.6699157921e+02-9.7850479962e-03j -1.2110347923e+02-6.2856366765e-03j
  -9.0772708189e+01-4.2810704332e-03j -6.9647428197e+01-3.0523875034e-03j -5.4308288403e+01-2.2589443392e-03j -4.2780652476e+01-1.7251299274e-03j -3.3858137733e+01-1.3541901268e-03j -2.6768380302e+01-1.0899027755e-03j]
 [-6.3866708226e+01+2.3980318092e-03j -8.0240398606e+01+3.2742916194e-03j -1.0302693258e+02+4.6411067397e-03j -1.3611558879e+02+6.8978072986e-03j -1.8688567700e+02+1.0911475515e-02j -2.7082389645e+02+1.8814105189e-02j
  -4.2538449477e+02+3.6861519471e-02j -7.6323699051e+02+8.9264046701e-02j -1.7887246056e+03+3.3404181577e-01j -1.1152017315e+04+7.0353745798e+00j  9.8104504662e+03+8.7584208930e-01j  6.2535964098e+04-1.5117825793e+02j
  -2.8473457742e+03-7.0866492148e-01j -9.9230409751e+02-1.3584870842e-01j -5.0841969869e+02-4.9443271978e-02j -3.0788194449e+02-2.3558791578e-02j -2.0498651961e+02-1.3078740178e-02j -1.4502246663e+02-8.0226638731e-03j
  -1.0694441808e+02-5.2830011994e-03j -8.1205258765e+01-3.6700859805e-03j -6.2950957205e+01-2.6595693922e-03j -4.9496437376e+01-1.9952499667e-03j -3.9255975143e+01-1.5416640341e-03j -3.1242322874e+01-1.2225850543e-03j]
 [-5.7471149398e+01+2.1101642377e-03j -7.1796334766e+01+2.8489430847e-03j -9.1487223734e+01+3.9845954576e-03j -1.1965889351e+02+5.8267994045e-03j -1.6210027457e+02+9.0332973869e-03j -2.3066154824e+02+1.5179878262e-02j
  -3.5314623140e+02+2.8750671021e-02j -6.1012745625e+02+6.6487225654e-02j -1.3460865172e+03+2.3334704108e-01j -7.5154733414e+03+4.5408101308e+00j  5.0756993510e+03+8.4513021879e-01j  3.9973593581e+03-2.3354881932e-01j
   3.9266001116e+04-9.6406131984e+01j -2.0746537778e+03-4.8056918703e-01j -7.8021452981e+02-9.9113655558e-02j -4.1870184787e+02-3.8046835448e-02j -2.6156683578e+02-1.8849361599e-02j -1.7808022335e+02-1.0777871111e-02j
  -1.2811470296e+02-6.7658869769e-03j -9.5711602914e+01-4.5391590909e-03j -7.3430808680e+01-3.2022166652e-03j -5.7402618046e+01-2.3508314441e-03j -4.5445000651e+01-1.7834162325e-03j -3.6247954774e+01-1.3914938845e-03j]
 [-5.1947780782e+01+1.8767612706e-03j -6.4627855695e+01+2.5104227220e-03j -8.1883886913e+01+3.4738385164e-03j -1.0628541690e+02+5.0164438318e-03j -1.4253869417e+02+7.6604882377e-03j -2.0011968862e+02+1.2637422467e-02j
  -3.0084744305e+02+2.3391548669e-02j -5.0663482628e+02+5.2553477998e-02j -1.0763038159e+03+1.7798858035e-01j -5.6570082363e+03+3.3421530716e+00j  3.4213770327e+03+6.6091033069e-01j  2.0686373516e+03+3.8894454492e-02j
   2.5105405503e+03-2.4144396831e-01j  2.8617594978e+04-7.0755743690e+01j -1.6316642083e+03-3.6185040956e-01j -6.4271491754e+02-7.7544139928e-02j -3.5582163037e+02-3.0746482806e-02j -2.2730590597e+02-1.5633910359e-02j
  -1.5737199974e+02-9.1290013850e-03j -1.1470073823e+02-5.8304122598e-03j -8.6583495780e+01-3.9682934877e-03j -6.6989005406e+01-2.8339770149e-03j -5.2730826675e+01-2.1026243135e-03j -4.1987217204e+01-1.6099885060e-03j]
 [-4.7104655298e+01+1.6840868509e-03j -5.8436886174e+01+2.2350619455e-03j -7.3730863222e+01+3.0658549830e-03j -9.5155265309e+01+4.3832446170e-03j -1.2664081964e+02+6.6160996345e-03j -1.7601298747e+02+1.0765631219e-02j
  -2.6107327464e+02+1.9603974807e-02j -4.3170338371e+02+4.3200087436e-02j -8.9393616990e+02+1.4314389368e-01j -4.5242384551e+03+2.6368019706e+00j  2.5758986281e+03+5.3209454591e-01j  1.3947240022e+03+6.3413752870e-02j
   1.2995100459e+03-2.4619818665e-02j  1.8301562565e+03-2.0758209386e-01j  2.2512661727e+04-5.5883819671e+01j -1.3444627468e+03-2.8957381792e-01j -5.4634330364e+02-6.3479363554e-02j -3.0930541905e+02-2.5710251294e-02j
  -2.0093632735e+02-1.3314413215e-02j -1.4094227723e+02-7.8962642764e-03j -1.0379972087e+02-5.1103219814e-03j -7.9019734020e+01-3.5180808193e-03j -6.1564636820e+01-2.5375516874e-03j -4.8743369351e+01-1.8992744004e-03j]
 [-4.2798956919e+01+1.5227006468e-03j -5.3008574590e+01+2.0069879790e-03j -6.6689462022e+01+2.7327788135e-03j -8.5705500795e+01+3.8753182186e-03j -1.1340876394e+02+5.7958175870e-03j -1.5641966332e+02+9.3321514912e-03j
  -2.2967691558e+02+1.6789984898e-02j -3.7471216228e+02+3.6499014777e-02j -7.6188755032e+02+1.1920905740e-01j -3.7584607698e+03+2.1707892162e+00j  2.0605367019e+03+4.4208467031e-01j  1.0502917923e+03+6.1822325320e-02j
   8.7635331834e+02+6.7641940271e-03j  9.4754294694e+02-3.4298894141e-02j  1.4400703488e+03-1.7755644733e-01j  1.8554574084e+04-4.6177055783e+01j -1.1431611922e+03-2.4111426854e-01j -4.7504921492e+02-5.3632820747e-02j
  -2.7350207436e+02-2.2044807141e-02j -1.8001415145e+02-1.1570179679e-02j -1.2758993556e+02-6.9435909975e-03j -9.4766499859e+01-4.5408706402e-03j -7.2650320634e+01-3.1549947593e-03j -5.6934611053e+01-2.2944074006e-03j]
 [-3.8920965319e+01+1.3860197221e-03j -4.8183200244e+01+1.8152572367e-03j -6.0515662683e+01+2.4558693105e-03j -7.7543949114e+01+3.4589219778e-03j -1.0217376791e+02+5.1345710024e-03j -1.4011056578e+02+8.1992857623e-03j
  -2.0415656553e+02+1.4617076713e-02j -3.2972137944e+02+3.1460883659e-02j -6.6144599629e+02+1.0173106625e-01j -3.2039356093e+03+1.8387748985e+00j  1.7121178915e+03+3.7630827231e-01j  8.4033167494e+02+5.6170667282e-02j
   6.6007213854e+02+1.3936140285e-02j  6.3913278046e+02-6.0939302062e-03j  7.4574433771e+02-3.4358637691e-02j  1.1871541616e+03-1.5395696668e-01j  1.5780237264e+04-3.9342990478e+01j -9.9423673122e+02-2.0642988493e-01j
  -4.2017247161e+02-4.6377012842e-02j -2.4509387544e+02-1.9266956894e-02j -1.6301014218e+02-1.0215211248e-02j -1.1652494224e+02-6.1875094844e-03j -8.7159327075e+01-4.0804724909e-03j -6.7213389307e+01-2.8566604582e-03j]
 [-3.5383102827e+01+1.2695025736e-03j -4.3838263816e+01+1.6522000057e-03j -5.5028216527e+01+2.2221601140e-03j -7.0388179045e+01+3.1112877712e-03j -9.2470038995e+01+4.5898788824e-03j -1.2626203938e+02+7.2807098159e-03j
  -1.8291218646e+02+1.2886791978e-02j -2.9314761329e+02+2.7529268751e-02j -5.8214695115e+02+8.8376173631e-02j -2.7821052742e+03+1.5892669142e+00j  1.4597967187e+03+3.2619750805e-01j  6.9837521682e+02+5.0343153986e-02j
   5.2822348968e+02+1.5368123043e-02j  4.8149350566e+02+1.8580827072e-03j  5.0312020107e+02-9.7660769085e-03j  6.1490238600e+02-3.2259646339e-02j  1.0098722807e+03-1.3547753530e-01j  1.3727689855e+04-3.4270843400e+01j
  -8.7960181663e+02-1.8040692347e-01j -3.7662877647e+02-4.0819702468e-02j -2.2200484490e+02-1.7094263135e-02j -1.4891844929e+02-9.1348410467e-03j -1.0720634524e+02-5.5742283498e-03j -8.0665553739e+01-3.7013110616e-03j]
 [-3.2111522554e+01+1.1702748264e-03j -3.9876316596e+01+1.5124704705e-03j -5.0088350730e+01+2.0225155219e-03j -6.4028593475e+01+2.8166004099e-03j -8.3962275214e+01+4.1329630970e-03j -1.1430053236e+02+6.5197954107e-03j
  -1.6487170836e+02+1.1473884629e-02j -2.6269919266e+02+2.4368640365e-02j -5.1767739396e+02+7.7807738767e-02j -2.4490373232e+03+1.3941261761e+00j  1.2678376861e+03+2.8668319967e-01j  5.9556366760e+02+4.5113462437e-02j
   4.3907294628e+02+1.5076169196e-02j  3.8538850989e+02+4.5627325988e-03j  3.7910112362e+02-2.2815297424e-03j  4.1492983633e+02-1.0706158221e-02j  5.2318547111e+02-2.9785969464e-02j  8.7870840566e+02-1.2077795530e-01j
   1.2147676188e+04-3.0357087017e+01j -7.8863744128e+02-1.6017526170e-01j -3.4123676097e+02-3.6433103889e-02j -2.0286951395e+02-1.5351369809e-02j -1.3705034498e+02-8.2548367706e-03j -9.9251283391e+01-5.0676554097e-03j]
 [-2.9037945681e+01+1.0872413211e-03j -3.6215731713e+01+1.3925869683e-03j -4.5586047207e+01+1.8505020068e-03j -5.8304990882e+01+2.5636536952e-03j -7.6401859157e+01+3.7437428895e-03j -1.0381335296e+02+5.8779930393e-03j
  -1.4928876088e+02+1.0295672617e-02j -2.3684080259e+02+2.1765253699e-02j -4.6400023544e+02+6.9206760029e-02j -2.1782290158e+03+1.2366765049e+00j  1.1162563768e+03+2.5463156014e-01j  5.1734031994e+02+4.0567392315e-02j
   3.7450061100e+02+1.4230791024e-02j  3.2040171370e+02+5.4728676344e-03j  3.0348832709e+02+5.9523135654e-04j  3.1270789505e+02-3.8808983115e-03j  3.5310838880e+02-1.0689501079e-02j  4.5532511849e+02-2.7424160375e-02j
   7.7773672983e+02-1.0886705038e-01j  1.0893860833e+04-2.7245576098e+01j -7.1469902948e+02-1.4400271377e-01j -3.1190388627e+02-3.2886030027e-02j -1.8675291507e+02-1.3924020462e-02j -1.2691837851e+02-7.5251796339e-03j]
 [-2.6087966480e+01+1.0221974628e-03j -3.2781975246e+01+1.2909884915e-03j -4.1429774357e+01+1.7018143442e-03j -5.3090803169e+01+2.3444734976e-03j -6.9599094362e+01+3.4079018059e-03j -9.4494768020e+01+5.3282591646e-03j
  -1.3562653869e+02+9.2955187772e-03j -2.1450379952e+02+1.9576768092e-02j -4.1841110678e+02+6.2044022636e-02j -1.9527331214e+03+1.1064042933e+00j  9.9299726878e+02+2.2801615714e-01j  4.5556469564e+02+3.6631166270e-02j
   3.2536662865e+02+1.3231253817e-02j  2.7332734645e+02+5.6699191852e-03j  2.5235474510e+02+1.8176334588e-03j  2.5038079880e+02-1.1096712247e-03j  2.6616445453e+02-4.4933943260e-03j  3.0736548681e+02-1.0318845098e-02j
   4.0308307123e+02-2.5298079111e-02j  6.9760737140e+02-9.9046596285e-02j  9.8746780278e+03-2.4712583492e+01j -6.5341612100e+02-1.3078327710e-01j -2.8719734200e+02-2.9960618884e-02j -1.7299331926e+02-1.2734769731e-02j]
 [-2.3154932706e+01+9.8429995418e-04j -2.9495500604e+01+1.2091105260e-03j -3.7537038987e+01+1.5742574795e-03j -4.8281459558e+01+2.1535845629e-03j -6.3404634297e+01+3.1151439812e-03j -8.6111908838e+01+4.8511810973e-03j
  -1.2348770990e+02+8.4334292885e-03j -1.9491993044e+02+1.7704863809e-02j -3.7902806922e+02+5.5962534636e-02j -1.7611982575e+03+9.9634880604e-01j  8.9035184432e+02+2.0547307278e-01j  4.0532620559e+02+3.3204903914e-02j
   2.8655981863e+02+1.2224393571e-02j  2.3750431813e+02+5.5600629489e-03j  2.1531196481e+02+2.3393869976e-03j  2.0822857646e+02+1.6840449633e-04j  2.1314945878e+02-1.8979556318e-03j  2.3172453293e+02-4.6768096071e-03j
   2.7214885606e+02-9.8259496898e-03j  3.6162272850e+02-2.3420274191e-02j  6.3246986965e+02-9.0823590497e-02j  9.0299004695e+03-2.2610493402e+01j -6.0179615598e+02-1.1977825352e-01j -2.6610304644e+02-2.7507918710e-02j]
 [-2.0012245423e+01+1.0113981698e-03j -2.6245297328e+01+1.1558387076e-03j -3.3821762248e+01+1.4687738836e-03j -4.3783993634e+01+1.9878876691e-03j -5.7695964652e+01+2.8582249273e-03j -7.8482089432e+01+4.4326445815e-03j
  -1.1257016999e+02+7.6804700203e-03j -1.7752105043e+02+1.6079527996e-02j -3.4449878423e+02+5.0712753568e-02j -1.5957268727e+03+9.0171435630e-01j  8.0315744502e+02+1.8605191151e-01j  3.6348509730e+02+3.0196993777e-02j
   2.5499703490e+02+1.1264026412e-02j  2.0920766207e+02+5.3147344194e-03j  1.8712001687e+02+2.5319664069e-03j  1.7768942441e+02+7.9438296304e-04j  1.7729229738e+02-6.4968900280e-04j  1.8559874148e+02-2.2654317685e-03j
   2.0520855053e+02-4.6617564867e-03j  2.4419880824e+02-9.3063272130e-03j  3.2791770291e+02-2.1769574522e-02j  5.7847608528e+02-8.3844404800e-02j  8.3182890200e+03-2.0837973167e+01j -5.5772112603e+02-1.1047577116e-01j]
 [-1.5826573329e+01+1.3441506276e-03j -2.2800807723e+01+1.1688650399e-03j -3.0167419034e+01+1.3938711072e-03j -3.9503741825e+01+1.8476179599e-03j -5.2365712352e+01+2.6326728051e-03j -7.1456536087e+01+4.0624843155e-03j
  -1.0263776834e+02+7.0153615598e-03j -1.6187594572e+02+1.4649634450e-02j -3.1382404119e+02+4.6114937544e-02j -1.4506463874e+03+8.1908535706e-01j  7.2782302280e+02+1.6907025645e-01j  3.2793880059e+02+2.7531073744e-02j
   2.2870706720e+02+1.0367151097e-02j  1.8619047430e+02+5.0120207504e-03j  1.6484867579e+02+2.5592887079e-03j  1.5444474425e+02+1.1021837389e-03j  1.5131148641e+02-5.0178535323e-07j  1.5439867353e+02-1.0757299419e-03j
   1.6438576390e+02-2.4233521562e-03j  1.8416271368e+02-4.5530994448e-03j  2.2147566967e+02-8.8001817699e-03j  2.9997738684e+02-2.0316869182e-02j  5.3299109804e+02-7.7850515978e-02j  7.7106563060e+03-1.9323152812e+01j]]

Mechanical np.log10(mechall) :
[[2.9149210491-1.3643486974e+00j 2.7925111833-1.3643606933e+00j 2.7227063868-1.3643676203e+00j 2.6871091305-1.3643727165e+00j 2.6792504363+1.3643754209e+00j 2.6987103114+1.3643704769e+00j 2.7507820807+1.3643639839e+00j
  2.8509919321+1.3643532610e+00j 3.0463979397+1.3643279289e+00j 3.623284274 +1.3641459294e+00j 3.2387395618+1.1524789611e-04j 2.8096753915+5.0485688805e-05j 2.5729640741+3.2875401767e-05j 2.3754912382+6.8892781392e-06j
  2.2557831901+2.0881568801e-05j 2.1422170393+1.8125211996e-05j 2.0429877925+1.5976992731e-05j 1.9547870029+1.4316545663e-05j 1.875227147 +1.2995719946e-05j 1.8026318303+1.1916845930e-05j 1.7357879233+1.1016124464e-05j
  1.6737889133+1.0250616786e-05j 1.6159378012+9.5904864517e-06j 1.5616851739+9.0144071557e-06j]
 [3.1936471915-1.3643183415e+00j 2.9647729778-1.3643496793e+00j 2.8488081373-1.3643619361e+00j 2.787306614 -1.3643692497e+00j 2.762845671 -1.3643749521e+00j 2.7707488802+1.3643721568e+00j 2.8143047159+1.3643652518e+00j
  2.907969044 +1.3643542536e+00j 3.0981736083+1.3643287299e+00j 3.6708045231+1.3641465947e+00j 3.2826622007+1.1582350496e-04j 2.8503407828+5.1047415157e-05j 2.6094701923+3.4006446990e-05j 2.4382810597+2.5079126118e-05j
  2.2667169571-3.1962645891e-06j 2.1724216356+1.7944897032e-05j 2.0729854267+1.6117398541e-05j 1.9838051065+1.4498851974e-05j 1.9031691533+1.3179382551e-05j 1.829523644 +1.2092354294e-05j 1.7616857484+1.1181104071e-05j
  1.6987555377+1.0404790611e-05j 1.6400353262+9.7342393014e-06j 1.584972808 +9.1482993002e-06j]
 [4.1028459738-1.3638614977e+00j 3.2433578416-1.3643193256e+00j 3.0209373642-1.3643509232e+00j 2.9132801468-1.3643635661e+00j 2.8629167714-1.3643714854e+00j 2.8542175429+1.3643744917e+00j 2.8862145827+1.3643669322e+00j
  2.9713586465+1.3643555225e+00j 3.1550103811+1.3643297241e+00j 3.72242775  +1.3641473984e+00j 3.3300086859+1.1649373233e-04j 2.8940466302+5.1633874791e-05j 2.6498070464+3.4601037204e-05j 2.4739446368+2.6429196063e-05j
  2.3367194197+2.0489572000e-05j 2.1780488148-1.1919862031e-05j 2.1026460939+1.5842979165e-05j 2.0135221606+1.4618828523e-05j 1.931979981 +1.3354183239e-05j 1.8572886639+1.2272487584e-05j 1.7884158869+1.1354679258e-05j
  1.7245005493+1.0568578810e-05j 1.6648548859+9.8875929537e-06j 1.6089274444+9.2914192208e-06j]
 [3.3281490316-9.4031273730e-05j 4.1523708891-1.3638625319e+00j 3.2993869988-1.3643205716e+00j 3.0852821252-1.3643525540e+00j 2.9887668375-1.3643658021e+00j 2.9541665494-1.3643747494e+00j 2.9695605833+1.3643692673e+00j
  3.0431434093+1.3643572035e+00j 3.2182702946+1.3643309939e+00j 3.7791273254+1.3641483942e+00j 3.3814824645+1.1730007817e-04j 2.9412222644+5.2309048880e-05j 2.6932990605+3.5198320672e-05j 2.5139563531+2.7056488936e-05j
  2.3715474599+2.2056761526e-05j 2.2553337248+1.7416373671e-05j 2.1028915158-1.9969022530e-05j 2.0426401107+1.4249965414e-05j 1.9614183576+1.3453699853e-05j 1.8858941988+1.2439777653e-05j 1.8160059187+1.1531281816e-05j
  1.7510710187+1.0740219303e-05j 1.6904491016+1.0050187273e-05j 1.633601975 +9.4439490488e-06j]
 [2.9966130075-4.7342433146e-05j 3.3775943654-9.5021303598e-05j 4.2082219529-1.3638638267e+00j 3.3636024283-1.3643222043e+00j 3.1606467504-1.3643547909e+00j 3.0798977746-1.3643690665e+00j 3.0693916687+1.3643727340e+00j
  3.1263705479+1.3643595389e+00j 3.2899334468+1.3643326756e+00j 3.8422607923+1.3641496651e+00j 3.4380478846+1.1829754825e-04j 2.9925494873+5.3118110236e-05j 2.7403066511+3.5878448682e-05j 2.557237373 +2.7664573000e-05j
  2.411237278 +2.2716608353e-05j 2.2893328581+1.9198876508e-05j 2.1875332343+1.5180184400e-05j 2.037424558 -2.7678358259e-05j 1.9899945838+1.2990019532e-05j 1.9150556755+1.2518796495e-05j 1.8444080447+1.1691053600e-05j
  1.7784879725+1.0913288408e-05j 1.7168618256+1.0219890800e-05j 1.6590473334+9.6053465161e-06j]
 [2.8121735043-3.3612398954e-05j 3.0458857242-4.8341257679e-05j 3.4333718014-9.6272832603e-05j 4.2722667441-1.3638655073e+00j 3.438843479 -1.3643244430e+00j 3.2516606781-1.3643580560e+00j 3.1950085626-1.3643742911e+00j
  3.226087777 +1.3643630056e+00j 3.3730454221+1.3643350114e+00j 3.9138057304+1.3641513474e+00j 3.5010580534+1.1956949671e-04j 3.0489837013+5.4117258326e-05j 2.7914901171+3.6690246768e-05j 2.6040796287+2.8349663499e-05j
  2.4543100304+2.3335473398e-05j 2.3287038655+1.9891140672e-05j 2.2207097328+1.7176289005e-05j 2.129502147 +1.3455091753e-05j 1.9792346194-3.5233051697e-05j 1.9430909572+1.1959891293e-05j 1.8732942785+1.1749529725e-05j
  1.8066884785+1.1065531601e-05j 1.7441075274+1.0389422451e-05j 1.6853041574+9.7731100646e-06j]
 [3.0475360548-2.1021987086e-02j 2.861316092 -3.4611041437e-05j 3.101499088 -4.9601476585e-05j 3.4973488094-9.7910834954e-05j 4.3473444378-1.3638677925e+00j 3.5297394592-1.3643277097e+00j 3.3666593961-1.3643632811e+00j
  3.3515947422+1.3643686881e+00j 3.47265276  +1.3643384782e+00j 3.9968061469+1.3641536837e+00j 3.5724880837+1.2125255576e-04j 3.1118736331+5.5390325064e-05j 2.8477959879+3.7691102949e-05j 2.6551220488+2.9164220022e-05j
  2.5009895668+2.4025536313e-05j 2.3715709711+2.0520770624e-05j 2.2597648725+1.7900845612e-05j 2.1618619395+1.5663177528e-05j 2.0788320053+1.2065200558e-05j 1.9266987352-4.2746338128e-05j 1.9007891861+1.1094957654e-05j
  1.8353010107+1.1103412994e-05j 1.7721081119+1.0534124134e-05j 1.7123803532+9.9390989955e-06j]
 [2.5886469148-2.3181867789e-05j 3.096704512 -2.1030961023e-02j 2.9168096258-3.5870727197e-05j 3.1653203972-5.1248066747e-05j 3.5723644651-1.0015435530e-04j 4.4380841802-1.3638711046e+00j 3.644625736 -1.3643329364e+00j
  3.5231383368-1.3643730101e+00j 3.5980540996+1.3643441607e+00j 4.0963074665+1.3641571507e+00j 3.6553804591+1.2358929494e-04j 3.183191979 +5.7074159459e-05j 2.9105686628+3.8965325626e-05j 2.7113023586+3.0166814429e-05j
  2.55189357  +2.4842873486e-05j 2.4180903168+2.1215817241e-05j 2.3024288518+1.8541227870e-05j 2.2006040166+1.6419913072e-05j 2.1103806907+1.4483734395e-05j 2.0339048909+1.0907205149e-05j 1.8786722437-5.0293525425e-05j
  1.8622559085+1.0352697526e-05j 1.8004483714+1.0551351726e-05j 1.7401826276+1.0076243658e-05j]
 [2.5074502686-2.0590730463e-05j 2.6373936509-2.4189456018e-05j 3.1522176442-2.1039532786e-02j 2.9805212309-3.7516436024e-05j 3.2401885678-5.3500075437e-05j 3.6630478245-1.0342557424e-04j 4.5528211882-1.3638763756e+00j
  3.8009976309-1.3643426667e+00j 3.7694951869+1.3643551697e+00j 4.2216073926+1.3641628331e+00j 3.7547795482+1.2705662114e-04j 3.2659797505+5.9411434869e-05j 2.9817784703+4.0649980753e-05j 2.7739606815+3.1442230508e-05j
  2.6079510265+2.5847236354e-05j 2.4688584556+2.2035957815e-05j 2.3487904537+1.9241270836e-05j 2.2430672955+1.7071038453e-05j 2.1488123791+1.5272546476e-05j 2.0646477513+1.3534738293e-05j 1.9935813921+9.9164303237e-06j
  1.8343169388-5.7928587036e-05j 1.8268634211+9.7039814737e-06j 1.7682519346+1.0072751320e-05j]
 [2.438118812 -1.8910985554e-05j 2.5559516516-2.1609043038e-05j 2.6925166668-2.5457194149e-05j 3.2159426543-2.1047837900e-02j 3.0552896625-3.9767217927e-05j 3.3307325075-5.6779685832e-05j 3.7777340223-1.0865641635e-04j
  4.7090506436-1.3638861493e+00j 4.0472527285-1.3643671958e+00j 4.3929506126+1.3641738418e+00j 3.879982189 +1.3273909973e-04j 3.3652803189+6.2879103424e-05j 3.0644650014+4.2987846440e-05j 2.8450650259+3.3127751380e-05j
  2.6704978328+2.7123883154e-05j 2.5247956968+2.3042119520e-05j 2.399425209 +2.0064238123e-05j 2.2892735236+1.7776091780e-05j 2.1910772939+1.5934409166e-05j 2.1027715991+1.4355535354e-05j 2.0235234035+1.2751595516e-05j
  1.9570287775+9.0503059122e-06j 1.7930000231-6.5692947732e-05j 1.7941270977+9.1281796239e-06j]
 [2.3766038525-1.7749600440e-05j 2.4863168498-1.9945372476e-05j 2.6108463703-2.2886869434e-05j 2.7558827166-2.7110068324e-05j 3.2907183675-2.1056105106e-02j 3.1457436798-4.3045258654e-05j 3.4452872142-6.2018825036e-05j
  3.9339181666-1.1839062413e-04j 4.9551700019-1.3639107207e+00j 4.6706116013+1.3642041829e+00j 4.0512320982+1.4374763080e-04j 3.4903897261+6.8561732568e-05j 3.1636706876+4.6455921646e-05j 2.9276536123+3.5466260864e-05j
  2.741499724 +2.8810314471e-05j 2.587233758 +2.4320034271e-05j 2.4552448088+2.1072229224e-05j 2.3397773101+1.8601909689e-05j 2.2371304463+1.6644488240e-05j 2.1448404014+1.5028132873e-05j 2.0613418388+1.3604296624e-05j
  1.9861746204+1.2091814813e-05j 1.9236199729+8.2796563069e-06j 1.7542315037-7.3620459947e-05j]
 [2.3203478087-1.6917450117e-05j 2.4244056027-1.8808791863e-05j 2.540929459 -2.1238400809e-05j 2.6740009876-2.4549196654e-05j 2.8303302087-2.9367134882e-05j 3.3811736049-2.1064765467e-02j 3.2602181436-4.8282487717e-05j
  3.6013476697-7.1761238029e-05j 4.1799976472-1.4292324411e-04j 5.5783997163-1.3640920910e+00j 4.3288016481+1.7408768002e-04j 3.6615508045+7.9570151585e-05j 3.2886908427+5.2138778281e-05j 3.0267679894+3.8934806330e-05j
  2.8239935995+3.1149520815e-05j 2.658136146 +2.6007420480e-05j 2.5175768372+2.2351449117e-05j 2.3954817828+1.9611760967e-05j 2.2875056169+1.7473181300e-05j 2.1907427089+1.5743254467e-05j 2.1032167002+1.4287629796e-05j
  2.0236899563+1.2976349471e-05j 1.9519740416+1.1526297163e-05j 1.8928709824+7.5838082089e-06j]
 [2.2676781774-1.6251947136e-05j 2.3675987404-1.8017000508e-05j 2.4786490096-2.0125420347e-05j 2.6038230276-2.2915053326e-05j 2.7482537309-2.6815082237e-05j 2.920487579 -3.2650585871e-05j 3.495643282 -2.1074758997e-02j
  3.4162079099-5.8022652341e-05j 3.8473111473-9.6301973779e-05j 4.8031928589-3.2425539054e-04j 5.2364670758+6.3048120049e-04j 3.939033952 +1.0990934326e-04j 3.4597675013+6.3147179006e-05j 3.1517028109+4.4617966553e-05j
  2.9230201817+3.4618599553e-05j 2.7405384883+2.8347376359e-05j 2.5883826177+2.4039834473e-05j 2.4577104369+2.0892323204e-05j 2.343097422 +1.8484923804e-05j 2.2409915589+1.6574847861e-05j 2.1489703304+1.5007812088e-05j
  2.0653729724+1.3670422407e-05j 1.9891884808+1.2442605151e-05j 1.9204373936+1.1034443773e-05j]
 [2.2179391737-1.5473079216e-05j 2.3141059806-1.7421909563e-05j 2.4213267007-1.9372314198e-05j 2.5412003464-2.1824451539e-05j 2.6778356153-2.5194384200e-05j 2.8382328657-3.0106719756e-05j 3.0346893873-3.7892357067e-05j
  3.6516223018-2.1088636780e-02j 3.6621101368-8.2560803584e-05j 4.4703979357-2.7764214895e-04j 4.4612310398-1.3643543535e+00j 4.8465830631+5.6626348517e-04j 3.7371692128+9.3485636644e-05j 3.3226993984+5.5626441670e-05j
  3.0478735309+4.0302138705e-05j 2.8394807363+3.1817050858e-05j 2.6706965534+2.6380592240e-05j 2.5284224558+2.2581751826e-05j 2.4052253108+1.9766865647e-05j 2.2964731057+1.7588512947e-05j 2.1990951021+1.5842331687e-05j
  2.110980034 +1.4395684995e-05j 2.0306816757+1.3147425243e-05j 1.9573530327+1.1982475019e-05j]
 [2.1729462449-1.3752942387e-05j 2.2630250414-1.6777433046e-05j 2.3670579005-1.8845379814e-05j 2.4833980204-2.1108307383e-05j 2.6148975575-2.4124924371e-05j 2.7675953261-2.8498584475e-05j 2.9522727909-3.5356046827e-05j
  3.19043021  -4.7636201922e-05j 3.8975078631-2.1116700477e-02j 4.285145008 -2.6389806005e-04j 4.1283351758-1.3643077482e+00j 4.0713231286+1.3643341734e+00j 4.6446082859+5.4980131452e-04j 3.6000245772+8.5964287164e-05j
  3.2187943402+5.1310779922e-05j 2.9642564235+3.7501043606e-05j 2.7695578803+2.9850924542e-05j 2.6106510661+2.4923363576e-05j 2.4758463695+2.1457381575e-05j 2.3585027937+1.8871871769e-05j 2.2544687538+1.6857951056e-05j
  2.1609829205+1.5233157389e-05j 2.0761442221+1.3877789171e-05j 1.9986583622+1.2698052932e-05j]
 [2.1443402821-7.2773010920e-06j 2.2155946005-1.5345270577e-05j 2.3146974877-1.8332824335e-05j 2.4284007891-2.0647140390e-05j 2.5566506839-2.3443973356e-05j 2.7043686305-2.7449016516e-05j 2.8814364046-3.3759590054e-05j
  3.1078679319-4.5106819042e-05j 3.4361069469-7.2177177680e-05j 4.5205201833-2.1300957114e-02j 3.9430395696-1.3642940008e+00j 3.7383337185-1.3643719369e+00j 3.869329696 +1.3643177474e+00j 4.5073598077+5.4224239085e-04j
  3.4960478338+8.1648133674e-05j 3.1351056982+4.8509941750e-05j 2.8942596709+3.5535444963e-05j 2.7094348425+2.8394415349e-05j 2.5579926948+2.3799899211e-05j 2.4290356534+2.0563519017e-05j 2.3164027648+1.8142764387e-05j
  2.2162509983+1.6250763136e-05j 2.1260273715+1.4718241705e-05j 2.0439783956+1.3433540718e-05j]
 [2.166661097 +1.8710274457e-05j 2.1818767966-9.6089795399e-06j 2.2649033753-1.7189722922e-05j 2.3748251554-2.0263671244e-05j 2.5009731037-2.3046057788e-05j 2.6457127019-2.6801448024e-05j 2.8179476924-3.2728652360e-05j
  3.0368531277-4.3521155616e-05j 3.3534150467-6.9654096075e-05j 4.0589395436-2.5351640909e-04j 4.1783863355+1.3434193294e+00j 3.5530045872-1.3643581860e+00j 3.5362540554+1.3643643371e+00j 3.7320677752+1.3643102241e+00j
  4.403285342 +5.3788952936e-04j 3.412292305 +7.8846922791e-05j 3.0650416114+4.6544690076e-05j 2.8340664624+3.4079537011e-05j 2.6567022545+2.7271731816e-05j 2.5111026983+2.2906994308e-05j 2.3868501514+1.9835587002e-05j
  2.2780918201+1.7537068711e-05j 2.1811921585+1.5737866354e-05j 2.0937439143+1.4277001530e-05j]
 [2.6358277511+2.3348527409e-04j 2.1934219548+1.4594011054e-05j 2.2260849206-1.2228522956e-05j 2.3227465642-1.9409733352e-05j 2.4462481944-2.2788483557e-05j 2.589403278 -2.6464148456e-05j 2.7589182069-3.2112617925e-05j
  2.9731289013-4.2507576892e-05j 3.282242111 -6.8078340701e-05j 3.9761339477-2.5099900538e-04j 3.7166548272-1.3642836203e+00j 3.7883171064+1.3433534221e+00j 3.3509004765-1.3643746158e+00j 3.398913149 +1.3643568061e+00j
  3.6279850556+1.3643059064e+00j 4.3194381441+5.3505245399e-04j 3.3421660874+7.6881416173e-05j 3.0047852322+4.5089218434e-05j 2.7812673957+3.2957527855e-05j 2.609741343 +2.6379668871e-05j 2.4688408894+2.2180071645e-05j
  2.3484564283+1.9231110821e-05j 2.2429422469+1.7025702163e-05j 2.1488076598+1.5298678080e-05j]
 [2.429973171 +1.3643423194e+00j 2.6379763632+2.2840095394e-04j 2.2264201301+9.9481693044e-06j 2.2788523642-1.5257978248e-05j 2.3919695783-2.2222795294e-05j 2.5335966248-2.6328930699e-05j 2.7020258168-3.1833187225e-05j
  2.9137613453-4.1921194167e-05j 3.2183087528-6.7080841783e-05j 3.9048230304-2.4943227339e-04j 3.6337513381-1.3642811079e+00j 3.3264633636-1.3643478057e+00j 3.5861729263+1.3433358627e+00j 3.2135441331+1.3643705652e+00j
  3.2947586264+1.3643524807e+00j 3.5441347748+1.3643031039e+00j 4.2492262508+5.3305190463e-04j 3.2818522969+7.5425806202e-05j 2.9519271267+4.3967734317e-05j 2.734243669 +3.2066212065e-05j 2.567411894 +2.5653649121e-05j
  2.4303738067+2.1576656503e-05j 2.3132267447+1.8721008034e-05j 2.2104694424+1.6588082413e-05j]
 [3.0301981421-1.3638800854e+00j 2.4203431676+1.3643440992e+00j 2.6423887881+2.2199347431e-04j 2.2675427957+4.6273776662e-06j 2.3430390428-1.8913050689e-05j 2.4772075761-2.6049536947e-05j 2.6452064252-3.1816452191e-05j
  2.8563351868-4.1696781627e-05j 3.1586385832-6.6522198532e-05j 3.8407068013-2.4844956904e-04j 3.5623224583-1.3642795494e+00j 3.2434776677-1.3643452978e+00j 3.124225387 -1.3643642350e+00j 3.4487706996+1.3433277954e+00j
  3.1093831262+1.3643662443e+00j 3.210843671 +1.3643496706e+00j 3.4739249585+1.3643011373e+00j 4.1888327264+5.3156205280e-04j 3.2289414703+7.4304299318e-05j 2.9048484679+4.3077031767e-05j 2.6918550452+3.1341011964e-05j
  2.5288804239+2.5051197739e-05j 2.3950736887+2.1067666483e-05j 2.2806764751+1.8284696500e-05j]
 [1.7818368188-2.8659349893e-04j 3.0328217586-1.3638790285e+00j 2.4085686486+1.3643462454e+00j 2.6499949602+2.1374819253e-04j 2.3196530043-1.6085167828e-06j 2.4232953443-2.3612161469e-05j 2.586801519 -3.1820339659e-05j
  2.7985734169-4.1794333959e-05j 3.1007281214-6.6349858345e-05j 3.7807694282-2.4791672717e-04j 3.4980494961-1.3642785802e+00j 3.1719507191-1.3643437465e+00j 3.0411730633-1.3643617309e+00j 2.9867576294-1.3643717604e+00j
  3.3445579983+1.3433235205e+00j 3.0254705896+1.3643634392e+00j 3.1405762618+1.3643476966e+00j 3.4135386653+1.3642996810e+00j 4.1358480627+5.3040708493e-04j 3.1818147566+7.3413688613e-05j 2.8624089987+4.2352532659e-05j
  2.6532680226+3.0739452512e-05j 2.4935191539+2.4543232287e-05j 2.3624558925+2.0632519549e-05j]
 [2.0148091551-1.3642775343e+00j 1.7455899388-3.2252122285e-04j 3.0354974875-1.3638779100e+00j 2.3934651868+1.3643489993e+00j 2.6623355383+2.0284276739e-04j 2.3874086239-9.2032472234e-06j 2.5279781048-3.0283054168e-05j
  2.7382520224-4.2077422723e-05j 3.0420955625-6.6557196693e-05j 3.7224243423-2.4779342721e-04j 3.4378802648-1.3642780712e+00j 3.1075470373-1.3643427895e+00j 2.9695678192-1.3643601860e+00j 2.9036541569-1.3643692595e+00j
  2.8825075138-1.3643760790e+00j 3.2605879536+1.3433213455e+00j 2.9552144615+1.3643614704e+00j 3.080139419 +1.3643462329e+00j 3.3605663879+1.3642985591e+00j 4.0886533715+5.2948377491e-04j 3.1393318811+7.2689395107e-05j
  2.8237752031+4.1751761585e-05j 2.6178548096+3.0232451128e-05j 2.4608434287+2.4109170748e-05j]
 [2.4917794385-1.3643118474e+00j 2.0791182102-1.3642842974e+00j 1.6901374273-3.8131146689e-04j 3.0382316775-1.3638766923e+00j 2.3728301213+1.3643528609e+00j 2.6821667268+1.8786875713e-04j 2.4791790421-1.9110365042e-05j
  2.674604362 -4.1464874592e-05j 2.9799616228-6.7114340703e-05j 3.6629936821-2.4810576166e-04j 3.3791503938-1.3642779938e+00j 3.0471812107-1.3643423024e+00j 2.9050593048-1.3643592399e+00j 2.8319902758-1.3643677201e+00j
  2.7993682796-1.3643735808e+00j 2.7985280446+1.3643738265e+00j 3.1902684949+1.3433205897e+00j 2.8947977292+1.3643600122e+00j 3.0271236038+1.3643451036e+00j 3.3133892446+1.3642976684e+00j 4.0461083476+5.2872752531e-04j
  3.1006593162+7.2088942632e-05j 2.7883192806+4.1245635669e-05j 2.585130743 +2.9799425718e-05j]
 [2.9956167187-1.3642678704e+00j 2.5437503589-1.3643135278e+00j 2.1501442028-1.3642911957e+00j 1.5979681051-4.9392690450e-04j 3.0410355975-1.3638753097e+00j 2.3420354832+1.3643590383e+00j 2.7149769976+1.6616428238e-04j
  2.6124997068-3.3894817665e-05j 2.9115935084-6.7447671180e-05j 3.5991554612-2.4893075856e-04j 3.3189952829-1.3642784061e+00j 2.9881164989-1.3643422678e+00j 2.844532046 -1.3643587727e+00j 2.7674026878-1.3643667836e+00j
  2.7276653095-1.3643720460e+00j 2.7153683512+1.3643763227e+00j 2.728227047 +1.3643718615e+00j 3.1297825956+1.3433209263e+00j 2.8418108293+1.3643588888e+00j 2.9799099106+1.3643442056e+00j 3.2708669425+1.3642969442e+00j
  4.0073794399+5.2809584227e-04j 3.0651692555+7.1583247641e-05j 2.7555565645+4.0813572600e-05j]
 [3.6113332213-3.1267988179e-04j 3.0454764939-1.3642690175e+00j 2.6022642559-1.3643155096e+00j 2.2296923557-1.3642983328e+00j 1.4155932941-7.9474948954e-04j 3.0439310988-1.3638736374e+00j 2.2893487151+1.3643712566e+00j
  2.7736200231+1.3184888456e-04j 2.8358151099-6.3871788193e-05j 3.5261878433-2.5022718219e-04j 3.2535650827-1.3642794917e+00j 2.9273114104-1.3643427747e+00j 2.7851824879-1.3643587776e+00j 2.7067490421-1.3643663342e+00j
  2.6630242768-1.3643711179e+00j 2.6436457346-1.3643748539e+00j 2.6450621196+1.3643743563e+00j 2.6677874116+1.3643704079e+00j 3.0767206726+1.3433221791e+00j 2.7946348392+1.3643579969e+00j 2.9373580299+1.3643434742e+00j
  3.2321659488+1.3642963442e+00j 3.9718388253+5.2755962524e-04j 3.0323770324+7.1151727238e-05j]
 [2.9647948898-5.6338495882e-05j 3.6605756494-3.1369864586e-04j 3.101724254 -1.3642704442e+00j 2.6691823254-1.3643179154e+00j 2.3205451132-1.3643059115e+00j 0.7237074534-4.1856445275e-03j 3.0469665195-1.3638714014e+00j
  2.1729304064-1.3643449517e+00j 2.8981336216+6.7255841698e-05j 3.4364002006-2.5106063758e-04j 3.1761362262-1.3642817641e+00j 2.8604052584-1.3643441126e+00j 2.7238025743-1.3643593736e+00j 2.6471646276-1.3643663754e+00j
  2.6022791542-1.3643706843e+00j 2.5789767544-1.3643739329e+00j 2.573339198 +1.3643758844e+00j 2.5846324052+1.3643729019e+00j 2.6147994938+1.3643692899e+00j 3.0294637787+1.3433242450e+00j 2.7521294407+1.3643572721e+00j
  2.8986344192+1.3643428671e+00j 3.1966584644+1.3642958393e+00j 3.9390018272+5.2709827501e-04j]
 [2.7712253333-3.1038250131e-05j 3.013814637 -5.7315005116e-05j 3.7161371618-3.1498833083e-04j 3.1662266123-1.3642722753e+00j 2.7473374665-1.3643209620e+00j 2.4272803351-1.3643143422e+00j 1.4637893946-1.3635473632e+00j
  3.050273776 -1.3638678635e+00j 1.5450879535-1.3637372874e+00j 3.3581804697-1.8976158155e-04j 3.0720449019-1.3642874431e+00j 2.7786707378-1.3643473692e+00j 2.6555398838-1.3643609547e+00j 2.5852855738-1.3643670547e+00j
  2.5425098134-1.3643707584e+00j 2.5181749121-1.3643735132e+00j 2.5086676332-1.3643759080e+00j 2.5129284231+1.3643744280e+00j 2.5316695   +1.3643717836e+00j 2.5676443056+1.3643684042e+00j 2.9868715652+1.3433270602e+00j
  2.71346109  +1.3643566717e+00j 2.8631112771+1.3643423550e+00j 3.1638598426+1.3642954088e+00j]
 [2.6664178623-2.1924825352e-05j 2.8201557361-3.1998207626e-05j 3.0691196334-5.8558600851e-05j 3.7798853175-3.1667379839e-04j 3.2418218397-1.3642747294e+00j 2.8413526647-1.3643250694e+00j 2.5581871448-1.3643245486e+00j
  1.9769166623-1.3640951759e+00j 3.0543855314-1.3638601044e+00j 2.9032655853-4.0443349575e-04j 2.7628439982+1.3643398112e+00j 2.6600316052-1.3643583472e+00j 2.5696724056-1.3643651986e+00j 2.5157887798-1.3643688689e+00j
  2.4802076884-1.3643715152e+00j 2.4582704605-1.3643736168e+00j 2.4478436581-1.3643755002e+00j 2.4482795006+1.3643753387e+00j 2.4600036095+1.3643733085e+00j 2.4845543594+1.3643708983e+00j 2.5251814781+1.3643676864e+00j
  2.9481104524+1.3433305833e+00j 2.678001992 +1.3643561668e+00j 2.8303039614+1.3643419175e+00j]
 [2.5993310241-1.7349242936e-05j 2.7153108419-2.2877559856e-05j 2.8753536446-3.3223373700e-05j 3.1325777389-6.0194181146e-05j 3.8546592628-3.1897399424e-04j 3.3331382379-1.3642782286e+00j 2.9595570967-1.3643311674e+00j
  2.7307195266-1.3643390697e+00j 2.4208646649-1.3642737141e+00j 3.0665537179-1.3638125592e+00j 2.8989532991-1.3643612159e+00j 1.7387280563+1.3628242506e+00j 2.436301654 +1.3643707667e+00j 2.4259778227-1.3643740981e+00j
  2.4096018607-1.3643735513e+00j 2.3956215669-1.3643744450e+00j 2.3878537419-1.3643756299e+00j 2.387467792 +1.3643757367e+00j 2.3954024176+1.3643742160e+00j 2.4129456239+1.3643724228e+00j 2.4421465642+1.3643701814e+00j
  2.4865774318+1.3643670938e+00j 2.9125526047+1.3433347871e+00j 2.6452675184+1.3643557368e+00j]
 [2.5528396029-1.4627447700e-05j 2.6482088978-1.8298603616e-05j 2.7704618106-2.4094496873e-05j 2.9386870649-3.4838655119e-05j 3.207028345 -6.2440724642e-05j 3.945088106 -3.2231101311e-04j 3.4485102362-1.3642837042e+00j
  3.1194400321-1.3643417975e+00j 2.9932383077-1.3643681983e+00j 3.1828694128+1.3642249735e+00j 3.0515524286-1.3639102420e+00j 2.6957236285+1.3643496613e+00j 1.8802230926+1.1819971129e-03j 2.2777625876+1.3643556329e+00j
  2.3160531276+1.3643729495e+00j 2.3240340039+1.3643760164e+00j 2.3249344651+1.3643761844e+00j 2.3274418342+1.3643755841e+00j 2.33463717  +1.3643746062e+00j 2.3484171102+1.3643733284e+00j 2.3706139624+1.3643717064e+00j
  2.4036124913+1.3643695903e+00j 2.4512043506+1.3643665974e+00j 2.8797133472+1.3433396533e+00j]
 [2.5192754539-1.2822646066e-05j 2.6017128236-1.5575175118e-05j 2.7033398035-1.9511589477e-05j 2.8337388612-2.5700546705e-05j 3.0129955   -3.7063036416e-05j 3.2971007525-6.5720355691e-05j 4.0595070174-3.2761670630e-04j
  3.6054322832-1.3642937000e+00j 3.3693931465-1.3643672528e+00j 3.6329315418+1.3641987720e+00j 2.9485834061+1.5272809830e-04j 3.0578834439-1.3638886000e+00j 2.6232169779+1.3643443842e+00j 2.1246886414+6.7404476781e-04j
  2.1529625452+1.3643432726e+00j 2.2269686831+1.3643688451e+00j 2.2524942726+1.3643737404e+00j 2.2643284912+1.3643746319e+00j 2.2746243168+1.3643744342e+00j 2.2877322962+1.3643737126e+00j 2.3061829312+1.3643726111e+00j
  2.3321749208+1.3643711166e+00j 2.3683242869+1.3643690960e+00j 2.4185775994+1.3643661766e+00j]
 [2.494626185 -1.1527363600e-05j 2.5681494214-1.3769583475e-05j 2.6568368068-1.6786177778e-05j 2.7665918887-2.1113113158e-05j 2.9079815626-2.7914695548e-05j 3.1029083279-4.0318645089e-05j 3.4111302714-7.0964952050e-05j
  4.2154111237-3.3743475525e-04j 3.8523011541-1.3643185105e+00j 3.9966312515+1.3642031754e+00j 3.3074980033+1.6445756716e-04j 2.6470658611+6.1146551967e-05j 3.0617355948-1.3638828280e+00j 2.5851045752+1.3643437432e+00j
  2.2155526987+5.4211549445e-04j 2.049065087 +1.3643320175e+00j 2.1521481093+1.3643656236e+00j 2.1911661476+1.3643720034e+00j 2.2113930064+1.3643734294e+00j 2.2277813639+1.3643735246e+00j 2.2456122847+1.3643729915e+00j
  2.2678660307+1.3643720218e+00j 2.2970005677+1.3643706243e+00j 2.3357972846+1.3643686778e+00j]
 [2.4765784811-1.0537437667e-05j 2.5435040765-1.2473942524e-05j 2.6232735451-1.4979574022e-05j 2.7200797337-1.8385370265e-05j 2.8408047655-2.3322161997e-05j 2.997819339 -3.1159070731e-05j 3.2167609028-4.5537359333e-05j
  3.566612118 -8.0718218534e-05j 4.4611978168-3.6206015725e-04j 4.4763366728+1.3642525709e+00j 3.6588761363+1.7210728179e-04j 2.9341237075+9.6245894147e-05j 2.5203247373+2.5555662532e-05j 3.0651593767-1.3638798983e+00j
  2.5613432457+1.3643442302e+00j 2.2621353423+4.8155510819e-04j 1.9595979988+1.3643212232e+00j 2.0877883332+1.3643629657e+00j 2.1376399197+1.3643706302e+00j 2.1645078182+1.3643724738e+00j 2.1857717084+1.3643727907e+00j
  2.2074430301+1.3643724001e+00j 2.2328383289+1.3643715313e+00j 2.2646061624+1.3643702090e+00j]
 [2.4637123003-9.7395827100e-06j 2.5254624926-1.1483889631e-05j 2.598632591 -1.3683427651e-05j 2.6865160261-1.6577534035e-05j 2.794281245 -2.0591741093e-05j 2.9306078901-2.6560863289e-05j 3.1115875714-3.6365548468e-05j
  3.3720484526-5.5262881746e-05j 3.8119437239-1.0527517289e-04j 5.084087478 -5.4349398887e-04j 4.1352655476+2.2216291836e-04j 3.2733334295+1.0693556071e-04j 2.7486475163+7.5970305141e-05j 2.4487810542+3.9291911718e-06j
  3.0684539198-1.3638779849e+00j 2.5449904218+1.3643450649e+00j 2.2892601802+4.4703672106e-04j 1.8808726503+1.3643106139e+00j 2.0314918077+1.3643607017e+00j 2.0902958784+1.3643695180e+00j 2.1225311463+1.3643717002e+00j
  2.1477608126+1.3643721900e+00j 2.1725961811+1.3643719095e+00j 2.2006149342+1.3643711189e+00j]
 [2.4551226418-9.0656158618e-06j 2.5126042083-1.0686037939e-05j 2.5805983121-1.2693146608e-05j 2.6618799393-1.5280736918e-05j 2.7607165235-1.8782453268e-05j 2.8840708206-2.3827417976e-05j 3.0443366654-3.1761092059e-05j
  3.2667814951-4.6077827585e-05j 3.6171683888-7.9790225225e-05j 4.4343454614-2.8663690929e-04j 4.7418073162+1.3641790051e+00j 3.746298228 +1.5765642119e-04j 3.075858534 +8.9499859547e-05j 2.6278676586+6.4773248479e-05j
  2.403178149 -1.1161765966e-05j 3.0717079322-1.3638765542e+00j 2.5329858323+1.3643460140e+00j 2.306014689 +4.2496697523e-04j 1.8106149743+1.3643000800e+00j 1.9816495419+1.3643587341e+00j 2.0479922761+1.3643686026e+00j
  2.0846277964+1.3643710663e+00j 2.1131198431+1.3643716933e+00j 2.1405865576+1.3643714989e+00j]
 [2.4502251286-8.4714439647e-06j 2.5040240605-1.0012151868e-05j 2.5677496087-1.1895225530e-05j 2.6438541534-1.4290128043e-05j 2.7360857914-1.7484861343e-05j 2.850504534 -2.2016460177e-05j 2.9977838817-2.9024275616e-05j
  3.199486338 -4.1466544787e-05j 3.5117985104-7.0590915415e-05j 4.2393410319-2.6112047649e-04j 4.0915444824-1.3643167698e+00j 4.3515682254+1.3641147048e+00j 3.5452948347+1.4088944312e-04j 2.94326346  +8.0949698793e-05j
  2.5402156342+5.6951669210e-05j 2.3721224476-2.2432392527e-05j 3.0749571518-1.3638753932e+00j 2.5237667684+1.3643469959e+00j 2.3165627989+4.0983454284e-04j 1.7473466378+1.3642896020e+00j 1.9371289273+1.3643570039e+00j
  2.0098935052+1.3643678417e+00j 2.050168139 +1.3643705428e+00j 2.0813630898+1.3643712799e+00j]
 [2.4486496939-7.9264574940e-06j 2.4991376239-9.4181105817e-06j 2.5591810164-1.1221365666e-05j 2.6310167127-1.3492066368e-05j 2.7180696919-1.6493826227e-05j 2.8258796561-2.0717930321e-05j 2.9642154946-2.7211429727e-05j
  3.1529156889-3.8726009437e-05j 3.4444543094-6.5972225319e-05j 4.1338589079-2.5190589133e-04j 3.8962934505-1.3642912200e+00j 3.7007515764+1.3643717169e+00j 4.1492307167+1.3640981506e+00j 3.4090719885+1.3300992764e-04j
  2.8439910214+7.5589645160e-05j 2.4727308352+5.0808995015e-05j 2.3501222576-3.1207120211e-05j 3.0782188345-1.3638744003e+00j 2.5164507644+1.3643479798e+00j 2.3230923309+3.9897632125e-04j 1.6900703495+1.3642792161e+00j
  1.8971017978+1.3643554733e+00j 1.9753690836+1.3643672063e+00j 2.0186655324+1.3643701089e+00j]
 [2.4501804633-7.4077069668e-06j 2.4975748301-8.8732903008e-06j 2.554307973 -1.0627411922e-05j 2.6224617142-1.2818179536e-05j 2.705245197 -1.5695554010e-05j 2.8078744443-1.9726371596e-05j 2.9395969834-2.5911819428e-05j
  3.1193446804-3.6911057125e-05j 3.3978636527-6.3227621498e-05j 4.0664608615-2.4727920839e-04j 3.7906897079-1.3642819891e+00j 3.5052363194-1.3643554057e+00j 3.4978271028+1.3643552457e+00j 4.0116117487+1.3640904901e+00j
  3.3060770033+1.2832092123e-04j 2.7650897295+7.1731105944e-05j 2.4188095365+4.5659399852e-05j 2.3341688508-3.8238061877e-05j 3.0815024103-1.3638735206e+00j 2.5105013818+1.3643489541e+00j 2.3268657576+3.9094674875e-04j
  1.638094749 +1.3642689972e+00j 1.860943325 +1.3643541176e+00j 1.9439310878+1.3643666757e+00j]
 [2.4547220194-6.8964083304e-06j 2.4991198163-8.3547347603e-06j 2.5527603516-1.0082721992e-05j 2.617604371 -1.2224271639e-05j 2.6967058286-1.5021588301e-05j 2.7950645832-1.8927820000e-05j 2.9216038715-2.4919640551e-05j
  3.0947330625-3.5610224172e-05j 3.3642895151-6.1410343744e-05j 4.0198480594-2.4453018401e-04j 3.7232329954-1.3642773538e+00j 3.3995015184-1.3643461575e+00j 3.302029852 -1.3643718398e+00j 3.3595878211+1.3643476718e+00j
  3.9071589214+1.3640860264e+00j 3.2233627772+1.2513236957e-04j 2.6999630339+6.8696435224e-05j 2.3746249137+4.1170346846e-05j 2.3224640762-4.3993912633e-05j 3.0848135365-1.3638727219e+00j 2.5055735735+1.3643499149e+00j
  2.3286633483+3.8489310115e-04j 1.5909295458+1.3642590476e+00j 1.8281693885+1.3643529197e+00j]
 [2.4622823025-6.3755948022e-06j 2.5036771742-7.8436574498e-06j 2.554322265 -9.5643299632e-06j 2.616074441 -1.1679677588e-05j 2.6918664879-1.4427685826e-05j 2.7865428839-1.8253724651e-05j 2.908810341 -2.4120741689e-05j
  3.0767532758-3.4617329213e-05j 3.3396853324-6.0108145917e-05j 3.9862702972-2.4271036064e-04j 3.6765959102-1.3642746000e+00j 3.3319812903-1.3643415130e+00j 3.196154467 -1.3643625731e+00j 3.1634906301+1.3643733332e+00j
  3.2544810853+1.3643432982e+00j 3.8229253685+1.3640830689e+00j 3.1543370308+1.2276522507e-04j 2.6447895688+6.6161348898e-05j 2.3377592354+3.7159273847e-05j 2.3138628634-4.8785709020e-05j 3.088155874 -1.3638719840e+00j
  2.5014352338+1.3643508613e+00j 2.3289933739+3.8027991658e-04j 1.548218686 +1.3642494880e+00j]
 [2.4729675051-5.8282710403e-06j 2.5112548428-7.3230917556e-06j 2.5588982925-9.0534448825e-06j 2.6176559776-1.1161418977e-05j 2.6903567619-1.3883154469e-05j 2.7817238485-1.7659788352e-05j 2.9003083565-2.3446466974e-05j
  3.0639777851-3.3818016004e-05j 3.3217201125-5.9114439350e-05j 3.9616741083-2.4140665541e-04j 3.6430140393-1.3642727775e+00j 3.2853177799-1.3643387541e+00j 3.1285658351-1.3643579189e+00j 3.0574650313-1.3643700884e+00j
  3.058065798 +1.3643690006e+00j 3.1695597356+1.3643404345e+00j 3.7523189966+1.3640809385e+00j 3.0951825521+1.2089386281e-04j 2.5971555541+6.3951507759e-05j 2.306586867 +3.3516247026e-05j 2.3075997074-5.2829532032e-05j
  3.0915319517-1.3638712936e+00j 2.4979244411+1.3643517939e+00j 2.3282009572+3.7675419708e-04j]
 [2.4869873317-5.2356423023e-06j 2.521958999 -6.7760442063e-06j 2.5664963599-8.5330988759e-06j 2.6222535257-1.0650698440e-05j 2.6919606088-1.3365000493e-05j 2.7802368375-1.7115287715e-05j 2.8955119346-2.2852458700e-05j
  3.0554975726-3.3143513124e-05j 3.3089643867-5.8314645378e-05j 3.9437247153-2.4041204191e-04j 3.6184264202-1.3642714721e+00j 3.2517313263-1.3643369285e+00j 3.0818737482-1.3643551545e+00j 2.9898030582-1.3643654238e+00j
  2.9518802318-1.3643744004e+00j 2.9728079535+1.3643661799e+00j 3.0982313374+1.3643384015e+00j 3.691522731 +1.3640793093e+00j 3.043489596 +1.1934266410e-04j 2.5554379873+6.1965090171e-05j 2.2799620647+3.0170065325e-05j
  2.3031427475-5.6280863871e-05j 3.0949436219-1.3638706414e+00j 2.4949247732+1.3643527139e+00j]
 [2.5046713035-4.5750319391e-06j 2.5359993156-6.1837231370e-06j 2.5772226241-7.9862992675e-06j 2.6298749865-1.0130545427e-05j 2.6965825179-1.2854418157e-05j 2.7818656788-1.6597210836e-05j 2.8940501536-2.2307957952e-05j
  3.0507260826-3.2549395740e-05j 3.300508019 -5.7639866367e-05j 3.9309904992-2.3961170129e-04j 3.6004941358-1.3642704765e+00j 3.2271528722-1.3643356213e+00j 3.0482822473-1.3643533257e+00j 2.94308023  -1.3643626535e+00j
  2.8841399208-1.3643697248e+00j 2.8664525234+1.3643755082e+00j 2.9011243863+1.3643641919e+00j 3.0366784265+1.3643368732e+00j 3.6381269162+1.3640780055e+00j 2.9976390757+1.1800858934e-04j 2.5184926063+6.0138833769e-05j
  2.2570469934+2.7071783640e-05j 2.3001106893-5.9254762539e-05j 3.0983923163-1.3638700210e+00j]
 [2.5264992729-3.8169930238e-06j 2.5537052645-5.5234559370e-06j 2.5912867271-7.3942566184e-06j 2.6406264921-9.5839669960e-06j 2.7042303541-1.2334432835e-05j 2.7865147847-1.6086741650e-05j 2.8957066759-2.1789931823e-05j
  3.0492920557-3.2004865134e-05j 3.2957637943-5.7045603686e-05j 3.9225600692-2.3893659892e-04j 3.5877831978-1.3642696755e+00j 3.2092390022-1.3643346246e+00j 3.0237135739-1.3643520166e+00j 2.9094832256-1.3643608212e+00j
  2.8373841686-1.3643669482e+00j 2.798628808 -1.3643725121e+00j 2.7945890326+1.3643735430e+00j 2.8391973226+1.3643627108e+00j 2.9824909085+1.3643356739e+00j 3.5905125073+1.3640769237e+00j 2.9564905253+1.1682721945e-04j
  2.48548206  +5.8431511024e-05j 2.2372105644+2.4186038614e-05j 2.2982229773-6.1838354206e-05j]
 [2.5531529945-2.9208012279e-06j 2.5755566296-4.7658005818e-06j 2.6090180965-6.7343016400e-06j 2.6547176544-8.9921750962e-06j 2.7150102198-1.1788050268e-05j 2.7941919717-1.5566900054e-05j 2.9003858152-2.1279551972e-05j
  3.0509789534-3.1486864551e-05j 3.29436006  -5.6501014505e-05j 3.9178454633-2.3834215564e-04j 3.5793808226-1.3642690001e+00j 3.1965531378-1.3643338230e+00j 3.005819451 -1.3643510187e+00j 2.8849249701-1.3643595100e+00j
  2.8037812121-1.3643651123e+00j 2.7518379262-1.3643697289e+00j 2.7266767658-1.3643744650e+00j 2.732471802 +1.3643720857e+00j 2.7846163232+1.3643615606e+00j 2.9340492499+1.3643347003e+00j 3.5475390335+1.3640759994e+00j
  2.9192102699+1.1575623102e-04j 2.4557748816+5.6815220009e-05j 2.219965731 +2.1486182561e-05j]
 [2.5856022093-1.8267753255e-06j 2.602235077 -3.8700385116e-06j 2.6308964568-5.9769965698e-06j 2.6724778616-8.3325030580e-06j 2.7291316972-1.1196482964e-05j 2.8050033078-1.5020689431e-05j 2.9080953278-2.0759831429e-05j
  3.0556909696-3.0976551417e-05j 3.296080041 -5.5983015359e-05j 3.9164745792-2.3779748015e-04j 3.5746982136-1.3642684054e+00j 3.1881809635-1.3643331471e+00j 2.9931604868-1.3643502163e+00j 2.8670519574-1.3643585108e+00j
  2.7792340353-1.3643637989e+00j 2.7182285756-1.3643678891e+00j 2.6798485218-1.3643716748e+00j 2.6644657451-1.3643759093e+00j 2.6776901873+1.3643709607e+00j 2.7357614738+1.3643606382e+00j 2.8902124401+1.3643338877e+00j
  3.5083727687+1.3640751898e+00j 2.8851703995+1.1476668627e-04j 2.428882905 +5.5270493583e-05j]
 [2.6252521036-4.4213172756e-07j 2.6347102362-2.7764952090e-06j 2.6576033973-5.0816280078e-06j 2.6943867872-7.5755167540e-06j 2.74692414  -1.0537066182e-05j 2.8191583458-1.4429322034e-05j 2.9189412422-2.0213770185e-05j
  3.0634357879-3.0456930507e-05j 3.3008277895-5.5472747485e-05j 3.9182303702-2.3727945939e-04j 3.5733627622-1.3642678606e+00j 3.1835327591-1.3643325522e+00j 2.984820693 -1.3643495399e+00j 2.854421755 -1.3643577077e+00j
  2.7613835287-1.3643627983e+00j 2.6936931633-1.3643665733e+00j 2.646232341 -1.3643698308e+00j 2.6175978739-1.3643731117e+00j 2.6095849986+1.3643756870e+00j 2.628624047 +1.3643700645e+00j 2.6914913451+1.3643598789e+00j
  2.8501461605+1.3643331936e+00j 3.4723857053+1.3640744660e+00j 2.8538861865+1.1383814124e-04j]
 [2.6742090295+1.3873250817e-06j 2.6743871567-1.3923948640e-06j 2.6901084511-3.9885275329e-06j 2.7211259551-6.6805073488e-06j 2.7688671785-9.7803688166e-06j 2.8369864088-1.3770134369e-05j 2.9331330817-1.9622579424e-05j
  3.074319392 -2.9910997388e-05j 3.3086109045-5.4953206008e-05j 3.9230167245-2.3676921645e-04j 3.5751571139-1.3642673425e+00j 3.1822353527-1.3643320073e+00j 2.9802093354-1.3643489448e+00j 2.846116559 -1.3643570308e+00j
  2.7487839888-1.3643619942e+00j 2.675866595 -1.3643655712e+00j 2.6217094054-1.3643685125e+00j 2.583974432 -1.3643712633e+00j 2.5626751981-1.3643742153e+00j 2.5604142697+1.3643748052e+00j 2.5841317018+1.3643693328e+00j
  2.6509711613+1.3643592403e+00j 2.8132217575+1.3643325887e+00j 3.4390929724+1.3640738071e+00j]
 [2.7357961255+3.9398335107e-06j 2.7233720253+4.3644900196e-07j 2.7298165494-2.6049264720e-06j 2.753664817 -5.5878119213e-06j 2.7956422827-8.8856860148e-06j 2.858967092 -1.3013697748e-05j 2.951000143 -1.8963596234e-05j
  3.0885512755-2.9319961377e-05j 3.3195353193-5.4407381046e-05j 3.9308411438-2.3624973540e-04j 3.5799849707-1.3642668323e+00j 3.1840710453-1.3643314891e+00j 2.9789526213-1.3643483997e+00j 2.8415445304-1.3643564353e+00j
  2.7405156507-1.3643613168e+00j 2.6632996615-1.3643647662e+00j 2.6039082472-1.3643675088e+00j 2.5594647139-1.3643699422e+00j 2.5290440687-1.3643723622e+00j 2.5134601957-1.3643750888e+00j 2.5158117519+1.3643740886e+00j
  2.5433781015+1.3643687229e+00j 2.6135717706+1.3643586932e+00j 2.7789536583+1.3643320525e+00j]
 [2.8156630461+7.7757745199e-06j 2.7849877812+2.9882642553e-06j 2.7788337346-7.7664668566e-07j 2.7934082029-4.2046683090e-06j 2.8282188363-7.7933597733e-06j 2.8857818218-1.2119310734e-05j 2.9730219931-1.8207393751e-05j
  3.1064607125-2.8661159477e-05j 3.3338104971-5.3816479249e-05j 3.9418095054-2.3570399989e-04j 3.5878537244-1.3642663129e+00j 3.1889433304-1.3643309789e+00j 2.9808324702-1.3643478815e+00j 2.8403311963-1.3643558900e+00j
  2.7359854777-1.3643607210e+00j 2.6550704891-1.3643640882e+00j 2.5913759116-1.3643667028e+00j 2.5416904805-1.3643689369e+00j 2.504548339 -1.3643710383e+00j 2.4798209557-1.3643732308e+00j 2.4688110124-1.3643757967e+00j
  2.4749422544+1.3643734946e+00j 2.5057337945+1.3643682059e+00j 2.5788070592+1.3643582169e+00j]
 [2.924559008 +1.4219209752e-05j 2.8648838408+6.8234194952e-06j 2.840482772 +1.7745299302e-06j 2.8424620318-2.3769060304e-06j 2.8680015853-6.4106338299e-06j 2.9183999278-1.1027319672e-05j 2.9998800255-1.7313273394e-05j
  3.1285272488-2.7905166066e-05j 3.3517656925-5.3157836879e-05j 3.9561312411-2.3511321310e-04j 3.5988691898-1.3642657672e+00j 3.1968594764-1.3643304595e+00j 2.9857521438-1.3643473712e+00j 2.8422580573-1.3643553717e+00j
  2.7348182573-1.3643601755e+00j 2.6505847487-1.3643634920e+00j 2.5831882654-1.3643660242e+00j 2.5291947867-1.3643681298e+00j 2.486802592 -1.3643700312e+00j 2.4553400179-1.3643719039e+00j 2.4351632418-1.3643739336e+00j
  2.4278924047+1.3643763260e+00j 2.4371761719+1.3643729941e+00j 2.4707123412+1.3643677610e+00j]
 [3.0870928365+2.7334783856e-05j 2.9738091354+1.3265961785e-05j 2.9204128684+5.6089604997e-06j 2.9041489189+1.7368401633e-07j 2.9170963454-4.5833446970e-06j 2.9582260884-9.6449736052e-06j 3.0325435284-1.6221585304e-05j
  3.1554322544-2.7011284878e-05j 3.3738804371-5.2402028988e-05j 3.9741355894-2.3445470990e-04j 3.6132407666-1.3642651765e+00j 3.2079252296-1.3643299139e+00j 2.993718774 -1.3643468518e+00j 2.84722812  -1.3643548614e+00j
  2.7367950327-1.3643596571e+00j 2.6494664271-1.3643629463e+00j 2.5787495901-1.3643654276e+00j 2.5210510847-1.3643674505e+00j 2.4743456406-1.3643692230e+00j 2.4376243693-1.3643708949e+00j 2.410697934 -1.3643726035e+00j
  2.3942356854-1.3643745130e+00j 2.3900747079+1.3643758352e+00j 2.4020268961+1.3643725666e+00j]
 [3.384932878 +6.8631340411e-05j 3.1363721494+2.6380518470e-05j 3.0293727036+1.2050678528e-05j 2.9841178899+4.0074483461e-06j 2.9788256052-2.0332915334e-06j 3.007366035 -7.8181153925e-06j 3.0724171285-1.4839583248e-05j
  3.1881449891-2.5919869303e-05j 3.4008360868-5.1508361083e-05j 3.9963020735-2.3369906546e-04j 3.6312976796-1.3642645181e+00j 3.2223499558-1.3643293233e+00j 3.0048380314-1.3643463062e+00j 2.8552483656-1.3643543420e+00j
  2.7418185312-1.3643591467e+00j 2.6514960711-1.3643624277e+00j 2.5776830098-1.3643648816e+00j 2.5166621685-1.3643668534e+00j 2.4662483645-1.3643685429e+00j 2.4252083229-1.3643700854e+00j 2.3930140501-1.3643715925e+00j
  2.3697868823-1.3643731796e+00j 2.3564086234-1.3643749982e+00j 2.3548712489+1.3643754177e+00j]
 [4.5028992649+1.3632707447e+00j 3.4342408201+6.7675912461e-05j 3.1919704598+2.5164295250e-05j 3.0931174054+1.0448407907e-05j 3.0588382362+1.7998624118e-06j 3.0691421523-5.2685517303e-06j 3.1216064916-1.3013115802e-05j
  3.2280700427-2.4538177268e-05j 3.4336018848-5.0417189279e-05j 4.0233120443-2.3280558652e-04j 3.6535194495-1.3642637626e+00j 3.2404628686-1.3643286650e+00j 3.0193192465-1.3643457157e+00j 2.8664243823-1.3643537964e+00j
  2.749895569 -1.3643586272e+00j 2.656576104 -1.3643619172e+00j 2.5797685348-1.3643643628e+00j 2.5156502353-1.3643663072e+00j 2.4619119686-1.3643679454e+00j 2.4171600235-1.3643694046e+00j 2.3806411386-1.3643707818e+00j
  2.3521364887-1.3643721664e+00j 2.3319772393-1.3643736612e+00j 2.321195383 -1.3643754096e+00j]
 [3.2876488265+1.3642953676e+00j 4.5522347882+1.3632697879e+00j 3.4898737106+6.6458614311e-05j 3.2557553833+2.3561158990e-05j 3.1678825116+8.2401265067e-06j 3.1492031841-1.4359548072e-06j 3.1834339205-1.0463996494e-05j
  3.2773130338-2.2712062450e-05j 3.4735823988-4.9035775105e-05j 4.05613474  -2.3171463142e-04j 3.6805874308-1.3642628693e+00j 3.2627434917-1.3643279096e+00j 3.0374916236-1.3643450575e+00j 2.8809654628-1.3643532059e+00j
  2.7611316443-1.3643580817e+00j 2.6647131623-1.3643613978e+00j 2.5849082588-1.3643638523e+00j 2.5177947178-1.3643657883e+00j 2.4609576579-1.3643673988e+00j 2.4128789826-1.3643688066e+00j 2.3726444418-1.3643701001e+00j
  2.3398090146-1.3643713544e+00j 2.3143621248-1.3643726458e+00j 2.2967823744-1.3643740689e+00j]
 [2.9811644129+1.3643289977e+00j 3.3370102894+1.3642944093e+00j 4.6079016579+1.3632685694e+00j 3.5536990774+6.4854487352e-05j 3.3305661215+2.1352083243e-05j 3.2582972467+5.0036741200e-06j 3.2635480564-6.6319056487e-06j
  3.3391962043-2.0163344524e-05j 3.5228832174-4.7209976744e-05j 4.0961747202-2.3033346474e-04j 3.7134708676-1.3642617786e+00j 3.2898731912-1.3643270164e+00j 3.0598346942-1.3643443022e+00j 2.8992008038-1.3643525478e+00j
  2.7757360097-1.3643574913e+00j 2.6760126462-1.3643608523e+00j 2.5931086235-1.3643633328e+00j 2.5229973543-1.3643652776e+00j 2.4631642451-1.3643668797e+00j 2.4119853457-1.3643682597e+00j 2.3684216705-1.3643695016e+00j
  2.3318666277-1.3643706719e+00j 2.3020824694-1.3643718324e+00j 2.2792043961-1.3643730512e+00j]
 [2.7899689168+1.3643406516e+00j 3.0305494544+1.3643280376e+00j 3.3927100058+1.3642931893e+00j 4.6717673023+1.3632669641e+00j 3.628556043 +6.2644501839e-05j 3.4210318381+1.8114904863e-05j 3.3726968887-1.9285421567e-07j
  3.4193681176-1.6331711166e-05j 3.5848265422-4.4661619347e-05j 4.1455375605-2.2850794860e-04j 3.7535743252-1.3642603976e+00j 3.3228212278-1.3643259258e+00j 3.0870298442-1.3643434092e+00j 2.9216099496-1.3643517926e+00j
  2.7940378556-1.3643568332e+00j 2.6906837653-1.3643602618e+00j 2.6044749226-1.3643627873e+00j 2.5312643752-1.3643647581e+00j 2.4684330861-1.3643663690e+00j 2.4142572622-1.3643677404e+00j 2.3675918418-1.3643689544e+00j
  2.3277051277-1.3643700728e+00j 2.2941971879-1.3643711490e+00j 2.2669750255-1.3643722363e+00j]
 [2.6470914866+1.3643465263e+00j 2.8393742992+1.3643396895e+00j 3.0862802387+1.3643268161e+00j 3.4566152911+1.3642915828e+00j 4.7466707532+1.3632647531e+00j 3.7190737   +5.9406491423e-05j 3.5354877577+1.2917716029e-05j
  3.5285766645-9.8931821081e-06j 3.6650608825-4.0830397179e-05j 4.2075454416-2.2595991295e-04j 3.8030033822-1.3642585723e+00j 3.3629921855-1.3643245451e+00j 3.1200463605-1.3643423187e+00j 2.9488743124-1.3643508997e+00j
  2.8165167431-1.3643560781e+00j 2.7090557043-1.3643596038e+00j 2.6192163194-1.3643621969e+00j 2.5427009593-1.3643642125e+00j 2.4767701837-1.3643658494e+00j 2.4195956775-1.3643672296e+00j 2.3699323964-1.3643684349e+00j
  2.3269423314-1.3643695253e+00j 2.290100055 -1.3643705493e+00j 2.2591497404-1.3643715519e+00j]
 [2.5307399284+1.3643500340e+00j 2.6965128971+1.3643455618e+00j 2.895133582 +1.3643384660e+00j 3.1502239528+1.3643252080e+00j 3.5315650729+1.3642893705e+00j 4.8372410206+1.3632615141e+00j 3.8335872099+5.4208545166e-05j
  3.6914290612+3.2167903513e-06j 3.7743340585-3.4392337871e-05j 4.287846842 -2.2212905792e-04j 3.8650802174-1.3642560246e+00j 3.4124916613-1.3643227200e+00j 3.1602888584-1.3643409381e+00j 2.9819632158-1.3643498094e+00j
  2.843854118 -1.3643551852e+00j 2.7316080453-1.3643588488e+00j 2.6376619936-1.3643615389e+00j 2.5575162196-1.3643636221e+00j 2.4882805922-1.3643653038e+00j 2.4280063497-1.3643667099e+00j 2.3753438407-1.3643679239e+00j
  2.3293549247-1.3643690055e+00j 2.2894076129-1.3643700014e+00j 2.255120172 -1.3643709516e+00j]
 [2.4309990638+1.3643523368e+00j 2.5801717279+1.3643490667e+00j 2.7522971372+1.3643443360e+00j 2.9591138071+1.3643368561e+00j 3.2252194054+1.3643229943e+00j 3.6221882659+1.3642861305e+00j 4.951813192 +1.3632563153e+00j
  3.9895916979+4.4506933638e-05j 3.9372531942-2.1282903200e-05j 4.3971895376-2.1569141818e-04j 3.9454533005-1.3642521941e+00j 3.4746418503-1.3643201725e+00j 3.2098629682-1.3643391133e+00j 3.0222813178-1.3643484289e+00j
  2.877019349 -1.3643540950e+00j 2.7590222738-1.3643579560e+00j 2.6602915513-1.3643607839e+00j 2.5760393308-1.3643629642e+00j 2.5031733701-1.3643647134e+00j 2.4395941984-1.3643661643e+00j 2.3838316697-1.3643674042e+00j
  2.3348429446-1.3643684944e+00j 2.2918957445-1.3643694814e+00j 2.2545015115-1.3643704033e+00j]
 [2.3424770185+1.3643539378e+00j 2.4804339642+1.3643513662e+00j 2.6359761812+1.3643478384e+00j 2.8163110843+1.3643427241e+00j 3.034153647 +1.3643346409e+00j 3.3158954009+1.3643197530e+00j 3.7368198703+1.3642809306e+00j
  5.1078823258+1.3632466129e+00j 4.2354845617+2.0006622838e-05j 4.5601805919-2.0258246396e-04j 4.0548703893-1.3642457568e+00j 3.5550912351-1.3643163423e+00j 3.2720909193-1.3643365660e+00j 3.0719342965-1.3643466042e+00j
  2.9174171487-1.3643527147e+00j 2.7922678127-1.3643568659e+00j 2.687786524 -1.3643598912e+00j 2.5987499263-1.3643622092e+00j 2.5217776867-1.3643640555e+00j 2.4545682231-1.3643655739e+00j 2.3955006579-1.3643668585e+00j
  2.3434116044-1.3643679746e+00j 2.2974639867-1.3643689702e+00j 2.2570687886-1.3643698832e+00j]
 [2.2618803448+1.3643550894e+00j 2.3919056655+1.3643529633e+00j 2.5362523862+1.3643501349e+00j 2.7000199794+1.3643462241e+00j 2.8913932556+1.3643405070e+00j 3.124881779 +1.3643313980e+00j 3.4305868375+1.3643145520e+00j
  3.8929548652+1.3642712273e+00j 5.3538457604+1.3632221119e+00j 4.8584861951-1.6129348948e-04j 4.2179385166-1.3642326483e+00j 3.6645875799-1.3643099054e+00j 3.352621227 -1.3643327360e+00j 3.1342444321-1.3643440571e+00j
  2.9671532566-1.3643508901e+00j 2.8327494397-1.3643554856e+00j 2.7211163966-1.3643588011e+00j 2.6263295886-1.3643613166e+00j 2.5445732052-1.3643633006e+00j 2.4732575867-1.3643649160e+00j 2.4105597407-1.3643662681e+00j
  2.3551655226-1.3643674289e+00j 2.3061172511-1.3643684503e+00j 2.2627210077-1.3643693717e+00j]
 [2.1870168495+1.3643559312e+00j 2.3112907712+1.3643541102e+00j 2.4477299264+1.3643517283e+00j 2.6003208111+1.3643485177e+00j 2.7751414629+1.3643440048e+00j 2.982172182 +1.3643372624e+00j 3.2396329824+1.3643261957e+00j
  3.5867886006+1.3643048476e+00j 4.1389905175+1.3642467255e+00j 5.9769238378+1.3630408111e+00j 4.516323826 -1.3641913598e+00j 3.8277379161-1.3642967972e+00j 3.4622016865-1.3643262993e+00j 3.2148602928-1.3643402274e+00j
  3.0295500198-1.3643483432e+00j 2.8825729687-1.3643536612e+00j 2.7616860223-1.3643574210e+00j 2.6597478728-1.3643602266e+00j 2.5722415644-1.3643624079e+00j 2.4961419845-1.3643641611e+00j 2.4293380731-1.3643656102e+00j
  2.3703135641-1.3643668385e+00j 2.317959988 -1.3643679046e+00j 2.271462758 -1.3643688518e+00j]
 [2.1163209725+1.3643565457e+00j 2.2363937508+1.3643549465e+00j 2.3671103495+1.3643528709e+00j 2.5118160463+1.3643501078e+00j 2.6754773778+1.3643462957e+00j 2.8659689941+1.3643407582e+00j 3.0969825046+1.3643320585e+00j
  3.3959020321+1.3643164901e+00j 3.8328978706+1.3642803448e+00j 4.7621471045+1.3640654240e+00j 5.634843741 -9.8925570995e-04j 4.1262083748-1.3642555091e+00j 3.6254393555-1.3643131915e+00j 3.3245297275-1.3643337909e+00j
  3.1102560784-1.3643445136e+00j 2.9450608293-1.3643511144e+00j 2.8116013021-1.3643555966e+00j 2.7004097172-1.3643588465e+00j 2.6057523964-1.3643613180e+00j 2.5239031159-1.3643632685e+00j 2.4523153841-1.3643648553e+00j
  2.3891848746-1.3643661806e+00j 2.3332009859-1.3643673141e+00j 2.2833983092-1.3643683060e+00j]
 [2.0486018723+1.3643569835e+00j 2.1656447334+1.3643555542e+00j 2.29219506  +1.3643537019e+00j 2.4312050598+1.3643512464e+00j 2.5870019357+1.3643478827e+00j 2.7663502558+1.3643430467e+00j 2.9808370545+1.3643355524e+00j
  3.2533188685+1.3643223515e+00j 3.6420860056+1.3642919862e+00j 4.4561348464+1.3640990425e+00j 4.4201517521+3.5356489481e-05j 5.2448163521-1.0534055650e-03j 3.9240003852-1.3642719038e+00j 3.4878598473-1.3643206834e+00j
  3.2200193571-1.3643380774e+00j 3.0258617517-1.3643472849e+00j 2.8741847628-1.3643530499e+00j 2.7504211215-1.3643570222e+00j 2.6465107339-1.3643599380e+00j 2.5575106966-1.3643621786e+00j 2.480173438 -1.3643639627e+00j
  2.4122592177-1.3643654257e+00j 2.3521693786-1.3643666562e+00j 2.2987363662-1.3643677156e+00j]
 [1.9828968994+1.3643572759e+00j 2.0978472393+1.3643559836e+00j 2.2214102153+1.3643543033e+00j 2.3562864627+1.3643520725e+00j 2.5064125547+1.3643490175e+00j 2.6779155431+1.3643446308e+00j 2.8812737413+1.3643378387e+00j
  3.1372401368+1.3643258436e+00j 3.4995782291+1.3642978463e+00j 4.2654050064+1.3641106829e+00j 4.1142265822+6.8974249290e-05j 4.030215292 -2.8793935510e-05j 5.0427021833-1.0698006518e-03j 3.7865168552-1.3642793960e+00j
  3.3834470462-1.3643249701e+00j 3.1357237573-1.3643408489e+00j 2.9550852418-1.3643492206e+00j 2.8131047238-1.3643544756e+00j 2.6966226865-1.3643581138e+00j 2.5983698627-1.3643607986e+00j 2.5138820402-1.3643628728e+00j
  2.4402184262-1.3643645332e+00j 2.3753449651-1.3643659014e+00j 2.3178060479-1.3643670577e+00j]
 [1.918378437 +1.3643574418e+00j 2.0320311386+1.3643562657e+00j 2.1535541218+1.3643547249e+00j 2.2854827784+1.3643526679e+00j 2.4315053207+1.3643498392e+00j 2.5973605307+1.3643457622e+00j 2.7928909514+1.3643394202e+00j
  3.03774215  +1.3643281280e+00j 3.3835750524+1.3643013369e+00j 4.1229805755+1.3641165418e+00j 3.9235860007+8.0613746852e-05j 3.7243838449+4.8231633691e-06j 3.8281981925-4.5189515436e-05j 4.9053182073-1.0772932398e-03j
  3.6822054309-1.3642836830e+00j 3.2992541409-1.3643277418e+00j 3.0650508779-1.3643427847e+00j 2.8941094854-1.3643506464e+00j 2.7594110173-1.3643555672e+00j 2.6485868442-1.3643589744e+00j 2.554846438 -1.3643614929e+00j
  2.474032401 -1.3643634433e+00j 2.4034096495-1.3643650088e+00j 2.3410871889-1.3643663028e+00j]
 [1.8542884339+1.3643574907e+00j 1.9673587276+1.3643564186e+00j 2.087649705 +1.3643549973e+00j 2.217587526 +1.3643530823e+00j 2.3606994603+1.3643504291e+00j 2.5224790444+1.3643465797e+00j 2.7123828249+1.3643405485e+00j
  2.9494222697+1.3643297071e+00j 3.2841521231+1.3643036195e+00j 4.0070616533+1.3641200311e+00j 3.7812527663+8.6471628055e-05j 3.5338396742+1.6461891023e-05j 3.5224670452-1.1572988156e-05j 3.6909173891-5.2682523119e-05j
  4.8011120513-1.0815804867e-03j 3.5981192986-1.3642864549e+00j 3.2286890936-1.3643296777e+00j 3.0041836819-1.3643442106e+00j 2.8405248268-1.3643517380e+00j 2.7114845416-1.3643564279e+00j 2.605172992 -1.3643596688e+00j
  2.515106508 -1.3643620634e+00j 2.4373334336-1.3643639190e+00j 2.3692617675-1.3643654103e+00j]
 [1.7898864528+1.3643574251e+00j 1.9030580985+1.3643564510e+00j 2.0228498575+1.3643551380e+00j 2.151617229 +1.3643533457e+00j 2.2927841314+1.3643508367e+00j 2.4516873482+1.3643471646e+00j 2.6375411892+1.3643413622e+00j
  2.8689733067+1.3643308325e+00j 3.1959059397+1.3643051964e+00j 3.90772335  +1.3641223120e+00j 3.6654266685+8.9959694945e-05j 3.391605387 +2.2318870800e-05j 3.3320263632+6.5073891323e-08j 3.3852930669-1.9066481813e-05j
  3.5868204779-5.6970119578e-05j 4.7171368889-1.0843526426e-03j 3.5276664242-1.3642883910e+00j 3.1679348862-1.3643311037e+00j 2.9507125461-1.3643453023e+00j 2.79271221  -1.3643525988e+00j 2.668184752 -1.3643571223e+00j
  2.5655472477-1.3643602393e+00j 2.4785218086-1.3643625391e+00j 2.4032998903-1.3643643205e+00j]
 [1.7244022046+1.3643572406e+00j 1.8383693634+1.3643563639e+00j 1.9583696907+1.3643551548e+00j 2.0867160728+1.3643534749e+00j 2.2267700016+1.3643510917e+00j 2.3837706635+1.3643475660e+00j 2.5667796755+1.3643419424e+00j
  2.794185347 +1.3643316427e+00j 3.1155281843+1.3643063192e+00j 3.819561458 +1.3641238870e+00j 3.5661824038+9.2239193267e-05j 3.2758805607+2.5805876230e-05j 3.1898986801+5.9212745350e-06j 3.1949628836-7.4289852173e-06j
  3.2813094612-2.3354482297e-05j 3.5029606077-5.9742558122e-05j 4.6468006793-1.0862889425e-03j 3.4670297994-1.3642898171e+00j 3.1145819202-1.3643321955e+00j 2.9030184532-1.3643461631e+00j 2.7495311419-1.3643532932e+00j
  2.6286778306-1.3643576928e+00j 2.5290814238-1.3643607150e+00j 2.4446071807-1.3643629406e+00j]
 [1.6569857112+1.3643569262e+00j 1.7724942281+1.3643561510e+00j 1.8934309952+1.3643550473e+00j 2.0220870929+1.3643534770e+00j 2.1617932567+1.3643512102e+00j 2.3177343492+1.3643478131e+00j 2.4988799909+1.3643423380e+00j
  2.7234697144+1.3643322187e+00j 3.040807453 +1.3643071263e+00j 3.7392667262+1.3641250075e+00j 3.4781152113+9.3812489359e-05j 3.1767395979+2.8084116590e-05j 3.0742834561+9.4073625782e-06j 3.0529493746-1.5734460817e-06j
  3.0910967252-1.1717455113e-05j 3.197569338 -2.6127246564e-05j 3.432745719 -6.1679077074e-05j 4.5862864133-1.0877151908e-03j 3.4137998412-1.3642909090e+00j 3.0670112089-1.3643330563e+00j 2.8599609548-1.3643468575e+00j
  2.7101478627-1.3643538637e+00j 2.5923356609-1.3643581685e+00j 2.4952904446-1.3643611164e+00j]
 [1.5866492386+1.3643564638e+00j 1.7045411527+1.3643557979e+00j 1.8272089261+1.3643548073e+00j 1.9569349412+1.3643533504e+00j 2.0970457821+1.3643511986e+00j 2.2527073047+1.3643479218e+00j 2.4328427314+1.3643425780e+00j
  2.6556050188+1.3643326091e+00j 2.970153082 +1.3643076985e+00j 3.6646265072+1.3641258118e+00j 3.3979150972+9.4930936671e-05j 3.088777333 +2.9655911021e-05j 2.9752549162+1.1684515632e-05j 2.9374519741+1.9118633612e-06j
  2.9492048793-5.8624645028e-06j 3.0074809424-1.4490596846e-05j 3.1274806049-2.8064016566e-05j 3.3723587898-6.3105484085e-05j 4.5331845134-1.0888071780e-03j 3.3663575846-1.3642917699e+00j 3.0240823408-1.3643337508e+00j
  2.8207063422-1.3643474280e+00j 2.6739343204-1.3643543394e+00j 2.5586732448-1.3643585700e+00j]
 [1.5121976607+1.3643558292e+00j 1.6334584102+1.3643552813e+00j 1.758772233 +1.3643544173e+00j 1.8904097788+1.3643530848e+00j 2.0317163194+1.3643510541e+00j 2.1878712082+1.3643478974e+00j 2.3677902251+1.3643426775e+00j
  2.5895876347+1.3643328425e+00j 2.9023409949+1.3643080841e+00j 3.5940484624+1.3641263805e+00j 3.3233684102+9.5732724167e-05j 3.0086832142+3.0772551082e-05j 2.8874076329+1.3255011796e-05j 2.8385448414+4.1880937412e-06j
  2.83383342  -2.3778001445e-06j 2.865718174 -8.6360463980e-06j 2.9375233934-1.6427656436e-05j 3.0672262128-2.9490603570e-05j 3.3193902353-6.4197572800e-05j 4.4858760254-1.0896681078e-03j 3.3235626456-1.3642924643e+00j
  2.9849616501-1.3643343213e+00j 2.7846266207-1.3643479037e+00j 2.6404055883-1.3643547408e+00j]
 [1.4321582749+1.3643550012e+00j 1.5579477245+1.3643545677e+00j 1.6870074537+1.3643538484e+00j 1.821542688 +1.3643526595e+00j 1.9649316799+1.3643507643e+00j 2.1224001546+1.3643477361e+00j 2.3028948967+1.3643426414e+00j
  2.5245340345+1.3643329337e+00j 2.8363638812+1.3643083115e+00j 3.5263062331+1.3641267619e+00j 3.2528814429+9.6298381810e-05j 2.9342428192+3.1572143382e-05j 2.8074306757+1.4370088734e-05j 2.7508224259+5.7574881330e-06j
  2.7350565485-1.0233383055e-07j 2.7504806761-5.1518988660e-06j 2.7958970483-1.0573442392e-05j 2.8774069857-1.7854449207e-05j 3.0143965558-3.0582804827e-05j 3.2722211003-6.5058550271e-05j 4.4432205822-1.0903625562e-03j
  3.2845813917-1.3642930348e+00j 2.9490211908-1.3643347969e+00j 2.7512369271-1.3643483051e+00j]
 [1.3448002572+1.3643540114e+00j 1.4763600533+1.3643536186e+00j 1.6105155655+1.3643530578e+00j 1.749161098 +1.3643520405e+00j 1.895687493 +1.3643503057e+00j 2.0553993227+1.3643474238e+00j 2.237317484 +1.3643424646e+00j
  2.4596083465+1.3643328868e+00j 2.7713330673+1.3643083952e+00j 3.4603893518+1.3641269839e+00j 3.1852259494+9.6675935163e-05j 2.86386137  +3.2135106470e-05j 2.7331090779+1.5167781216e-05j 2.6709735912+6.8712381221e-06j
  2.6474687246+1.4661483461e-06j 2.6518427954-2.8770440398e-06j 2.6808014403-7.0896886743e-06j 2.7359243465-1.2000472395e-05j 2.8247220756-1.8946776456e-05j 2.9673726632-3.1443830995e-05j 3.229711022 -6.5752995675e-05j
  4.4043845739-1.0909329963e-03j 3.2487859166-1.3642935104e+00j 2.915776155 -1.3643351982e+00j]
 [1.2488198229+1.3643532367e+00j 1.3866383571+1.3643524295e+00j 1.5274724335+1.3643519890e+00j 1.6717683666+1.3643511755e+00j 1.8227550425+1.3643496390e+00j 1.9858312514+1.3643469338e+00j 2.1701433098+1.3643421312e+00j
  2.3939592594+1.3643326956e+00j 2.7064053428+1.3643083384e+00j 3.3954047012+1.3641270607e+00j 3.1193888235+9.6893187931e-05j 2.7963091186+3.2509312323e-05j 2.6628472791+1.5728410422e-05j 2.5967830446+7.6673169432e-06j
  2.567758773 +2.5787995146e-06j 2.5643991305-1.3092914909e-06j 2.5823111614-4.8152987887e-06j 2.6209784712-8.5169947174e-06j 2.6833903677-1.3092942284e-05j 2.7778496601-1.9807852884e-05j 2.9250141622-3.2138264863e-05j
  3.1910264008-6.6323385442e-05j 4.3687401225-1.0914085087e-03j 3.2156914575-1.3642939116e+00j]
 [1.1494805689+1.3643559566e+00j 1.2868029243+1.3643512908e+00j 1.4354895064+1.3643505989e+00j 1.5873679774+1.3643499893e+00j 1.7445438773+1.3643487024e+00j 1.9124143449+1.3643462219e+00j 2.1003043091+1.3643416120e+00j
  2.32665406  +1.3643323429e+00j 2.6407186633+1.3643081341e+00j 3.3305026843+1.3641269950e+00j 3.0544731965+9.6963835623e-05j 2.7305708275+3.2722348314e-05j 2.595414405 +1.6099713828e-05j 2.526654724 +8.2259621995e-06j
  2.4937112858+3.3735414349e-06j 2.4848386272-1.9751913778e-07j 2.4950210717-3.2481002763e-06j 2.5226442918-6.2429292590e-06j 2.5686019874-9.6096281043e-06j 2.6366760571-1.3954071334e-05j 2.7356493397-2.0502265322e-05j
  2.8864874488-3.2708586482e-05j 3.1555393743-6.6798803436e-05j 4.3358024996-1.0918096733e-03j]]

Electrical np.log10(elall)   :
[[ 2.1642625266e+00+1.7450988500e-05j  2.0969873932e+00+6.9131932638e-06j  2.0747489219e+00+1.1355383143e-06j  2.0807138715e+00-3.0404366873e-06j  2.1095599658e+00-6.8576566290e-06j  2.1617089860e+00-1.1172559203e-05j
   2.2430844984e+00-1.7130441955e-05j  2.3696997329e+00-2.7392619622e-05j  2.5890112997e+00-5.2327818825e-05j  3.1876735401e+00-2.3399635145e-04j  2.8232342127e+00-1.3642644476e+00j  2.4135830536e+00-1.3643292668e+00j
   2.2005069808e+00-1.3643491559e+00j  1.9189619463e+00+1.3642963229e+00j  1.8802375990e+00-1.3643589364e+00j  1.7814531187e+00-1.3643601897e+00j  1.6918708209e+00-1.3643617697e+00j  1.6105614996e+00-1.3643630178e+00j
   1.5356259171e+00-1.3643639650e+00j  1.4654962734e+00-1.3643646742e+00j  1.3989307842e+00-1.3643651929e+00j  1.3349168252e+00-1.3643655527e+00j  1.2725884296e+00-1.3643657729e+00j  1.2111621838e+00-1.3643658627e+00j]
 [ 2.3795270500e+00+4.6078358788e-05j  2.2148223394e+00+1.6563345736e-05j  2.1534401758e+00+5.7637618043e-06j  2.1389750407e+00-4.0598559222e-07j  2.1555808335e+00-5.1940193021e-06j  2.1997269955e+00-1.0045375242e-05j
   2.2755406915e+00-1.6326258599e-05j  2.3981064646e+00-2.6794320045e-05j  2.6143454867e+00-5.1863291428e-05j  3.2105525174e+00-2.3361028179e-04j  2.8439252039e+00-1.3642640665e+00j  2.4315895379e+00-1.3643286485e+00j
   2.2103934075e+00-1.3643458597e+00j  2.0648520563e+00-1.3643577970e+00j  1.7737959188e+00+1.3642489076e+00j  1.7863983244e+00-1.3643623157e+00j  1.7028120059e+00-1.3643622406e+00j  1.6232174585e+00-1.3643631992e+00j
   1.5490583818e+00-1.3643640653e+00j  1.4794318264e+00-1.3643647517e+00j  1.4133107137e+00-1.3643652702e+00j  1.3497765519e+00-1.3643656414e+00j  1.2880182294e+00-1.3643658808e+00j  1.2272952462e+00-1.3643659970e+00j]
 [ 3.2163964398e+00+5.0344058969e-04j  2.4304327011e+00+4.5164257941e-05j  2.2716843109e+00+1.5412449486e-05j  2.2180634627e+00+4.2264904943e-06j  2.2142098110e+00-2.5541023012e-06j  2.2460832392e+00-8.3761516888e-06j
   2.3138613212e+00-1.5193390522e-05j  2.4308307178e+00-2.5983853746e-05j  2.6429794364e+00-5.1257029442e-05j  3.2360575168e+00-2.3313384038e-04j  2.8668820192e+00-1.3642636590e+00j  2.4521713615e+00-1.3643282199e+00j
   2.2277970322e+00-1.3643450955e+00j  2.0718750140e+00-1.3643535522e+00j  1.9623210788e+00-1.3643632295e+00j  1.6442975682e+00+1.3641932579e+00j  1.7058525576e+00-1.3643648899e+00j  1.6337164737e+00-1.3643637855e+00j
   1.5617001703e+00-1.3643642934e+00j  1.4930525170e+00-1.3643648783e+00j  1.4275628478e+00-1.3643653666e+00j  1.3645743192e+00-1.3643657350e+00j  1.3033897932e+00-1.3643659856e+00j  1.2433347781e+00-1.3643661225e+00j]
 [ 2.3547261716e+00+1.3642689068e+00j  3.2670255536e+00+5.0206236906e-04j  2.4876386340e+00+4.3986548271e-05j  2.3367169176e+00+1.3873410019e-05j  2.2936970241e+00+2.0824141905e-06j  2.3050826883e+00-5.7309173783e-06j
   2.3605563384e+00-1.3518686309e-05j  2.4694578831e+00-2.4845374418e-05j  2.6759759995e+00-5.0440321233e-05j  3.2649230587e+00-2.3251961466e-04j  2.8925620080e+00-1.3642631706e+00j  2.4752093880e+00-1.3643277909e+00j
   2.2482709484e+00-1.3643446188e+00j  2.0886719009e+00-1.3643526408e+00j  1.9664738026e+00-1.3643580414e+00j  1.8799665061e+00-1.3643671440e+00j  1.5227665396e+00+1.3641249339e+00j  1.6347615569e+00-1.3643669874e+00j
   1.5717410090e+00-1.3643650004e+00j  1.5056839311e+00-1.3643651552e+00j  1.4413856733e+00-1.3643655209e+00j  1.3791645942e+00-1.3643658515e+00j  1.3186343722e+00-1.3643660969e+00j  1.2592554614e+00-1.3643662451e+00j]
 [ 2.0631533297e+00-1.3643384619e+00j  2.4041870238e+00+1.3642672296e+00j  3.3239574137e+00+5.0042900377e-04j  2.5530135725e+00+4.2420330680e-05j  2.4127601899e+00+1.1727263274e-05j  2.3849705671e+00-1.0905712261e-06j
   2.4199291676e+00-1.0868282631e-05j  2.5164953150e+00-2.3165295166e-05j  2.7149138612e+00-4.9296303960e-05j  3.2981964293e+00-2.3169670590e-04j  2.9216637640e+00-1.3642625484e+00j  2.5010687803e+00-1.3643272904e+00j
   2.2713937604e+00-1.3643441680e+00j  2.1090392718e+00-1.3643521155e+00j  1.9826599062e+00-1.3643569815e+00j  1.8812411557e+00-1.3643610178e+00j  1.8111955229e+00-1.3643702202e+00j  1.4038178785e+00+1.3640376285e+00j
   1.5706919413e+00-1.3643687870e+00j  1.5152493466e+00-1.3643659887e+00j  1.4540109103e+00-1.3643658490e+00j  1.3932047735e+00-1.3643660352e+00j  1.3335864514e+00-1.3643662349e+00j  1.2749788185e+00-1.3643663755e+00j]
 [ 1.3768022704e+00+3.9830849026e-05j  2.0959809277e+00-1.3643472870e+00j  2.4599101871e+00+1.3642652781e+00j  3.3890605418e+00+4.9841516832e-04j  2.6293977860e+00+4.0246631390e-05j  2.5044440899e+00+8.5519056048e-06j
   2.5002198365e+00-6.2243166427e-06j  2.5762446792e+00-2.0509869850e-05j  2.7622975961e+00-4.7610955726e-05j  3.3374493991e+00-2.3054722476e-04j  2.9552186951e+00-1.3642617193e+00j  2.5304116288e+00-1.3643266602e+00j
   2.2974372173e+00-1.3643436553e+00j  2.1322506539e+00-1.3643516426e+00j  2.0029222003e+00-1.3643564070e+00j  1.8968122538e+00-1.3643598079e+00j  1.8095831433e+00-1.3643631606e+00j  1.7521902837e+00-1.3643727844e+00j
   1.2827189344e+00+1.3639210408e+00j  1.5119986137e+00-1.3643703954e+00j  1.4630822725e+00-1.3643668153e+00j  1.4058284790e+00-1.3643664170e+00j  1.3478606747e+00-1.3643664496e+00j  1.2903187446e+00-1.3643665367e+00j]
 [ 4.1567955396e+00+1.3272535597e+00j  1.3531999409e+00+6.5497981967e-05j  2.1341655607e+00-1.3643571287e+00j  2.5237638508e+00+1.3642629269e+00j  3.4651750128e+00+4.9580148247e-04j  2.7214214682e+00+3.7043336693e-05j
   2.6201046133e+00+3.4154860046e-06j  2.6569405111e+00-1.5862493446e-05j  2.8224268983e+00-4.4950656728e-05j  3.3851835764e+00-2.2885671443e-04j  2.9947914416e+00-1.3642605645e+00j  2.5642531366e+00-1.3643258250e+00j
   2.3270263028e+00-1.3643430172e+00j  2.1584830940e+00-1.3643511177e+00j  2.0262261570e+00-1.3643559118e+00j  1.9169710504e+00-1.3643591835e+00j  1.8245348259e+00-1.3643617991e+00j  1.7476807627e+00-1.3643647956e+00j
   1.7005403110e+00-1.3643750128e+00j  1.1541932664e+00+1.3637564583e+00j  1.4575124111e+00-1.3643718808e+00j  1.4143856102e+00-1.3643675231e+00j  1.3604879977e+00-1.3643668881e+00j  1.3048453618e+00-1.3643667842e+00j]
 [ 1.3103955418e+00+1.3642279453e+00j  4.2061829780e+00+1.3272571984e+00j  1.3199614527e+00+1.0343807668e-04j  2.1794742188e+00-1.3643682322e+00j  2.5985877008e+00+1.3642599562e+00j  3.5569308330e+00+4.9216544450e-04j
   2.8374208388e+00+3.1878585167e-05j  2.7772376855e+00-6.2256676111e-06j  2.9035305138e+00-4.0300079438e-05j  3.4456964693e+00-2.2619169038e-04j  3.0428804563e+00-1.3642588689e+00j  2.6041505920e+00-1.3643246648e+00j
   2.3611596756e+00-1.3643421760e+00j  2.1883238374e+00-1.3643504716e+00j  2.0526527675e+00-1.3643553746e+00j  1.9403718167e+00-1.3643586657e+00j  1.8445918207e+00-1.3643611243e+00j  1.7620084212e+00-1.3643632810e+00j
   1.6931223328e+00-1.3643660988e+00j  1.6546256849e+00+1.3643756986e+00j  1.0108389010e+00+1.3635054811e+00j  1.4063679076e+00-1.3643732903e+00j  1.3685089824e+00-1.3643681413e+00j  1.3174820175e+00-1.3643672824e+00j]
 [ 2.2947500492e-01+6.6301696341e-04j  1.3864596450e+00+1.3642342558e+00j  4.2619019273e+00+1.3272606262e+00j  1.2703144865e+00+1.6506854562e-04j  2.2346290615e+00+1.3643717445e+00j  2.6890112973e+00+1.3642559435e+00j
   3.6726640409e+00+4.8657482226e-04j  2.9948920414e+00+2.2208693951e-05j  3.0242414727e+00-3.0666534307e-05j  3.5272107369e+00-2.2153812234e-04j  3.1037808453e+00-1.3642561993e+00j  2.6525990997e+00-1.3643229643e+00j
   2.4013870432e+00-1.3643410105e+00j  2.2227546448e+00-1.3643496243e+00j  2.0827508775e+00-1.3643547205e+00j  1.9669980658e+00-1.3643581161e+00j  1.8680938733e+00-1.3643605836e+00j  1.7819654317e+00-1.3643625550e+00j
   1.7068211477e+00-1.3643644294e+00j  1.6442866793e+00-1.3643671734e+00j  1.6133050029e+00+1.3643738694e+00j  8.3968987051e-01+1.3630744451e+00j  1.3579019555e+00-1.3643746580e+00j  1.3249429827e+00-1.3643686910e+00j]
 [ 1.1133595324e+00+5.0195310941e-05j -1.5394765741e-01+1.8301724865e-03j  1.4676005041e+00+1.3642395607e+00j  4.3258198416e+00+1.3272637198e+00j  1.1887649369e+00+2.8216001335e-04j  2.3041220353e+00+1.3643567823e+00j
   2.8033701767e+00+1.3642499561e+00j  3.8298706051e+00+4.7648557817e-04j  3.2422334544e+00-2.2613271599e-06j  3.6483371080e+00-2.1190816363e-04j  3.1857088813e+00-1.3642515429e+00j  2.7138911459e+00-1.3643202903e+00j
   2.4501999659e+00-1.3643393052e+00j  2.2633174071e+00-1.3643484538e+00j  2.1174849811e+00-1.3643538673e+00j  1.9973595510e+00-1.3643574541e+00j  1.8949255236e+00-1.3643600215e+00j  1.8055735012e+00-1.3643619912e+00j
   1.7266801193e+00-1.3643636514e+00j  1.6573516073e+00-1.3643653473e+00j  1.6000310914e+00-1.3643680840e+00j  1.5757435480e+00+1.3643721643e+00j  6.1126431341e-01+1.3621585531e+00j  1.3115905895e+00-1.3643760101e+00j]
 [ 1.3238118002e+00+2.0511088829e-05j  1.1301501256e+00+5.4495052946e-05j -2.3417905854e-01+1.3618216603e+00j  1.5558154828e+00+1.3642438443e+00j  4.4007757781e+00+1.3272662617e+00j  1.0280970889e+00+5.8799753181e-04j
   2.3961260737e+00+1.3643384306e+00j  2.9591597485e+00+1.3642394497e+00j  4.0769487343e+00+4.5160238224e-04j  3.8666664179e+00-1.8353253924e-04j  3.3072525307e+00-1.3642419169e+00j  2.7962363156e+00-1.3643156314e+00j
   2.5118880898e+00-1.3643366269e+00j  2.3124999395e+00-1.3643467437e+00j  2.1583889085e+00-1.3643526916e+00j  2.0324031153e+00-1.3643565949e+00j  1.9255567057e+00-1.3643593515e+00j  1.8326166241e+00-1.3643614165e+00j
   1.7503992040e+00-1.3643630642e+00j  1.6771146203e+00-1.3643645166e+00j  1.6124568511e+00-1.3643660994e+00j  1.5595194841e+00-1.3643688733e+00j  1.5413122597e+00+1.3643705538e+00j  2.1941367501e-01+1.3588772206e+00j]
 [ 1.4438468991e+00+1.1011543876e-05j  1.3552513246e+00+2.1061916908e-05j  1.1500915978e+00+5.9507728798e-05j  3.6103802015e-01+1.3636071751e+00j  1.6540548767e+00+1.3642469763e+00j  4.4913987725e+00+1.3272678314e+00j
   4.5743218566e-01+3.2884558437e-03j  2.5279425095e+00+1.3643138586e+00j  3.2047776050e+00+1.3642141287e+00j  4.7011196038e+00+2.6992384754e-04j  3.5259190737e+00-1.3642135713e+00j  2.9181993463e+00-1.3643060095e+00j
   2.5946540088e+00-1.3643319656e+00j  2.3745888253e+00-1.3643440613e+00j  2.2079465247e+00-1.3643509770e+00j  2.0736542755e+00-1.3643554143e+00j  1.9609162102e+00-1.3643584864e+00j  1.8635241523e+00-1.3643607385e+00j
   1.7776601949e+00-1.3643624768e+00j  1.7009500002e+00-1.3643639057e+00j  1.6321261278e+00-1.3643652152e+00j  1.5713005413e+00-1.3643667281e+00j  1.5221213647e+00-1.3643695703e+00j  1.5095251480e+00+1.3643690168e+00j]
 [ 1.5300779991e+00+6.7600827525e-06j  1.4806315076e+00+1.0784659429e-05j  1.3919319090e+00+2.1503922035e-05j  1.1744218177e+00+6.5411486509e-05j  6.7028853451e-01+1.3639156458e+00j  1.7670437098e+00+1.3642486072e+00j
   4.6060239373e+00+1.3272674988e+00j  1.0751992563e+00+1.3630678919e+00j  2.7477346612e+00+1.3642724024e+00j  3.8274442473e+00+1.3640319913e+00j  4.3601111953e+00-1.3637605167e+00j  3.1372032254e+00-1.3642776944e+00j
   2.7170387593e+00-1.3643223483e+00j  2.4577793615e+00-1.3643393979e+00j  2.2704411251e+00-1.3643482906e+00j  2.1235927371e+00-1.3643536951e+00j  2.0025209789e+00-1.3643573009e+00j  1.8992064043e+00-1.3643598676e+00j
   1.8088510610e+00-1.3643617908e+00j  1.7284355957e+00-1.3643633055e+00j  1.6560833805e+00-1.3643645802e+00j  1.5908784540e+00-1.3643657896e+00j  1.5332519157e+00-1.3643672625e+00j  1.4873492414e+00-1.3643701958e+00j]
 [ 1.6009521894e+00+4.7964067932e-06j  1.5696732513e+00+6.2409979507e-06j  1.5231187364e+00+1.0347698815e-05j  1.4356019592e+00+2.1738320505e-05j  1.2051434792e+00+7.2430147674e-05j  9.1397490164e-01+1.3640414674e+00j
   1.9032005062e+00+1.3642478657e+00j  4.7621463563e+00+1.3272627218e+00j  1.6947057118e+00+1.3637226491e+00j  3.3424365954e+00+1.3640715784e+00j  3.4848869242e+00+1.0703152039e-06j  3.9711351565e+00-1.3638250363e+00j
   2.9363802723e+00-1.3642940641e+00j  2.5805884054e+00-1.3643297854e+00j  2.3540604012e+00-1.3643436253e+00j  2.1864982787e+00-1.3643510050e+00j  2.0528463427e+00-1.3643555774e+00j  1.9411714759e+00-1.3643586773e+00j
   1.8448632099e+00-1.3643609142e+00j  1.7599171507e+00-1.3643626115e+00j  1.6838006762e+00-1.3643639671e+00j  1.6149634716e+00-1.3643651301e+00j  1.5527409953e+00-1.3643662687e+00j  1.4978231954e+00-1.3643677231e+00j]
 [ 1.6671252300e+00+4.9050089033e-06j  1.6422414534e+00+4.1208388927e-06j  1.6151455376e+00+5.4828002900e-06j  1.5731261719e+00+9.5825309195e-06j  1.4889607477e+00+2.1578441093e-05j  1.2457407734e+00+8.0815194811e-05j
   1.1428943842e+00+1.3641069566e+00j  2.0800932970e+00+1.3642422585e+00j  5.0081633929e+00+1.3272432071e+00j  2.5177420161e+00+1.3637251165e+00j  2.9694202064e+00+1.8777305113e-05j  3.0943164903e+00-6.3951752030e-05j
   3.7700527343e+00-1.3638417976e+00j  2.8002680413e+00-1.3643015326e+00j  2.4772965468e+00-1.3643340179e+00j  2.2705506750e+00-1.3643463380e+00j  2.1161683322e+00-1.3643528837e+00j  1.9918901036e+00-1.3643569496e+00j
   1.8871956101e+00-1.3643597192e+00j  1.7962667030e+00-1.3643617292e+00j  1.7155806484e+00-1.3643632652e+00j  1.6429199419e+00-1.3643645041e+00j  1.5769600029e+00-1.3643655845e+00j  1.5172261411e+00-1.3643666731e+00j]
 [ 1.7564709003e+00+1.9036719328e-05j  1.7092790167e+00+4.0551797408e-06j  1.6894825933e+00+3.1930748456e-06j  1.6683337212e+00+4.3632924286e-06j  1.6334365206e+00+8.2781094526e-06j  1.5564717238e+00+2.0642608595e-05j
   1.3029223728e+00+9.0712072851e-05j  1.3905273945e+00+1.3641418731e+00j  2.3461836154e+00+1.3642215332e+00j  5.6312954141e+00+1.3270669554e+00j  2.3136720810e+00-2.1943586754e-04j  2.5454480048e+00-7.2194775243e-05j
   2.8915933386e+00-8.1237918506e-05j  3.6336816068e+00-1.3638496531e+00j  2.6973149833e+00-1.3643057971e+00j  2.3942169658e+00-1.3643367361e+00j  2.2006584902e+00-1.3643482152e+00j  2.0556343340e+00-1.3643542524e+00j
   1.9383141773e+00-1.3643579874e+00j  1.8389738014e+00-1.3643605296e+00j  1.7522754838e+00-1.3643623772e+00j  1.6750064560e+00-1.3643637942e+00j  1.6051635223e+00-1.3643649453e+00j  1.5415857168e+00-1.3643659638e+00j]
 [ 1.5613007057e+00+6.0707978394e-05j  1.7968517236e+00+1.6952155120e-05j  1.7574006059e+00+2.9422816416e-06j  1.7445234441e+00+1.8895202124e-06j  1.7320450605e+00+2.6665771351e-06j  1.7086148528e+00+6.0216687462e-06j
   1.6462718955e+00+1.8050270810e-05j  1.3917606442e+00+1.0141386681e-04j  1.7130455729e+00+1.3641481013e+00j  2.9887485819e+00+1.3640437246e+00j  5.2892696282e+00-3.6957997863e-02j  2.0295106269e+00-2.3416574161e-04j
   2.3058034752e+00-1.2072765255e-04j  2.7535342303e+00-8.9641237790e-05j  3.5304700791e+00-1.3638543001e+00j  2.6145750666e+00-1.3643085477e+00j  2.3247582053e+00-1.3643386192e+00j  2.1405671605e+00-1.3643495827e+00j
   2.0024867357e+00-1.3643552868e+00j  1.8904993087e+00-1.3643587938e+00j  1.7953650081e+00-1.3643611732e+00j  1.7120548453e+00-1.3643629007e+00j  1.6375651203e+00-1.3643642275e+00j  1.5700445827e+00-1.3643653113e+00j]
 [ 1.1246422961e+00-1.0221066671e-03j  1.6322466803e+00+5.1089210716e-05j  1.8430912630e+00+1.4547680259e-05j  1.8133413784e+00+1.4418217884e-06j  1.8101813418e+00-7.3441644850e-09j  1.8108731331e+00-2.5938284248e-08j
   1.8069233080e+00+1.8924507057e-06j  1.7756166670e+00+1.1323842051e-05j  1.5568111130e+00+1.0603423927e-04j  2.4020422305e+00+1.3639892543e+00j  2.6655658492e+00+1.6897276111e-05j  4.8992969425e+00-3.7016967654e-02j
   1.9135406112e+00-2.1837748397e-04j  2.1265435240e+00-1.6744675894e-04j  2.6485864893e+00-9.4859686823e-05j  3.4474719765e+00-1.3638574291e+00j  2.5454570185e+00-1.3643104637e+00j  2.2651038160e+00-1.3643399928e+00j
   2.0878674070e+00-1.3643506162e+00j  1.9551065837e+00-1.3643560902e+00j  1.8473047925e+00-1.3643594336e+00j  1.7555348962e+00-1.3643616922e+00j  1.6749757439e+00-1.3643633285e+00j  1.6027702463e+00-1.3643645856e+00j]
 [ 2.0719682728e+00-9.1359519341e-06j  1.3305773523e+00-6.2947422012e-04j  1.7080164818e+00+4.1972340001e-05j  1.8970322988e+00+1.1692452264e-05j  1.8799225225e+00-6.6474037457e-07j  1.8910612467e+00-2.9180017788e-06j
   1.9131133978e+00-4.6420641782e-06j  1.9457732597e+00-6.6399350147e-06j  1.9926096940e+00-9.7450402457e-06j  2.0786497113e+00-3.0308162036e-05j  2.1179501502e+00-2.3686684423e-05j  2.2938913683e+00-4.4239220369e-05j
   4.6972378943e+00-3.7028114299e-02j  1.8489592180e+00-2.0325374510e-04j  1.9750861249e+00-2.2070896799e-04j  2.5638028932e+00-9.8584372529e-05j  3.3780958858e+00-1.3638597195e+00j  2.4861445722e+00-1.3643118708e+00j
   2.2128447578e+00-1.3643410328e+00j  2.0409405510e+00-1.3643514188e+00j  1.9123534829e+00-1.3643567270e+00j  1.8078966429e+00-1.3643599490e+00j  1.7188548114e+00-1.3643621158e+00j  1.6405522148e+00-1.3643636812e+00j]
 [ 2.4047837372e+00+3.2691846722e-04j  2.1017323977e+00-8.4952799683e-06j  1.4978636187e+00-4.2483300638e-04j  1.7906429289e+00+3.3108577236e-05j  1.9614862238e+00+8.1607670117e-06j  1.9617532165e+00-3.7990522705e-06j
   1.9954715479e+00-7.7724775465e-06j  2.0562164463e+00-1.3720796356e-05j  2.1734654546e+00-2.9854427789e-05j  2.5841061110e+00-1.8704163541e-04j  1.6019254488e+00-1.3639818099e+00j  1.7797713691e+00-7.4342641862e-05j
   2.1096260714e+00-5.7824238624e-05j  4.5599094819e+00-3.7030288098e-02j  1.8079292394e+00-1.9078466376e-04j  1.8370405597e+00-2.8638409016e-04j  2.4925909121e+00-1.0149542723e-04j  3.3185254018e+00-1.3638614975e+00j
   2.4342288690e+00-1.3643129448e+00j  2.1663625926e+00-1.3643418423e+00j  1.9986464778e+00-1.3643520551e+00j  1.8733937672e+00-1.3643572397e+00j  1.7716465676e+00-1.3643603691e+00j  1.6848391957e+00-1.3643624644e+00j]
 [ 1.9553276060e+00+3.4011119980e-05j  2.4236144378e+00+3.1527930262e-04j  2.1370902026e+00-8.0522588365e-06j  1.6478722178e+00-2.9971985588e-04j  1.8831043410e+00+2.4179907201e-05j  2.0410510337e+00+3.5228506816e-06j
   2.0671465023e+00-8.8924688672e-06j  2.1408776109e+00-1.7112374536e-05j  2.2885295382e+00-3.7551669854e-05j  2.7771079872e+00-2.0973252328e-04j  2.2073711557e+00-1.3642123739e+00j  1.0118515656e+00-1.3638735587e+00j
   1.6246138374e+00-7.9830764115e-05j  1.9896233270e+00-6.2690180532e-05j  4.4557593580e+00-3.7029184186e-02j  1.7798584715e+00-1.8064966252e-04j  1.7036997401e+00-3.7211738900e-04j  2.4311329532e+00-1.0391959582e-04j
   3.2663515290e+00-1.3638629390e+00j  2.3880916513e+00-1.3643137889e+00j  2.1245174489e+00-1.3643424859e+00j  1.9601518078e+00-1.3643525676e+00j  1.8375994737e+00-1.3643576573e+00j  1.7380693841e+00-1.3643607143e+00j]
 [ 2.1333834795e+00+1.9541926223e-05j  2.0113561672e+00+3.0188926438e-05j  2.4460700576e+00+3.0141740298e-04j  2.1798303560e+00-7.9217797164e-06j  1.7924983567e+00-2.1597041302e-04j  1.9901480565e+00+1.4684048215e-05j
   2.1440269674e+00-3.1619223165e-06j  2.2135729164e+00-1.8488118074e-05j  2.3756436764e+00-4.1230314987e-05j  2.8972163863e+00-2.1812935617e-04j  2.4142966116e+00-1.3642382165e+00j  1.7790196173e+00-1.3642708361e+00j
   4.1804070287e-01-1.3632060738e+00j  1.5301982778e+00-7.8324304138e-05j  1.9023636585e+00-6.4516866965e-05j  4.3718407222e+00-3.7026490740e-02j  1.7597416379e+00-1.7234278679e-04j  1.5679671527e+00-4.9077385409e-04j
   2.3770187593e+00-1.0603365558e-04j  3.2199558750e+00-1.3638641474e+00j  2.3465932275e+00-1.3643144676e+00j  2.0864761935e+00-1.3643430059e+00j  1.9248288714e+00-1.3643529852e+00j  1.8044857604e+00-1.3643580003e+00j]
 [ 2.3208469115e+00+3.1494994599e-05j  2.1834753489e+00+1.8250207579e-05j  2.0738812973e+00+2.6127045425e-05j  2.4735228763e+00+2.8465784218e-04j  2.2327017961e+00-8.3107873688e-06j  1.9413218126e+00-1.5698606834e-04j
   2.1202104649e+00+3.6235118285e-06j  2.2878698541e+00-1.4447317364e-05j  2.4494024880e+00-4.2880376790e-05j  2.9869530990e+00-2.2212464895e-04j  2.5399398484e+00-1.3642474127e+00j  2.0020870187e+00-1.3643005931e+00j
   1.5341243178e+00-1.3642802678e+00j -3.1478960902e-02-2.3494598538e-03j  1.4656481228e+00-7.5060066050e-05j  1.8349300774e+00-6.4979351225e-05j  4.3015615598e+00-3.7022884861e-02j  1.7448820565e+00-1.6544598659e-04j
   1.4219384371e+00-6.6760873900e-04j  2.3286285994e+00-1.0794184685e-04j  3.1781986144e+00-1.3638651874e+00j  2.3089006440e+00-1.3643150235e+00j  2.0516114064e+00-1.3643434315e+00j  1.8921931273e+00-1.3643533285e+00j]
 [ 2.6627273874e+00+8.4772602790e-05j  2.3700623850e+00+3.0474106033e-05j  2.2399981770e+00+1.6683533819e-05j  2.1447605482e+00+2.1704034154e-05j  2.5081693756e+00+2.6400231128e-04j  2.3002297516e+00-9.6268116296e-06j
   2.1056812001e+00-1.1499372688e-04j  2.2908739524e+00-1.1599664857e-05j  2.5209327635e+00-4.0639991057e-05j  3.0618250973e+00-2.2406962262e-04j  2.6324916045e+00-1.3642517586e+00j  2.1338373734e+00-1.3643107095e+00j
   1.7761547288e+00-1.3643149866e+00j  1.3484310052e+00-1.3642790342e+00j  4.7711288031e-01-5.6827430366e-04j  1.4185351891e+00-7.1405145736e-05j  1.7807576975e+00-6.4743491344e-05j  4.2411048881e+00-3.7018690163e-02j
   1.7336906913e+00-1.5964460367e-04j  1.2536926806e+00-9.6124810645e-04j  2.2848212290e+00-1.0970983538e-04j  3.1402466612e+00-1.3638661018e+00j  2.2743866608e+00-1.3643154854e+00j  2.0194387998e+00-1.3643437832e+00j]
 [ 3.1511630467e+00+1.3640433219e+00j  2.7118930865e+00+8.3830935886e-05j  2.4256561529e+00+2.9183913654e-05j  2.3048175897e+00+1.4717284706e-05j  2.2268235547e+00+1.6703999627e-05j  2.5537835552e+00+2.3788678653e-04j
   2.3906288445e+00-1.2783862465e-05j  2.3050312600e+00-8.7621979365e-05j  2.5506116041e+00-4.1325795125e-05j  3.1303859344e+00-2.2375458642e-04j  2.7085338805e+00-1.3642540214e+00j  2.2294234521e+00-1.3643154454e+00j
   1.9146851785e+00-1.3643261713e+00j  1.6130938310e+00-1.3643202008e+00j  1.1888778490e+00-1.3642720628e+00j  6.4066318335e-01-3.2082601013e-04j  1.3826741949e+00-6.7805254247e-05j  1.7360543000e+00-6.4123269915e-05j
   4.1880611563e+00-3.7014080191e-02j  1.7251676360e+00-1.5470536208e-04j  1.0389585188e+00-1.5473468346e-03j  2.2447620591e+00-1.1138124132e-04j  3.1054726434e+00-1.3638669199e+00j  2.2425671703e+00-1.3643158741e+00j]
 [ 2.3904547121e+00+1.3643008182e+00j  3.2005699459e+00+1.3640424185e+00j  2.7674066949e+00+8.2622197721e-05j  2.4894948268e+00+2.7499556650e-05j  2.3807708923e+00+1.2132763043e-05j  2.3246904014e+00+1.0707553590e-05j
   2.6175275857e+00+2.0363647971e-04j  2.5212531288e+00-2.0303537901e-05j  2.5891187032e+00-8.2180403326e-05j  3.1867098294e+00-2.2759411906e-04j  2.7738996461e+00-1.3642557734e+00j  2.3067015722e+00-1.3643180518e+00j
   2.0135565253e+00-1.3643313430e+00j  1.7592028781e+00-1.3643326374e+00j  1.4810801360e+00-1.3643218696e+00j  1.0402932095e+00-1.3642597497e+00j  7.2912062152e-01-2.2300313517e-04j  1.3545730689e+00-6.4413241276e-05j
   1.6984330069e+00-6.3283991133e-05j  4.1408114375e+00-3.7009155830e-02j  1.7186511207e+00-1.5045430594e-04j  7.0308008914e-01-3.3041492028e-03j  2.2078221267e+00-1.1298635361e-04j  3.0733923225e+00-1.3638676623e+00j]
 [ 2.0860335036e+00+1.3643259509e+00j  2.4402704755e+00+1.3642999437e+00j  3.2563031018e+00+1.3640412488e+00j  2.8311352872e+00+8.1021516528e-05j  2.5644166724e+00+2.5202097374e-05j  2.4724854418e+00+8.5081291159e-06j
   2.4466877117e+00+2.7852254989e-06j  2.7152254630e+00+1.5590864233e-04j  2.7403333661e+00-4.2453179695e-05j  3.2461324186e+00-2.3875183536e-04j  2.8569537234e+00-1.3642624034e+00j  2.3686198912e+00-1.3643220319e+00j
   2.0921458202e+00-1.3643343219e+00j  1.8616481391e+00-1.3643382987e+00j  1.6357248869e+00-1.3643357891e+00j  1.3668306841e+00-1.3643215994e+00j  8.9260681636e-01-1.3642404190e+00j  7.8627698930e-01-1.7078953123e-04j
   1.3320859499e+00-6.1274069515e-05j  1.6662957088e+00-6.2319524817e-05j  4.0982153922e+00-3.7003979276e-02j  1.7136852308e+00-1.4676010409e-04j -1.4202325865e+00-7.0381085820e-01j  2.1735155098e+00-1.1454702644e-04j]
 [ 1.8666892905e+00+1.3643337073e+00j  2.1364106276e+00+1.3643251081e+00j  2.4963935633e+00+1.3642988029e+00j  3.3202300709e+00+1.3640396881e+00j  2.9059175636e+00+7.8809943222e-05j  2.6550499821e+00+2.1869456058e-05j
   2.5882947438e+00+2.9117926488e-06j  2.6103025307e+00-9.6045902338e-06j  2.8927759311e+00+7.9610553666e-05j  3.3348910816e+00-2.2119877099e-04j  2.9345181388e+00-1.3642480137e+00j  2.4786051577e+00-1.3643310983e+00j
   2.1503328453e+00-1.3643407149e+00j  1.9416352743e+00-1.3643416828e+00j  1.7420779808e+00-1.3643420039e+00j  1.5311717278e+00-1.3643372972e+00j  1.2633310311e+00-1.3643199557e+00j  7.3610620457e-01-1.3642096107e+00j
   8.2702266183e-01-1.3838395497e-04j  1.3138108788e+00-5.8390151575e-05j  1.6385212315e+00-6.1286111177e-05j  4.0594394387e+00-3.6998590536e-02j  1.7099454215e+00-1.4352220166e-04j  6.4306029252e-01-1.3606618237e+00j]
 [ 1.6739418920e+00+1.3643354072e+00j  1.9178238723e+00+1.3643329099e+00j  2.1930750216e+00+1.3643239984e+00j  2.5606921439e+00+1.3642972711e+00j  3.3951900051e+00+1.3640375172e+00j  2.9963822237e+00+7.5565386182e-05j
   2.7697291716e+00+1.6569803012e-05j  2.7456923437e+00-7.1996611707e-06j  2.8639246221e+00-3.6755099227e-05j  3.4334166363e+00-1.7622645183e-04j  2.9624134143e+00-1.3642484615e+00j  2.5720343575e+00-1.3642943847e+00j
   2.2875697184e+00-1.3643518648e+00j  1.9957698756e+00-1.3643507011e+00j  1.8235628815e+00-1.3643458304e+00j  1.6418214512e+00-1.3643441416e+00j  1.4387946130e+00-1.3643378165e+00j  1.1662232901e+00-1.3643171062e+00j
   5.5713333971e-01-1.3641560603e+00j  8.5800255484e-01-1.1633826014e-04j  1.2987882091e+00-5.5747156297e-05j  1.6142936834e+00-6.0218756063e-05j  4.0238557276e+00-3.6993016175e-02j  1.7071942875e+00-1.4066252120e-04j]
 [ 1.4796311594e+00+1.3643326546e+00j  1.7261489282e+00+1.3643346878e+00j  1.9752204225e+00+1.3643318440e+00j  2.2578956961e+00+1.3643224971e+00j  2.6360059456e+00+1.3642951292e+00j  3.4858120271e+00+1.3640343142e+00j
   3.1108640648e+00+7.0356003504e-05j  2.9259486724e+00+6.7594848828e-06j  2.9930741334e+00-3.2120957823e-05j  3.4947671784e+00-2.2066584999e-04j  2.9879351440e+00-1.3643224935e+00j  2.5398176286e+00-1.3643094989e+00j
   2.3949683414e+00-1.3642953817e+00j  2.1607043634e+00-1.3643635761e+00j  1.8732794444e+00-1.3643577202e+00j  1.7249196813e+00-1.3643484532e+00j  1.5541969699e+00-1.3643453829e+00j  1.3545895406e+00-1.3643376423e+00j
   1.0723897352e+00-1.3643130005e+00j  3.2803612400e-01-1.3640440433e+00j  8.8267335560e-01-1.0038074173e-04j  1.2863364594e+00-5.3324900119e-05j  1.5930015837e+00-5.9139831065e-05j  3.9909795597e+00-3.6987274159e-02j]
 [ 1.2540415396e+00+1.3643230160e+00j  1.5335152265e+00+1.3643320960e+00j  1.7845802684e+00+1.3643336964e+00j  2.0407492166e+00+1.3643303850e+00j  2.3337131726e+00+1.3643203851e+00j  2.7269646339e+00+1.3642919553e+00j
   3.6004313298e+00+1.3640291473e+00j  3.2668578745e+00+6.0638129314e-05j  3.1721052387e+00-1.7856461268e-05j  3.6176590726e+00-2.1385289718e-04j  3.1605506459e+00-1.3642533019e+00j  2.4597220675e+00+1.3641601895e+00j
   2.3025997085e+00-1.3643223943e+00j  2.2804759402e+00-1.3642893815e+00j  2.0664923019e+00-1.3643719474e+00j  1.7697990883e+00-1.3643635019e+00j  1.6390426966e+00-1.3643502288e+00j  1.4752837824e+00-1.3643460432e+00j
   1.2759214485e+00-1.3643369110e+00j  9.7925915699e-01-1.3643074055e+00j -4.1467861435e-02-1.3636742916e+00j  9.0302420120e-01-8.8300846124e-05j  1.2759570390e+00-5.1102078804e-05j  1.5741754153e+00-5.8063871764e-05j]
 [ 9.2853188274e-01+1.3642910359e+00j  1.3110547085e+00+1.3643228911e+00j  1.5935562010e+00+1.3643312565e+00j  1.8511083376e+00+1.3643323085e+00j  2.1172519618e+00+1.3643283140e+00j  2.4251578636e+00+1.3643172407e+00j
   2.8419039127e+00+1.3642868176e+00j  3.7565430704e+00+1.3640194727e+00j  3.5127607390e+00+3.6116787881e-05j  3.7954186695e+00-1.9927907149e-04j  3.2771730252e+00-1.3642443616e+00j  2.7784795674e+00-1.3643199791e+00j
   2.0500868462e+00+1.3636804024e+00j  2.1271162256e+00-1.3643258916e+00j  2.1972782216e+00-1.3642817229e+00j  1.9920184572e+00+1.3643740227e+00j  1.6786009099e+00-1.3643687742e+00j  1.5620335068e+00-1.3643514806e+00j
   1.4025512514e+00-1.3643462860e+00j  1.2008961384e+00-1.3643356745e+00j  8.8436807343e-01-1.3642998640e+00j -9.2750863804e-01-4.9261071802e-03j  9.2028562578e-01-7.8840969682e-05j  1.2672760406e+00-4.9058295314e-05j]
 [-1.4768266220e-01+1.3635866035e+00j  9.9400407290e-01+1.3642929678e+00j  1.3740675071e+00+1.3643224552e+00j  1.6616309143e+00+1.3643300126e+00j  1.9285768435e+00+1.3643303057e+00j  2.2093601846e+00+1.3643252092e+00j
   2.5405661777e+00+1.3643121320e+00j  2.9983194204e+00+1.3642771724e+00j  4.0025446796e+00+1.3639949956e+00j  4.1357927655e+00-1.4520906986e-04j  3.4536156445e+00-1.3642294747e+00j  2.8888256147e+00-1.3643089635e+00j
   2.5844085002e+00-1.3643388589e+00j  1.4910185471e+00+1.3616700967e+00j  1.9812215298e+00-1.3643255363e+00j  2.1326520637e+00-1.3642738209e+00j  1.9307191846e+00+1.3643682256e+00j  1.5957069371e+00-1.3643739238e+00j
   1.4913885528e+00-1.3643523819e+00j  1.3342380369e+00-1.3643461990e+00j  1.1280325168e+00-1.3643339294e+00j  7.8496742792e-01-1.3642895629e+00j -5.3031148981e-04-5.3642566009e-04j  9.3526175544e-01-7.1233432168e-05j]
 [ 7.7664439823e-01+7.4365991342e-05j  6.3341149565e-02+1.3638291859e+00j  1.0648460319e+00+1.3642943703e+00j  1.4449692107e+00+1.3643215874e+00j  1.7405871251e+00+1.3643281463e+00j  2.0216191770e+00+1.3643272664e+00j
   2.3254113402e+00+1.3643201390e+00j  2.6974344185e+00+1.3643025155e+00j  3.2446090407e+00+1.3642527249e+00j  4.6256565854e+00+1.3638137148e+00j  3.7936809196e+00-1.3641753058e+00j  3.0639065812e+00-1.3642937601e+00j
   2.6884761543e+00-1.3643258208e+00j  2.4551488313e+00-1.3643487928e+00j  1.2091370318e+00+5.3687262712e-03j  1.8511858707e+00-1.3643227985e+00j  2.0801906461e+00-1.3642661397e+00j  1.8788029205e+00+1.3643630303e+00j
   1.5185150558e+00+1.3643735038e+00j  1.4253796777e+00-1.3643530326e+00j  1.2690348095e+00-1.3643458275e+00j  1.0560682930e+00-1.3643316258e+00j  6.7750525809e-01-1.3642750229e+00j  2.4683698347e-01-2.8145945361e-04j]
 [ 1.0784324731e+00+2.9735241068e-05j  8.0207578134e-01+7.7980196411e-05j  2.3408519771e-01+1.3639536521e+00j  1.1430180391e+00+1.3642951542e+00j  1.5266187757e+00+1.3643200726e+00j  1.8350619553e+00+1.3643252365e+00j
   2.1385745337e+00+1.3643222590e+00j  2.4829027176e+00+1.3643105599e+00j  2.9441610977e+00+1.3642780963e+00j  3.8679936281e+00+1.3640714740e+00j  4.2836060511e+00-2.1633581777e-04j  3.4036358821e+00-1.3642394902e+00j
   2.8621515640e+00-1.3643102975e+00j  2.5529404750e+00-1.3643337853e+00j  2.3591429572e+00-1.3643554775e+00j  1.6744098653e+00+1.8825269338e-03j  1.7293539011e+00-1.3643180260e+00j  2.0362319303e+00-1.3642588347e+00j
   1.8338829244e+00+1.3643582499e+00j  1.4451734994e+00+1.3643678911e+00j  1.3627386955e+00-1.3643534935e+00j  1.2059054450e+00-1.3643451894e+00j  9.8382592513e-01-1.3643286640e+00j  5.5670246997e-01-1.3642533361e+00j]
 [ 1.2444084365e+00+1.6402077915e-05j  1.1160531973e+00+2.9768959708e-05j  8.3304827177e-01+8.1753501934e-05j  3.8689711957e-01+1.3640287698e+00j  1.2314397244e+00+1.3642951301e+00j  1.6236634300e+00+1.3643174919e+00j
   1.9533980439e+00+1.3643203523e+00j  2.2969418294e+00+1.3643127402e+00j  2.7302337567e+00+1.3642861771e+00j  3.5679676636e+00+1.3640968734e+00j  3.5262008473e+00+4.1453394459e-05j  3.8936040332e+00-2.8047320856e-04j
   3.2015179798e+00-1.3642559244e+00j  2.7251671742e+00-1.3643179391e+00j  2.4506651190e+00-1.3643385540e+00j  2.2834391612e+00-1.3643606029e+00j  1.8417016370e+00+1.3034953318e-03j  1.6104124717e+00-1.3643110214e+00j
   1.9984971982e+00-1.3642519448e+00j  1.7943607611e+00+1.3643537708e+00j  1.3742568782e+00+1.3643617513e+00j  1.3024811604e+00-1.3643538021e+00j  1.1439765682e+00-1.3643442821e+00j  9.1009988092e-01-1.3643248801e+00j]
 [ 1.3599406423e+00+1.0239461071e-05j  1.2858302925e+00+1.5867079625e-05j  1.1599552282e+00+2.9571202677e-05j  8.7134285296e-01+8.5623283378e-05j  5.3401530616e-01+1.3640782737e+00j  1.3348104965e+00+1.3642939006e+00j
   1.7444549585e+00+1.3643129165e+00j  2.1130974902e+00+1.3643109508e+00j  2.5451220273e+00+1.3642884154e+00j  3.3546267813e+00+1.3641049896e+00j  3.2265823419e+00+6.6880538856e-05j  3.1364420322e+00-2.2653640036e-05j
   3.6915111131e+00-2.9685951610e-04j  3.0641440153e+00-1.3642634608e+00j  2.6214006827e+00-1.3643223820e+00j  2.3687022296e+00-1.3643418168e+00j  2.2214408386e+00-1.3643648482e+00j  1.9358397504e+00+1.0649339877e-03j
   1.4897504496e+00-1.3643010822e+00j  1.9654788950e+00-1.3642454617e+00j  1.7591145121e+00+1.3643495193e+00j  1.3045776298e+00+1.3643548692e+00j  1.2437995512e+00-1.3643539814e+00j  1.0824619718e+00-1.3643430846e+00j]
 [ 1.4501132857e+00+6.8382766007e-06j  1.4032651575e+00+9.5166907123e-06j  1.3336158775e+00+1.5075307002e-05j  1.2119988578e+00+2.9018740707e-05j  9.1969918917e-01+8.9445824334e-05j  6.8517176111e-01+1.3641122611e+00j
   1.4615272838e+00+1.3642905548e+00j  1.9065037598e+00+1.3643038052e+00j  2.3625642060e+00+1.3642867379e+00j  3.1703388789e+00+1.3641072839e+00j  3.0138108443e+00+7.5031292095e-05j  2.8372169981e+00+2.8010088701e-06j
   2.9345781192e+00-3.9009289212e-05j  3.5541443275e+00-3.0434695623e-04j  2.9599614605e+00-1.3642677965e+00j  2.5379049404e+00-1.3643253164e+00j  2.3004587897e+00-1.3643442526e+00j  2.1693267283e+00-1.3643685391e+00j
   1.9980713774e+00+9.3473223143e-04j  1.3623139638e+00-1.3642867175e+00j  1.9361321680e+00-1.3642393585e+00j  1.7273271590e+00+1.3643454442e+00j  1.2350609830e+00+1.3643469800e+00j  1.1859929507e+00-1.3643540442e+00j]
 [ 1.5257712604e+00+4.7925903631e-06j  1.4946085085e+00+6.0314896948e-06j  1.4529698174e+00+8.5325608566e-06j  1.3896293104e+00+1.3902032507e-05j  1.2750156952e+00+2.7894411126e-05j  9.8263121495e-01+9.2890816965e-05j
   8.5178342481e-01+1.3641351452e+00j  1.6291397540e+00+1.3642825667e+00j  2.1582212959e+00+1.3642798654e+00j  2.9890246791e+00+1.3641057132e+00j  2.8303227776e+00+7.7379542843e-05j  2.6249985926e+00+1.0985498048e-05j
   2.6357330714e+00-1.3527327394e-05j  2.7974264784e+00-4.6465744898e-05j  3.4499513624e+00-3.0863263752e-04j  2.8760233477e+00-1.3642706216e+00j  2.4680876175e+00-1.3643274216e+00j  2.2421168662e+00-1.3643461872e+00j
   2.1246832992e+00-1.3643718515e+00j  2.0430741051e+00+8.5273853734e-04j  1.2211562796e+00-1.3642647634e+00j  1.9097058222e+00-1.3642336014e+00j  1.6983857400e+00+1.3643415086e+00j  1.1646468925e+00+1.3643377332e+00j]
 [ 1.5926403831e+00+3.5221377668e-06j  1.5710778448e+00+3.9412372788e-06j  1.5454861787e+00+4.9621191157e-06j  1.5109194356e+00+7.1621899559e-06j  1.4567062983e+00+1.2128470481e-05j  1.3536270087e+00+2.5778066624e-05j
   1.0683396614e+00+9.5139563839e-05j  1.0533498384e+00+1.3641473864e+00j  1.8860937018e+00+1.3642596564e+00j  2.7868409397e+00+1.3640990984e+00j  2.6502118459e+00+7.5910953120e-05j  2.4422876309e+00+1.3385871960e-05j
   2.4240522054e+00-5.3098556183e-06j  2.4989484082e+00-2.0956627721e-05j  2.6934351088e+00-5.0720092175e-05j  3.3659854456e+00-3.1140676518e-04j  2.8057375091e+00-1.3642726153e+00j  2.4081314482e+00-1.3643290233e+00j
   2.1912660091e+00-1.3643477959e+00j  2.0858879288e+00-1.3643748888e+00j  2.0775988221e+00+7.9638562410e-04j  1.0544093196e+00-1.3642275863e+00j  1.8856434891e+00-1.3642281556e+00j  1.6718189251e+00+1.3643376847e+00j]
 [ 1.6541846473e+00+2.7500963626e-06j  1.6385549354e+00+2.6444152790e-06j  1.6227651866e+00+2.8269051907e-06j  1.6046114063e+00+3.5052539471e-06j  1.5799504547e+00+5.1866284723e-06j  1.5394725034e+00+9.3327126863e-06j
   1.4561597910e+00+2.1739983304e-05j  1.1941613074e+00+9.3789495221e-05j  1.3396455186e+00+1.3641405075e+00j  2.5196526591e+00+1.3640798358e+00j  2.4501019218e+00+6.9539611284e-05j  2.2633419816e+00+1.2014998685e-05j
   2.2420968041e+00-2.8590860358e-06j  2.2877902300e+00-1.2706870122e-05j  2.3953114595e+00-2.5183944631e-05j  2.6096575318e+00-5.3462513219e-05j  3.2956545859e+00-3.1334853361e-04j  2.7452868218e+00-1.3642741036e+00j
   2.3556266296e+00-1.3643302972e+00j  2.1462864426e+00-1.3643491818e+00j  2.0517968531e+00+1.3643749918e+00j  2.1052386908e+00+7.5529633645e-04j  8.3608131173e-01-1.3641514064e+00j  1.8635227924e+00-1.3642229878e+00j]
 [ 1.7127495694e+00+2.3341869511e-06j  1.7005805995e+00+1.8555414006e-06j  1.6908473125e+00+1.5035722123e-06j  1.6826986055e+00+1.3246742985e-06j  1.6748209454e+00+1.4419130094e-06j  1.6646893172e+00+2.1837936561e-06j
   1.6462596348e+00+4.5831214087e-06j  1.6001006151e+00+1.3238804833e-05j  1.4083051653e+00+7.8723875943e-05j  1.9988778098e+00+1.3639736723e+00j  2.1875824652e+00+5.1149904145e-05j  2.0652262835e+00+5.8740029100e-06j
   2.0642806600e+00-4.1363238506e-06j  2.1065699636e+00-1.0207320117e-05j  2.1846617823e+00-1.6902544722e-05j  2.3118761746e+00-2.7899429079e-05j  2.5395020309e+00-5.5372179794e-05j  3.2351418190e+00-3.1478371062e-04j
   2.6922616077e+00-1.3642752620e+00j  2.3089540139e+00-1.3643313466e+00j  2.1060370274e+00-1.3643504091e+00j  2.0215733250e+00+1.3643723322e+00j  2.1280996405e+00+7.2402981178e-04j  4.8022824655e-01-1.3639069924e+00j]
 [ 1.7701052272e+00+2.2015781810e-06j  1.7595426205e+00+1.4282767209e-06j  1.7533510840e+00+6.9781094610e-07j  1.7513830137e+00-2.5315191711e-08j  1.7537150716e+00-7.8444638689e-07j  1.7607415644e+00-1.6500204996e-06j
   1.7734685587e+00-2.7781381683e-06j  1.7945593343e+00-4.6637432662e-06j  1.8338379017e+00-1.0017923207e-05j  1.9977649949e+00-9.1829881059e-05j  1.6895054231e+00-4.4304816523e-05j  1.8071287354e+00-1.1708417848e-05j
   1.8680848929e+00-1.0059021916e-05j  1.9298496100e+00-1.1394727823e-05j  2.0041572810e+00-1.4355725066e-05j  2.1017214429e+00-1.9586980137e-05j  2.2420512438e+00-2.9782222809e-05j  2.4791518990e+00-5.6774837358e-05j
   3.1820376079e+00-3.1588805393e-04j  2.6450428250e+00-1.3642761939e+00j  2.2669730702e+00-1.3643322359e+00j  2.0696834306e+00-1.3643515202e+00j  1.9945865764e+00+1.3643698104e+00j  2.1475043182e+00+6.9945729348e-04j]
 [ 1.8277480122e+00+2.3216103782e-06j  1.8172362769e+00+1.2876840675e-06j  1.8127068525e+00+2.5916621970e-07j  1.8143617635e+00-8.4802101873e-07j  1.8229991910e+00-2.1612423719e-06j  1.8404415761e+00-3.9225844413e-06j
   1.8707061411e+00-6.7024068659e-06j  1.9237806978e+00-1.2242805231e-05j  2.0327654776e+00-2.8702608257e-05j  2.4445825972e+00-1.9002849385e-04j  1.6199919304e+00-1.3641095404e+00j  1.3292964635e+00-9.8197837634e-05j
   1.6141833038e+00-2.6892833847e-05j  1.7355043503e+00-1.7110239058e-05j  1.8285009333e+00-1.5456854379e-05j  1.9219143353e+00-1.6994304197e-05j  2.0323785021e+00-2.1439270638e-05j  2.1820203457e+00-3.1158042343e-05j
   2.4261978392e+00-5.7846221534e-05j  3.1347230348e+00-3.1676473852e-04j  2.6024900314e+00-1.3642769637e+00j  2.2288500553e+00-1.3643330077e+00j  2.0365970989e+00-1.3643525439e+00j  1.9703492238e+00+1.3643674054e+00j]
 [ 1.8871034475e+00+2.6953697581e-06j  1.8751739365e+00+1.4019244394e-06j  1.8707351933e+00+1.1057401023e-07j  1.8741080809e+00-1.2980719940e-06j  1.8864499542e+00-3.0009524955e-06j  1.9103230208e+00-5.3263418591e-06j
   1.9512112269e+00-9.0216119316e-06j  2.0222075533e+00-1.6258923647e-05j  2.1640205400e+00-3.6505146096e-05j  2.6480948891e+00-2.0953424977e-04j  2.0900519616e+00-1.3642187562e+00j  1.1918557027e+00-1.3641593292e+00j
   1.1545456579e+00-1.0577968608e-04j  1.4855914852e+00-3.3248102792e-05j  1.6359412487e+00-2.0975441644e-05j  1.7472920176e+00-1.8012473048e-05j  1.8532513620e+00-1.8802060834e-05j  1.9728172096e+00-2.2785087792e-05j
   2.1293745495e+00-3.2202595330e-05j  2.3790211576e+00-5.8689485343e-05j  3.0920577647e+00-3.1747831521e-04j  2.5637695547e+00-1.3642776141e+00j  2.1939569873e+00-1.3643336910e+00j  2.0062926765e+00-1.3643535005e+00j]
 [ 1.9497020039e+00+3.3553958237e-06j  1.9347917561e+00+1.7713826756e-06j  1.9289644696e+00+2.1900774192e-07j  1.9324679368e+00-1.4546803153e-06j  1.9465837740e+00-3.4624375540e-06j  1.9742429974e+00-6.1831188851e-06j
   2.0216877992e+00-1.0452491194e-05j  2.1035171394e+00-1.8625219247e-05j  2.2636409833e+00-4.0614551621e-05j  2.7814058968e+00-2.1756616302e-04j  2.2982711717e+00-1.3642391247e+00j  1.6874463698e+00-1.3642815146e+00j
   9.4878823334e-01-1.3641588220e+00j  1.0424149025e+00-1.0561624214e-04j  1.3898266352e+00-3.6464766544e-05j  1.5564571253e+00-2.3343630384e-05j  1.6796347959e+00-1.9740371319e-05j  1.7943535066e+00-2.0104581494e-05j
   1.9206291789e+00-2.3800096602e-05j  2.0824955094e+00-3.3019007674e-05j  2.3364817270e+00-5.9369157760e-05j  3.0532082159e+00-3.1807123570e-04j  2.5282534662e+00-1.3642781739e+00j  2.1618090630e+00-1.3643343063e+00j]
 [ 2.0173825172e+00+4.3753066110e-06j  1.9976275704e+00+2.4281605102e-06j  1.9888414614e+00+5.8414759934e-07j  1.9909857113e+00-1.3520685103e-06j  2.0052721194e+00-3.6270795837e-06j  2.0347614248e+00-6.6560677027e-06j
   2.0860743553e+00-1.1326400911e-05j  2.1745868331e+00-2.0083386777e-05j  2.3457547412e+00-4.3028401103e-05j  2.8822246381e+00-2.2177033833e-04j  2.4336614186e+00-1.3642473921e+00j  1.9005015549e+00-1.3643027905e+00j
   1.4726151820e+00-1.3642964623e+00j  7.6705765379e-01-1.3641461240e+00j  9.6163036238e-01-1.0318927811e-04j  1.3139653539e+00-3.8227224236e-05j  1.4904677538e+00-2.4892894238e-05j  1.6217160098e+00-2.0965936124e-05j
   1.7428132330e+00-2.1077451518e-05j  1.8741965829e+00-2.4587382429e-05j  2.0402434291e+00-3.3671781993e-05j  2.2977461586e+00-5.9927668691e-05j  3.0175465346e+00-3.1857256272e-04j  2.4954569992e+00-1.3642786639e+00j]
 [ 2.0925942725e+00+5.8954160152e-06j  2.0655254859e+00+3.4455917490e-06j  2.0519113453e+00+1.2376562884e-06j  2.0511187980e+00-9.9126439752e-07j  2.0640754103e+00-3.5303055939e-06j  2.0937753762e+00-6.8287622349e-06j
   2.1469746469e+00-1.1810845216e-05j  2.2394375018e+00-2.0974498475e-05j  2.4174157455e+00-4.4514029885e-05j  2.9651424931e+00-2.2423222013e-04j  2.5356835835e+00-1.3642516926e+00j  2.0379954477e+00-1.3643112998e+00j
   1.6906428175e+00-1.3643186934e+00j  1.3223635039e+00-1.3643024475e+00j  6.1439270346e-01-1.3641258608e+00j  8.9947336802e-01-1.0002394000e-04j  1.2514369928e+00-3.9209517198e-05j  1.4341634376e+00-2.5947984157e-05j
   1.5711296260e+00-2.1864567957e-05j  1.6970135228e+00-2.1823681542e-05j  1.8323801207e+00-2.5211409269e-05j  2.0017852341e+00-3.4203322495e-05j  2.2621867769e+00-6.0394059017e-05j  2.9845880127e+00-3.1900286190e-04j]
 [ 2.1789370943e+00+8.1836943427e-06j  2.1409386686e+00+4.9637996586e-06j  2.1200234735e+00+2.2525829527e-06j  2.1144196950e+00-3.4104560159e-07j  2.1244616467e+00-3.1738548383e-06j  2.1528613368e+00-6.7378426788e-06j
   2.2063114616e+00-1.1991612397e-05j  2.3007170657e+00-2.1470472256e-05j  2.4827282287e+00-4.5422416678e-05j  3.0373931964e+00-2.2574549028e-04j  2.6194057234e+00-1.3642542030e+00j  2.1412265982e+00-1.3643156982e+00j
   1.8302659452e+00-1.3643274514e+00j  1.5455081076e+00-1.3643256854e+00j  1.2051263041e+00-1.3643051628e+00j  4.7687905783e-01-1.3640981280e+00j  8.4954111162e-01-9.6670774998e-05j  1.1984441304e+00-3.9732823183e-05j
   1.3851414530e+00-2.6683720443e-05j  1.5262600432e+00-2.2539105995e-05j  1.6558158447e+00-2.2407665350e-05j  1.7943471917e+00-2.5714544459e-05j  1.9664935478e+00-3.4642644939e-05j  2.2293190378e+00-6.0788872453e-05j]
 [ 2.2822880496e+00+1.1792795302e-05j  2.2274698713e+00+7.2506232542e-06j  2.1956348676e+00+3.7688601205e-06j  2.1827429767e+00+6.7135189906e-07j  2.1879906292e+00-2.5269466254e-06j  2.2134979073e+00-6.3857632519e-06j
   2.2656773784e+00-1.1906564750e-05j  2.3603741411e+00-2.1659333744e-05j  2.5443846242e+00-4.5929956406e-05j  3.1031653661e+00-2.2667122945e-04j  2.6922447176e+00-1.3642557441e+00j  2.2257534827e+00-1.3643182576e+00j
   1.9347121016e+00-1.3643319492e+00j  1.6872873159e+00-1.3643346989e+00j  1.4335411261e+00-1.3643294631e+00j  1.1079432192e+00-1.3643062938e+00j  3.4657865640e-01-1.3640611248e+00j  8.0817527002e-01-9.3353798781e-05j
   1.1525951717e+00-3.9968797381e-05j  1.3417892790e+00-2.7202411948e-05j  1.4859700689e+00-2.3053784744e-05j  1.6183883320e+00-2.2871704212e-05j  1.7594708725e+00-2.6125768483e-05j  1.9338841106e+00-3.5010268407e-05j]
 [ 2.4135865902e+00+1.8040884995e-05j  2.3309984199e+00+1.0858623885e-05j  2.2823511840e+00+6.0541955052e-06j  2.2585494956e+00+2.1856697659e-06j  2.2565221318e+00-1.5171025496e-06j  2.2772521737e+00-5.7421863603e-06j
   2.3265615948e+00-1.1558875092e-05j  2.4200174320e+00-2.1580176459e-05j  2.6043594968e+00-4.6126935520e-05j  3.1651963041e+00-2.2719037428e-04j  2.7584746178e+00-1.3642566873e+00j  2.2991795674e+00-1.3643198268e+00j
   2.0200444720e+00-1.3643345583e+00j  1.7929549805e+00-1.3643392980e+00j  1.5775045978e+00-1.3643387394e+00j  1.3417910081e+00-1.3643317162e+00j  1.0242076952e+00-1.3643065141e+00j  2.1772227358e-01-1.3640110966e+00j
   7.7310064520e-01-9.0167231537e-05j  1.1122877121e+00-4.0016935951e-05j  1.3029725959e+00-2.7567807532e-05j  1.4494291025e+00-2.3450757288e-05j  1.5841047618e+00-2.3244716343e-05j  1.7272673378e+00-2.6465566599e-05j]
 [ 2.5976034414e+00+3.0988063798e-05j  2.4624655442e+00+1.7105901654e-05j  2.3860539841e+00+9.6610580881e-06j  2.3454477887e+00+4.4694843896e-06j  2.3325208148e+00-4.7719663148e-09j  2.3459890878e+00-4.7349197462e-06j
   2.3905384664e+00-1.0918650410e-05j  2.4811467313e+00-2.1236895589e-05j  2.6642777096e+00-4.6053688156e-05j  3.2254866486e+00-2.2739549616e-04j  2.8208779611e+00-1.3642572181e+00j  2.3658654162e+00-1.3643207875e+00j
   2.0940566598e+00-1.3643361556e+00j  1.8790938703e+00-1.3643419571e+00j  1.6844007798e+00-1.3643434415e+00j  1.4879683490e+00-1.3643412631e+00j  1.2636615504e+00-1.3643331236e+00j  9.5008712248e-01-1.3643061436e+00j
   8.4912289919e-02-1.3639410003e+00j  7.4281308213e-01-8.7148141555e-05j  1.0763966521e+00-3.9938480581e-05j  1.2678634867e+00-2.7821614746e-05j  1.4160121215e+00-2.3758803779e-05j  1.5524819788e+00-2.3547128217e-05j]
 [ 2.9161471335e+00+7.2139650150e-05j  2.6466433960e+00+3.0052509339e-05j  2.5176862527e+00+1.5907481921e-05j  2.4493216298e+00+8.0751723700e-06j  2.4195980731e+00+2.2774901583e-06j  2.4221770961e+00-3.2246039582e-06j
   2.4594781029e+00-9.9139851701e-06j  2.5453436499e+00-2.0600044253e-05j  2.7256496519e+00-4.5714835771e-05j  3.2856774600e+00-2.2732817951e-04j  2.8814815904e+00-1.3642574314e+00j  2.4286391804e+00-1.3643213299e+00j
   2.1611968514e+00-1.3643371339e+00j  1.9536913912e+00-1.3643435829e+00j  1.7713475254e+00-1.3643461513e+00j  1.5961005906e+00-1.3643460700e+00j  1.4120838813e+00-1.3643429490e+00j  1.1953314447e+00-1.3643340105e+00j
   8.8315511096e-01-1.3643053514e+00j -5.8388006867e-02-1.3638368457e+00j  7.1627106405e-01-8.4306917018e-05j  1.0441024985e+00-3.9772897467e-05j  1.2358394400e+00-2.7992204294e-05j  1.3852371093e+00-2.3998221873e-05j]
 [ 4.0541613487e+00+1.3632741287e+00j  2.9653416721e+00+7.1203731020e-05j  2.7020215458e+00+2.8853472062e-05j  2.5811157372e+00+1.4320701656e-05j  2.5236398715e+00+5.8819680221e-06j  2.5094304297e+00-9.4392536973e-07j
   2.5358527161e+00-8.4057113193e-06j  2.6144834370e+00-1.9598004271e-05j  2.7900641775e+00-4.5081379266e-05j  3.3472897270e+00-2.2699377609e-04j  2.9419428045e+00-1.3642573700e+00j  2.4895540447e+00-1.3643215514e+00j
   2.2243392052e+00-1.3643376882e+00j  2.0212844990e+00-1.3643445789e+00j  1.8465298331e+00-1.3643478058e+00j  1.6838568432e+00-1.3643488311e+00j  1.5214602861e+00-1.3643478626e+00j  1.3460315013e+00-1.3643441227e+00j
   1.1343866644e+00-1.3643345520e+00j  8.2177453874e-01-1.3643042333e+00j -2.2229726072e-01-1.3636669883e+00j  6.9272671188e-01-8.1641208629e-05j  1.0147904552e+00-3.9546548033e-05j  1.2064207938e+00-2.8099496907e-05j]
 [ 2.8584138361e+00+1.3642986459e+00j  4.1035050278e+00+1.3632731926e+00j  3.0208707044e+00+7.0004278040e-05j  2.7656050493e+00+2.7266029474e-05j  2.6555926404e+00+1.2126563418e-05j  2.6136372235e+00+2.6593077857e-06j
   2.6232793527e+00-6.1266467078e-06j  2.6910420496e+00-1.8091799226e-05j  2.8594016577e+00-4.4081988490e-05j  3.4119195355e+00-2.2636373634e-04j  3.0037931974e+00-1.3642570401e+00j  2.5502835922e+00-1.3643214960e+00j
   2.2855633923e+00-1.3643379179e+00j  2.0847937654e+00-1.3643451450e+00j  1.9145746114e+00-1.3643488196e+00j  1.7596236202e+00-1.3643505145e+00j  1.6100280238e+00-1.3643506756e+00j  1.4566607640e+00-1.3643491450e+00j
   1.2873989045e+00-1.3643449599e+00j  1.0792036426e+00-1.3643348508e+00j  7.6478535194e-01-1.3643028456e+00j -4.2692776586e-01-1.3633421149e+00j  6.7162698801e-01-7.9142699394e-05j  9.8798794232e-01-3.9277547008e-05j]
 [ 2.5709889872e+00+1.3643321872e+00j  2.9079020420e+00+1.3642977098e+00j  4.1591793342e+00+1.3632719929e+00j  3.0846015300e+00+6.8416370621e-05j  2.8402326803e+00+2.5071185634e-05j  2.7457456002e+00+8.9029310882e-06j
   2.7276482980e+00-2.5246920419e-06j  2.7786393309e+00-1.5814378536e-05j  2.9361417766e+00-4.2577878938e-05j  3.4814523633e+00-2.2536701887e-04j  3.0686360786e+00-1.3642564135e+00j  2.6123700305e+00-1.3643211706e+00j
   2.3465593295e+00-1.3643378685e+00j  2.1463255004e+00-1.3643453830e+00j  1.9784492691e+00-1.3643493975e+00j  1.8281190083e+00-1.3643515462e+00j  1.6863791883e+00-1.3643523882e+00j  1.5460423050e+00-1.3643520106e+00j
   1.3992903424e+00-1.3643500930e+00j  1.2345643615e+00-1.3643455637e+00j  1.0286372199e+00-1.3643349707e+00j  7.1133254771e-01-1.3643012213e+00j -7.2877488394e-01-1.3624751092e+00j  6.5255289079e-01-7.6800519446e-05j]
 [ 2.3985045897e+00+1.3643437681e+00j  2.6206178322e+00+1.3643312513e+00j  2.9637168204e+00+1.3642965100e+00j  4.2230517136e+00+1.3632704047e+00j  3.1593730575e+00+6.6221014557e-05j  2.9305332026e+00+2.1846805781e-05j
   2.8599093476e+00+3.7179219844e-06j  2.8831676976e+00-1.2213735436e-05j  3.0239071549e+00-4.0302131713e-05j  3.5583716042e+00-2.2386503141e-04j  3.1383620181e+00-1.3642554195e+00j  2.6774238863e+00-1.3643205475e+00j
   2.4088798500e+00-1.3643375476e+00j  2.2075860089e+00-1.3643453396e+00j  2.0402869146e+00-1.3643496438e+00j  1.8923576926e+00-1.3643521360e+00j  1.7553243130e+00-1.3643534380e+00j  1.6229780170e+00-1.3643537526e+00j
   1.4894883587e+00-1.3643530119e+00j  1.3477279485e+00-1.3643508097e+00j  1.1863846754e+00-1.3643459984e+00j  9.8184879839e-01-1.3643349536e+00j  6.6076493199e-01-1.3642993791e+00j -1.5422235945e+00-1.3529472711e+00j]
 [ 2.2740804292e+00+1.3643495847e+00j  2.4482708396e+00+1.3643428324e+00j  2.6765689808e+00+1.3643300516e+00j  3.0277257689e+00+1.3642949217e+00j  4.2979612139e+00+1.3632682090e+00j  3.2498141795e+00+6.2996076672e-05j
   3.0448414677e+00+1.6661008462e-05j  3.0155785995e+00-5.9721669616e-06j  3.1285923227e+00-3.6702832648e-05j  3.6463026390e+00-2.2159098688e-04j  3.2154581031e+00-1.3642539196e+00j  2.7473408088e+00-1.3643195562e+00j
   2.4741426923e+00-1.3643369279e+00j  2.2701387638e+00-1.3643450232e+00j  2.1018103006e+00-1.3643496065e+00j  1.9544997493e+00-1.3643523907e+00j  1.8199258177e+00-1.3643540397e+00j  1.6923721964e+00-1.3643548205e+00j
   1.5670090275e+00-1.3643547835e+00j  1.4387454810e+00-1.3643537825e+00j  1.3008310780e+00-1.3643513596e+00j  1.1420233457e+00-1.3643463063e+00j  9.3820529813e-01-1.3643348276e+00j  6.1257228682e-01-1.3642973278e+00j]
 [ 2.1760128797e+00+1.3643530487e+00j  2.3239814605e+00+1.3643486494e+00j  2.5043548835e+00+1.3643416329e+00j  2.7407101901e+00+1.3643284632e+00j  3.1027680800e+00+1.3642927258e+00j  4.3885368605e+00+1.3632649837e+00j
   3.3642598708e+00+5.7809676956e-05j  3.2006523085e+00+6.9700917155e-06j  3.2611503669e+00-3.0462345202e-05j  3.7511420944e+00-2.1799306381e-04j  3.3035524585e+00-1.3642516473e+00j  2.8246115641e+00-1.3643180585e+00j
   2.5442485745e+00-1.3643359394e+00j  2.3356087136e+00-1.3643444071e+00j  2.1645935570e+00-1.3643492947e+00j  2.0162844430e+00-1.3643523594e+00j  1.8823709247e+00-1.3643543027e+00j  1.7573354756e+00-1.3643554343e+00j
   1.6368517749e+00-1.3643558698e+00j  1.5168517724e+00-1.3643555841e+00j  1.3926715515e+00-1.3643543871e+00j  1.2577639614e+00-1.3643517850e+00j  1.1008495365e+00-1.3643465162e+00j  8.9721655564e-01-1.3643346126e+00j]
 [ 2.0944753666e+00+1.3643553220e+00j  2.2260466634e+00+1.3643521141e+00j  2.3801955056e+00+1.3643474503e+00j  2.5686246461e+00+1.3643400447e+00j  2.8158808036e+00+1.3643262673e+00j  3.1934729167e+00+1.3642895002e+00j
   4.5031137546e+00+1.3632597968e+00j  3.5202050822e+00+4.8118114755e-05j  3.4463628470e+00-1.7520952919e-05j  3.8838446769e+00-2.1175369217e-04j  3.4085437908e+00-1.3642480508e+00j  2.9128670055e+00-1.3643157879e+00j
   2.6216919277e+00-1.3643344439e+00j  2.4059016356e+00-1.3643434213e+00j  2.2302688427e+00-1.3643486821e+00j  2.0792965822e+00-1.3643520522e+00j  1.9444154806e+00-1.3643542776e+00j  1.8200824112e+00-1.3643557058e+00j
   1.7021759449e+00-1.3643564957e+00j  1.5871428004e+00-1.3643566888e+00j  1.4713643963e+00-1.3643562190e+00j  1.3504312019e+00-1.3643548680e+00j  1.2178965347e+00-1.3643521150e+00j  1.0623754866e+00-1.3643466486e+00j]
 [ 2.0241667928e+00+1.3643569077e+00j  2.1446404814e+00+1.3643543881e+00j  2.2823883769e+00+1.3643509155e+00j  2.4445906663e+00+1.3643458624e+00j  2.6439196294e+00+1.3643378489e+00j  2.9067101275e+00+1.3643230416e+00j
   3.3081755112e+00+1.3642843130e+00j  4.6591869682e+00+1.3632501048e+00j  3.7660470489e+00+2.3626382792e-05j  4.0691932177e+00-1.9881320399e-04j  3.5413884107e+00-1.3642418126e+00j  3.0180079041e+00-1.3643121929e+00j
   2.7101063194e+00-1.3643321751e+00j  2.4835156136e+00-1.3643419281e+00j  2.3007469862e+00-1.3643476991e+00j  2.1451755382e+00-1.3643514432e+00j  2.0076549971e+00-1.3643539750e+00j  1.8823855078e+00-1.3643556868e+00j
   1.7652236277e+00-1.3643567756e+00j  1.6528271421e+00-1.3643573269e+00j  1.5421036212e+00-1.3643573422e+00j  1.4297118041e+00-1.3643567305e+00j  1.3113947865e+00-1.3643552542e+00j  1.1807418527e+00-1.3643523700e+00j]
 [ 1.9618889399e+00+1.3643580587e+00j  2.0744624711e+00+1.3643559747e+00j  2.2011081003e+00+1.3643531901e+00j  2.3469063100e+00+1.3643493280e+00j  2.5200066116e+00+1.3643436667e+00j  2.7348692893e+00+1.3643346232e+00j
   3.0215335299e+00+1.3643178543e+00j  3.4643710601e+00+1.3642746206e+00j  4.9051538521e+00+1.3632256125e+00j  4.3890060139e+00-1.5766659642e-04j  3.7268704047e+00-1.3642288730e+00j  3.1509921597e+00-1.3643059558e+00j
   2.8153945709e+00-1.3643285815e+00j  2.5720869163e+00-1.3643396611e+00j  2.3785297134e+00-1.3643462081e+00j  2.2158371850e+00-1.3643504630e+00j  2.0737360629e+00-1.3643533696e+00j  1.9458510090e+00-1.3643553889e+00j
   1.8277840678e+00-1.3643567629e+00j  1.7161746317e+00-1.3643576154e+00j  1.6081475826e+00-1.3643579926e+00j  1.5008993509e+00-1.3643578725e+00j  1.3912646328e+00-1.3643571477e+00j  1.2750757978e+00-1.3643555663e+00j]
 [ 1.9055518398e+00+1.3643589152e+00j  2.0123151556e+00+1.3643571269e+00j  2.1310548429e+00+1.3643547776e+00j  2.2657467137e+00+1.3643516032e+00j  2.4224403085e+00+1.3643471326e+00j  2.6110729550e+00+1.3643404412e+00j
   2.8498091360e+00+1.3643294358e+00j  3.1778463365e+00+1.3643081616e+00j  3.7104570328e+00+1.3642501280e+00j  5.5282347596e+00+1.3630443190e+00j  4.0468090652e+00-1.3641877272e+00j  3.3366050988e+00-1.3642930173e+00j
   2.9485161564e+00-1.3643223457e+00j  2.6775204015e+00-1.3643360690e+00j  2.4672559818e+00-1.3643439430e+00j  2.2937868813e+00-1.3643489743e+00j  2.1445795936e+00-1.3643523923e+00j  2.0121327283e+00-1.3643547871e+00j
   1.8914742733e+00-1.3643564696e+00j  1.7789913428e+00-1.3643576089e+00j  1.6717940814e+00-1.3643582897e+00j  1.5673025498e+00-1.3643585352e+00j  1.4629008405e+00-1.3643583086e+00j  1.3555366670e+00-1.3643574911e+00j]
 [ 1.8537021042e+00+1.3643595607e+00j  1.9561094520e+00+1.3643579848e+00j  2.0690318188e+00+1.3643559308e+00j  2.1958126137e+00+1.3643531914e+00j  2.3413963558e+00+1.3643494083e+00j  2.5136201524e+00+1.3643439073e+00j
   2.7261253555e+00+1.3643352539e+00j  3.0062346294e+00+1.3643197431e+00j  3.4240461393e+00+1.3642836687e+00j  4.3336538959e+00+1.3640688340e+00j  5.1861568844e+00-9.8574223574e-04j  3.6566669935e+00-1.3642518722e+00j
   3.1342576282e+00-1.3643094082e+00j  2.8107771043e+00-1.3643298344e+00j  2.5728326734e+00-1.3643403525e+00j  2.3826662622e+00-1.3643467111e+00j  2.2226945725e+00-1.3643509059e+00j  2.0831566209e+00-1.3643538126e+00j
   1.9579552932e+00-1.3643558714e+00j  1.8429050847e+00-1.3643573203e+00j  1.7348661160e+00-1.3643582894e+00j  1.6312474044e+00-1.3643588409e+00j  1.5296630677e+00-1.3643589838e+00j  1.4276220941e+00-1.3643586711e+00j]
 [ 1.8052745329e+00+1.3643600472e+00j  1.9043930778e+00+1.3643586320e+00j  2.0129507702e+00+1.3643567900e+00j  2.1339078667e+00+1.3643543455e+00j  2.2715760189e+00+1.3643509972e+00j  2.4326869832e+00+1.3643461835e+00j
   2.6287816575e+00+1.3643387202e+00j  2.8826594134e+00+1.3643255611e+00j  3.2525434887e+00+1.3642952500e+00j  4.0473535215e+00+1.3641023744e+00j  3.9916889511e+00+3.8772265015e-05j  4.7961311187e+00-1.0498879525e-03j
   3.4544402234e+00-1.3642682640e+00j  2.9966447888e+00-1.3643168979e+00j  2.7062223710e+00-1.3643341192e+00j  2.4883842220e+00-1.3643431221e+00j  2.3117253027e+00-1.3643486446e+00j  2.1614352883e+00-1.3643523286e+00j
   2.0291581222e+00-1.3643548999e+00j  1.9095841550e+00-1.3643567258e+00j  1.7990023386e+00-1.3643580056e+00j  1.6945739410e+00-1.3643588470e+00j  1.5939057703e+00-1.3643592982e+00j  1.4947433166e+00-1.3643593589e+00j]
 [ 1.7594498832e+00+1.3643604079e+00j  1.8561022742e+00+1.3643591206e+00j  1.9613604491e+00+1.3643574388e+00j  2.0779449831e+00+1.3643552058e+00j  2.2097837511e+00+1.3643521521e+00j  2.3629752037e+00+1.3643477728e+00j
   2.5479545775e+00+1.3643409967e+00j  2.7854205716e+00+1.3643290276e+00j  3.1290729808e+00+1.3643010679e+00j  3.8759564179e+00+1.3641139554e+00j  3.7054958956e+00+7.2312278907e-05j  3.6017731933e+00-2.5373991748e-05j
   4.5940179836e+00-1.0662803908e-03j  3.3169456428e+00-1.3642757546e+00j  2.8922140374e+00-1.3643211837e+00j  2.6219048794e+00-1.3643368901e+00j  2.4175826798e+00-1.3643450572e+00j  2.2506156925e+00-1.3643500692e+00j
   2.1075989746e+00-1.3643534182e+00j  1.9809645901e+00-1.3643557573e+00j  1.8658783115e+00-1.3643574149e+00j  1.7589317007e+00-1.3643585680e+00j  1.6574861143e+00-1.3643593107e+00j  1.5592835076e+00-1.3643596821e+00j]
 [ 1.7155669994e+00+1.3643606637e+00j  1.8104197469e+00+1.3643594840e+00j  1.9131984502e+00+1.3643579294e+00j  2.0264736809e+00+1.3643558561e+00j  2.1539327764e+00+1.3643530135e+00j  2.3012898193e+00+1.3643489284e+00j
   2.4783463260e+00+1.3643425865e+00j  2.7046950424e+00+1.3643313043e+00j  3.0319348859e+00+1.3643045345e+00j  3.7525868868e+00+1.3641197733e+00j  3.5342009438e+00+8.3893035855e-05j  3.3156843622e+00+8.1655912032e-06j
   3.3997672425e+00-4.1767014197e-05j  4.4566344603e+00-1.0737717986e-03j  3.2126307978e+00-1.3642800414e+00j  2.8080183832e+00-1.3643239558e+00j  2.5512323469e+00-1.3643388265e+00j  2.3566107209e+00-1.3643464834e+00j
   2.1969274642e+00-1.3643511608e+00j  2.0595662137e+00-1.3643542780e+00j  1.9374351168e+00-1.3643564493e+00j  1.8260035302e+00-1.3643579810e+00j  1.7220645803e+00-1.3643590365e+00j  1.6231170921e+00-1.3643597009e+00j]
 [ 1.6730638303e+00+1.3643608269e+00j  1.7666870667e+00+1.3643597432e+00j  1.8676493189e+00+1.3643582951e+00j  1.9784328249e+00+1.3643563484e+00j  2.1025737133e+00+1.3643536650e+00j  2.2455447151e+00+1.3643497907e+00j
   2.4167624178e+00+1.3643437427e+00j  2.6351854549e+00+1.3643328945e+00j  2.9513065154e+00+1.3643068113e+00j  3.6555455606e+00+1.3641232398e+00j  3.4109287771e+00+8.9710720496e-05j  3.1444882753e+00+1.9746016334e-05j
   3.1137796412e+00-8.2279097606e-06j  3.2624881736e+00-4.9259049438e-05j  4.3524281838e+00-1.0780593141e-03j  3.1285487831e+00-1.3642828144e+00j  2.7374656274e+00-1.3643258934e+00j  2.4903875304e+00-1.3643402542e+00j
   2.3030584611e+00-1.3643475767e+00j  2.1490412849e+00-1.3643520226e+00j  2.0161961862e+00-1.3643549724e+00j  1.8977355639e+00-1.3643570184e+00j  1.7893313222e+00-1.3643584532e+00j  1.6879155465e+00-1.3643594317e+00j]
 [ 1.6314331849e+00+1.3643609025e+00j  1.7243461264e+00+1.3643599108e+00j  1.8240572144e+00+1.3643585575e+00j  1.9330086974e+00+1.3643567165e+00j  2.0546466176e+00+1.3643541590e+00j  2.1942913475e+00+1.3643504434e+00j
   2.3611173484e+00+1.3643446058e+00j  2.5736977916e+00+1.3643340512e+00j  2.8818908823e+00+1.3643084018e+00j  3.5750100939e+00+1.3641255167e+00j  3.3139803645e+00+9.3177146384e-05j  3.0213099724e+00+2.5563462373e-05j
   2.9426792355e+00+3.3521321583e-06j  2.9765989036e+00-1.5720469982e-05j  3.1583837116e+00-5.3547234674e-05j  4.2684523346e+00-1.0808331694e-03j  3.0581074824e+00-1.3642847529e+00j  2.6767386075e+00-1.3643273222e+00j
   2.4369606260e+00-1.3643413488e+00j  2.2553066485e+00-1.3643484401e+00j  2.1058164187e+00-1.3643527190e+00j  1.9766548410e+00-1.3643555440e+00j  1.8612375358e+00-1.3643574937e+00j  1.7553763585e+00-1.3643588522e+00j]
 [ 1.5901836034e+00+1.3643608881e+00j  1.6828956420e+00+1.3643599922e+00j  1.7818677938e+00+1.3643587291e+00j  1.8895479152e+00+1.3643569817e+00j  2.0093394099e+00+1.3643545291e+00j  2.1464708875e+00+1.3643509389e+00j
   2.3099633522e+00+1.3643452595e+00j  2.5181471101e+00+1.3643349150e+00j  2.8204943972e+00+1.3643095589e+00j  3.5056838508e+00+1.3641271074e+00j  3.2335336761e+00+9.5454059757e-05j  2.9244507348e+00+2.9029740919e-05j
   2.8195914018e+00+9.1692838864e-06j  2.8055910927e+00-4.1408614024e-06j  2.8725899650e+00-2.0009225669e-05j  3.0745071229e+00-5.6321801218e-05j  4.1981148785e+00-1.0827725831e-03j  2.9974898131e+00-1.3642861828e+00j
   2.6234275980e+00-1.3643284181e+00j  2.3893324603e+00-1.3643422137e+00j  2.2122146271e+00-1.3643491383e+00j  2.0664188970e+00-1.3643532927e+00j  1.9403138690e+00-1.3643560218e+00j  1.8274557961e+00-1.3643578957e+00j]
 [ 1.5487959148e+00+1.3643607719e+00j  1.6418533462e+00+1.3643599859e+00j  1.7405854378e+00+1.3643588161e+00j  1.8474997305e+00+1.3643571572e+00j  1.9660010413e+00+1.3643547970e+00j  2.1012728005e+00+1.3643513109e+00j
   2.2622426422e+00+1.3643457563e+00j  2.4670863646e+00+1.3643355696e+00j  2.7650326323e+00+1.3643104233e+00j  3.4443736304e+00+1.3641282648e+00j  3.1642923940e+00+9.7044864938e-05j  2.8440888203e+00+3.1306600540e-05j
   2.7228177102e+00+1.2635354473e-05j  2.6825904338e+00+1.6759417462e-06j  2.7016717554e+00-8.4300994110e-06j  2.7888061788e+00-2.2784407248e-05j  3.0042664556e+00-5.8261967157e-05j  4.1375988121e+00-1.0842033449e-03j
   2.9442861268e+00-1.3642872798e+00j  2.5759135019e+00-1.3643292842e+00j  2.3463624536e+00-1.3643429134e+00j  2.1729485060e+00-1.3643497137e+00j  2.0302204914e+00-1.3643537726e+00j  1.9066881199e+00-1.3643564264e+00j]
 [ 1.5066608982e+00+1.3643605264e+00j  1.6007150357e+00+1.3643598815e+00j  1.6997367322e+00+1.3643588175e+00j  1.8063739621e+00+1.3643572493e+00j  1.9240841991e+00+1.3643549761e+00j  2.0580482539e+00+1.3643515813e+00j
   2.2171461391e+00+1.3643461301e+00j  2.4194587400e+00+1.3643360676e+00j  2.7140592054e+00+1.3643110787e+00j  3.3889954742e+00+1.3641291297e+00j  3.1030636680e+00+9.8202578223e-05j  2.7749281970e+00+3.2897452992e-05j
   2.6425366789e+00+1.4912094090e-05j  2.5858987623e+00+5.1417453793e-06j  2.5787550716e+00-2.6136978122e-06j  2.6179746649e+00-1.1205811272e-05j  2.7186556758e+00-2.4725232019e-05j  2.9438447850e+00-5.9693521598e-05j
   4.0844945628e+00-1.0853012320e-03j  2.8968774007e+00-1.3642881470e+00j  2.5330558134e+00-1.3643299852e+00j  2.3072167899e+00-1.3643434903e+00j  2.1368801339e+00-1.3643501954e+00j  1.9967361318e+00-1.3643541793e+00j]
 [ 1.4629658888e+00+1.3643600929e+00j  1.5588972646e+00+1.3643596541e+00j  1.6588319363e+00+1.3643587243e+00j  1.7657057322e+00+1.3643572580e+00j  1.8831039273e+00+1.3643550731e+00j  2.0162532188e+00+1.3643517637e+00j
   2.1740271144e+00+1.3643464028e+00j  2.3744565260e+00+1.3643364429e+00j  2.6665182058e+00+1.3643115778e+00j  3.3381036089e+00+1.3641297858e+00j  3.0477639642e+00+9.9067814407e-05j  2.7137763287e+00+3.4055328596e-05j
   2.5734525309e+00+1.6502921038e-05j  2.5056948303e+00+7.4183005644e-06j  2.4821419917e+00+8.5178133895e-07j  2.4951388462e+00-5.3898630259e-06j  2.5479080354e+00-1.3147213373e-05j  2.6583216101e+00-2.6157488404e-05j
   2.8908326139e+00-6.0792241282e-05j  4.0371831812e+00-1.0861694367e-03j  2.8541232012e+00-1.3642888491e+00j  2.4940207884e+00-1.3643305634e+00j  2.2712673908e+00-1.3643439735e+00j  2.1035245158e+00-1.3643506039e+00j]
 [ 1.4164402281e+00+1.3643593370e+00j  1.5156351184e+00+1.3643592509e+00j  1.6173125683e+00+1.3643585143e+00j  1.7250192959e+00+1.3643571755e+00j  1.8426035890e+00+1.3643550887e+00j  1.9754077639e+00+1.3643518654e+00j
   2.1323446793e+00+1.3643465883e+00j  2.3314349911e+00+1.3643367178e+00j  2.6216032092e+00+1.3643119546e+00j  3.2906429623e+00+1.3641302858e+00j  2.9969480654e+00+9.9724500967e-05j  2.6585500621e+00+3.4920865236e-05j
   2.5123730077e+00+1.7660878566e-05j  2.4366830852e+00+9.0090312828e-06j  2.4020114753e+00+3.1280893130e-06j  2.3986010206e+00-1.9247645663e-06j  2.4251500563e+00-7.3317692404e-06j  2.4876551005e+00-1.4580093330e-05j
   2.6053945598e+00-2.7256952550e-05j  2.8436110654e+00-6.1661317945e-05j  3.9945243040e+00-1.0868725246e-03j  2.8151898538e+00-1.3642894284e+00j  2.4581804186e+00-1.3643310480e+00j  2.2380293328e+00-1.3643443836e+00j]
 [ 1.3646435236e+00+1.3643578923e+00j  1.4697557719e+00+1.3643585508e+00j  1.5744600118e+00+1.3643581401e+00j  1.6837803909e+00+1.3643569822e+00j  1.8021210025e+00+1.3643550164e+00j  1.9350632170e+00+1.3643518875e+00j
   2.0916237377e+00+1.3643466943e+00j  2.2898562495e+00+1.3643369062e+00j  2.5786713779e+00+1.3643122314e+00j  3.2458083166e+00+1.3641306639e+00j  2.9495616742e+00+1.0022534425e-04j  2.6078046846e+00+3.5578026564e-05j
   2.4572152940e+00+1.8526626289e-05j  2.3756715102e+00+1.0166992652e-05j  2.3330681641e+00+4.7186549291e-06j  2.3185403301e+00+3.5123490121e-07j  2.3286842343e+00-3.8671065011e-06j  2.3649720156e+00-8.7652031457e-06j
   2.4348065134e+00-1.5680226585e-05j  2.5582557196e+00-2.8126815684e-05j  2.8010398454e+00-6.2365316992e-05j  3.9556843249e+00-1.0874529601e-03j  2.7794494179e+00-1.3642899142e+00j  2.4250498488e+00-1.3643314594e+00j]
 [ 1.3012958208e+00+1.3643544050e+00j  1.4190514976e+00+1.3643572276e+00j  1.5291962327e+00+1.3643574938e+00j  1.6413153724e+00+1.3643566359e+00j  1.7611454395e+00+1.3643548391e+00j  1.8947705575e+00+1.3643518250e+00j
   2.0514233229e+00+1.3643467227e+00j  2.2492498608e+00+1.3643370163e+00j  2.5371876983e+00+1.3643124225e+00j  3.2029586281e+00+1.3641309425e+00j  2.9048007011e+00+1.0060457955e-04j  2.5604866112e+00+3.6079574747e-05j
   2.4065351309e+00+1.9184162332e-05j  2.3205775863e+00+1.1032864704e-05j  2.2721202480e+00+5.8765441411e-06j  2.2496615805e+00+1.9415682082e-06j  2.2486898677e+00-1.5914755071e-06j  2.2685750270e+00-5.3010301056e-06j
   2.3121954529e+00-9.8659393702e-06j  2.3877435404e+00-1.6550803760e-05j  2.5157648640e+00-2.8831642789e-05j  2.7622854141e+00-6.2946702577e-05j  3.9200353686e+00-1.0879398165e-03j  2.7464171041e+00-1.3642903269e+00j]
 [ 1.1993868959e+00+1.3643394692e+00j  1.3579502328e+00+1.3643540901e+00j  1.4795381563e+00+1.3643562875e+00j  1.5966382348e+00+1.3643560416e+00j  1.7190470163e+00+1.3643545198e+00j  1.8540419603e+00+1.3643516631e+00j
   2.0113072016e+00+1.3643466695e+00j  2.2091823205e+00+1.3643370506e+00j  2.4966862153e+00+1.3643125364e+00j  3.1615616300e+00+1.3641311361e+00j  2.8620258010e+00+1.0088479728e-04j  2.5157928055e+00+3.6459831402e-05j
   2.3592795853e+00+1.9686302510e-05j  2.2699574584e+00+1.1690678391e-05j  2.2170854629e+00+6.7424561225e-06j  2.1887731339e+00+3.0993111364e-06j  2.1798718976e+00-1.4402251619e-09j  2.1886435649e+00-3.0258263696e-06j
   2.2158642042e+00-6.4023090813e-06j  2.2652017059e+00-1.0737167826e-05j  2.3453260239e+00-1.7256389318e-05j  2.4770885186e+00-2.9413897677e-05j  2.7267199602e+00-6.3434547756e-05j  3.8870927091e+00-1.0883536678e-03j]]

np.log10(elall*mechall)      :
[[ 5.0791835758-1.3643312464e+00j  4.8894985765-1.3643537801e+00j  4.7974553087-1.3643664848e+00j  4.767823002 -1.3643757570e+00j  4.7888104021+1.3643685633e+00j  4.8604192974+1.3643593043e+00j  4.9938665792+1.3643468535e+00j
   5.220691665 +1.3643258684e+00j  5.6354092395+1.3642756011e+00j  6.810957814 +1.3639119331e+00j  6.0619737745-1.3641491997e+00j  5.2232584451-1.3642787811e+00j  4.7734710549-1.3643162805e+00j  4.2944531845+1.3643032121e+00j
   4.136020789 -1.3643380548e+00j  3.923670158 -1.3643420645e+00j  3.7348586133-1.3643457927e+00j  3.5653485025-1.3643487012e+00j  3.4108530641-1.3643509693e+00j  3.2681281037-1.3643527573e+00j  3.1347187075-1.3643541768e+00j
   3.0087057386-1.3643553021e+00j  2.8885262309-1.3643561824e+00j  2.7728473577-1.3643568483e+00j]
 [ 5.5731742415-1.3642722632e+00j  5.1795953172-1.3643331159e+00j  5.0022483131-1.3643561724e+00j  4.9262816547-1.3643696557e+00j  4.9184265045+1.3643725616e+00j  4.9704758757+1.3643621114e+00j  5.0898454074+1.3643489255e+00j
   5.3060755085+1.3643274593e+00j  5.7125190951+1.3642768666e+00j  6.8813570404+1.3639129844e+00j  6.1265874046-1.3641482430e+00j  5.2819303207-1.3642776011e+00j  4.8198635998-1.3643118533e+00j  4.503133116 -1.3643327179e+00j
   4.0405128759+1.3642457113e+00j  3.95881996  -1.3643443708e+00j  3.7757974326-1.3643461232e+00j  3.607022565 -1.3643487003e+00j  3.4522275351-1.3643508860e+00j  3.3089554704-1.3643526593e+00j  3.1749964621-1.3643540891e+00j
   3.0485320896-1.3643552366e+00j  2.9280535556-1.3643561465e+00j  2.8122680541-1.3643568487e+00j]
 [ 7.3192424136-1.3633580571e+00j  5.6737905427-1.3642741614e+00j  5.2926216751-1.3643355107e+00j  5.1313436095-1.3643593396e+00j  5.0771265825-1.3643740395e+00j  5.1003007821+1.3643661155e+00j  5.200075904 +1.3643517388e+00j
   5.4021893643+1.3643295386e+00j  5.7979898175+1.3642784671e+00j  6.9584852669+1.3639142645e+00j  6.1968907051-1.3641471653e+00j  5.3462179918-1.3642765860e+00j  4.8776040785-1.3643104945e+00j  4.5458196508-1.3643271230e+00j
   4.2990404985-1.3643427399e+00j  3.8223463831+1.3641813380e+00j  3.8084986515-1.3643490469e+00j  3.6472386343-1.3643491667e+00j  3.4936801513-1.3643509392e+00j  3.3503411809-1.3643526059e+00j  3.2159787347-1.3643540119e+00j
   3.0890748685-1.3643551664e+00j  2.9682446791-1.3643560980e+00j  2.8522622226-1.3643568311e+00j]
 [ 5.6828752032+1.3641748755e+00j  7.4193964427-1.3633604695e+00j  5.7870256327-1.3642765850e+00j  5.4219990428-1.3643386806e+00j  5.2824638616-1.3643637197e+00j  5.2592492377+1.3643722274e+00j  5.3301169217+1.3643557487e+00j
   5.5126012924+1.3643323581e+00j  5.894246294 +1.3642805536e+00j  7.0440503841+1.3639158746e+00j  6.2740444725-1.3641458705e+00j  5.4164316524-1.3642754818e+00j  4.9415700089-1.3643094205e+00j  4.602628254 -1.3643255843e+00j
   4.3380212625-1.3643359847e+00j  4.1353002309-1.3643497276e+00j  3.6256580554+1.3641049648e+00j  3.6774016676-1.3643527375e+00j  3.5331593666-1.3643515467e+00j  3.39157813  -1.3643527154e+00j  3.257391592 -1.3643539897e+00j
   3.130235613 -1.3643551113e+00j  3.0090834738-1.3643560467e+00j  2.8928574364-1.3643568011e+00j]
 [ 5.0597663371+1.3643669033e+00j  5.7817813892+1.3641722083e+00j  7.5321793665-1.3633633977e+00j  5.9166160008-1.3642797840e+00j  5.5734069402-1.3643430636e+00j  5.4648683417-1.3643701571e+00j  5.4893208363+1.3643618657e+00j
   5.6428658629+1.3643363736e+00j  6.004847308 +1.3642833793e+00j  7.1404572216+1.3639179684e+00j  6.3597116486-1.3641442508e+00j  5.4936182676-1.3642741723e+00j  5.0117004115-1.3643082895e+00j  4.6662766448-1.3643244509e+00j
   4.3938971842-1.3643342649e+00j  4.1705740138-1.3643418189e+00j  3.9987287572-1.3643550400e+00j  3.4412424365+1.3640099501e+00j  3.5606865251-1.3643557970e+00j  3.4303050221-1.3643534699e+00j  3.298418955 -1.3643541579e+00j
   3.171692746 -1.3643551219e+00j  3.050448277 -1.3643560150e+00j  2.9340261519-1.3643567702e+00j]
 [ 4.1889757746+6.2184500721e-06j  5.1418666519+1.3643570794e+00j  5.8932819884+1.3641690053e+00j  7.6613272859-1.3633670921e+00j  6.0682412651-1.3642841964e+00j  5.7561047681-1.3643495040e+00j  5.6952283991+1.3643721923e+00j
   5.8023324563+1.3643424958e+00j  6.1353430182+1.3642874005e+00j  7.2512551295+1.3639208002e+00j  6.4562767485-1.3641421498e+00j  5.5793953301-1.3642725429e+00j  5.0889273344-1.3643069651e+00j  4.7363302826-1.3643232929e+00j
   4.4572322307-1.3643330715e+00j  4.2255161193-1.3643399167e+00j  4.0302928761-1.3643459843e+00j  3.8816924307-1.3643593293e+00j  3.2619535538+1.3638858077e+00j  3.4550895709-1.3643584355e+00j  3.3363765511-1.3643550658e+00j
   3.2125169576-1.3643553515e+00j  3.0919682021-1.3643560602e+00j  2.975622902 -1.3643567636e+00j]
 [ 7.2043315943+1.3062315726e+00j  4.2145160329+3.0886940530e-05j  5.2356646487+1.3643459775e+00j  6.0211126602+1.3641650160e+00j  7.8125194506-1.3633719910e+00j  6.2511609274-1.3642906664e+00j  5.9867640094-1.3643598656e+00j
   6.0085352533+1.3643528256e+00j  6.2950796583+1.3642935276e+00j  7.3819897233+1.3639248269e+00j  6.5672795253-1.3641393119e+00j  5.6761267698-1.3642704347e+00j  5.1748222907-1.3643053261e+00j  4.8136051427-1.3643219535e+00j
   4.5272157238-1.3643318862e+00j  4.2885420215-1.3643386628e+00j  4.0842996984-1.3643438983e+00j  3.9095427022-1.3643491324e+00j  3.7793723163-1.3643629476e+00j  3.0808920016+1.3637137119e+00j  3.3583015972-1.3643607859e+00j
   3.2496866209-1.3643564197e+00j  3.1325961096-1.3643563539e+00j  3.017225715 -1.3643568451e+00j]
 [ 3.8990424567+1.3642047634e+00j  7.30288749  +1.3062262373e+00j  4.2367710785+6.7567349483e-05j  5.344794616 +1.3643332275e+00j  6.1709521659+1.3641598019e+00j  7.9950150132-1.3633789392e+00j  6.4820465749-1.3643010578e+00j
   6.3003760222+1.3643734719e+00j  6.5015846134+1.3643038606e+00j  7.5420039358+1.3639309590e+00j  6.6982609154-1.3641352796e+00j  5.787342571 -1.3642675907e+00j  5.2717283383-1.3643032106e+00j  4.899626196 -1.3643203048e+00j
   4.6045463375-1.3643305317e+00j  4.3584621335-1.3643374499e+00j  4.1470206725-1.3643425831e+00j  3.9626124378-1.3643468611e+00j  3.8035030235-1.3643516151e+00j  3.6885305758-1.3643661019e+00j  2.8895111447+1.3634551876e+00j
   3.2686238162-1.3643629376e+00j  3.1689573538-1.3643575900e+00j  3.057664645 -1.3643572062e+00j]
 [ 2.7369252735+6.4242623295e-04j  4.0238532959+1.3642100663e+00j  7.4141195715+1.3062210934e+00j  4.2508357174+1.2755210960e-04j  5.4748176293+1.3643182444e+00j  6.3520591218+1.3641525179e+00j  8.2254852291-1.3633898008e+00j
   6.7958896723-1.3643204580e+00j  6.7937366596+1.3643245032e+00j  7.7488181295+1.3639412950e+00j  6.8585603935-1.3641291427e+00j  5.9185788502-1.3642635529e+00j  5.3831655135-1.3643003606e+00j  4.9967153263-1.3643181821e+00j
   4.6907019039-1.3643288733e+00j  4.4358565214-1.3643360802e+00j  4.2168843269-1.3643413424e+00j  4.0250327272-1.3643454840e+00j  3.8556335268-1.3643491568e+00j  3.7089344306-1.3643536386e+00j  3.606886395 -1.3643689219e+00j
   2.6740068093+1.3630165166e+00j  3.1847653767-1.3643649540e+00j  3.0931949173-1.3643586183e+00j]
 [ 3.5514783443+3.1284325387e-05j  2.4020039942+1.8085634434e-03j  4.1601171708+1.3642141036e+00j  7.5417624959+1.3062158819e+00j  4.2440545994+2.4239279543e-04j  5.6348545428+1.3643000027e+00j  6.581104199 +1.3641412997e+00j
   8.5389212487-1.3634096637e+00j  7.2894861829-1.3643694572e+00j  8.0412877206+1.3639619337e+00j  7.0656910703-1.3641188038e+00j  6.0791714649-1.3642574112e+00j  5.5146649673-1.3642963173e+00j  5.108382433 -1.3643153260e+00j
   4.7879828139-1.3643267434e+00j  4.5221552477-1.3643344120e+00j  4.2943507326-1.3643399573e+00j  4.0948470248-1.3643442151e+00j  3.9177574132-1.3643477170e+00j  3.7601232064-1.3643509918e+00j  3.6235544949-1.3643553324e+00j
   3.5327723255-1.3643714931e+00j  2.4042643365+1.3620928602e+00j  3.1057176872-1.3643668819e+00j]
 [ 3.7004156527+2.7614883894e-06j  3.6164669754+3.4549680470e-05j  2.3766673118+1.3617987734e+00j  4.3116981993+1.3642167343e+00j  7.6914941456+1.3062101566e+00j  4.1738407686+5.4495227315e-04j  5.8414132879+1.3642764118e+00j
   6.8930779151+1.3641210591e+00j  9.0321187362-1.3634591183e+00j  8.5372780192+1.3640206503e+00j  7.3584846289-1.3640981693e+00j  6.2866260417-1.3642470697e+00j  5.6755587774-1.3642901710e+00j  5.2401535518-1.3643112774e+00j
   4.8998886324-1.3643238813e+00j  4.6196368733-1.3643322749e+00j  4.3808015145-1.3643382793e+00j  4.1723939342-1.3643428146e+00j  3.9875296503-1.3643464197e+00j  3.8219550217-1.3643494885e+00j  3.67379869  -1.3643524951e+00j
   3.5456941045-1.3643567814e+00j  3.4649322326-1.3643738742e+00j  1.9736451787+1.3588036001e+00j]
 [ 3.7641947078-5.9059062414e-06j  3.7796569273+2.2531250448e-06j  3.6910210568+3.8269327989e-05j  3.0350390077+1.3635826259e+00j  4.4843850854+1.3642176091e+00j  7.8725723775+1.3062030660e+00j  3.7176503293+3.2401733560e-03j
   6.1292901792+1.3642420974e+00j  7.3847752521+1.3640712055e+00j 10.2795193201-1.3638221671e+00j  7.8547207217-1.3640394836e+00j  6.5797501508-1.3642264394e+00j  5.8833448515-1.3642798269e+00j  5.4013568147-1.3643051265e+00j
   5.0319401242-1.3643198274e+00j  4.7317904215-1.3643294069e+00j  4.4784930474-1.3643361350e+00j  4.2590059351-1.3643411268e+00j  4.0651658118-1.3643450036e+00j  3.8916927091-1.3643481624e+00j  3.7353428281-1.3643509276e+00j
   3.5949904976-1.3643537518e+00j  3.4740954064-1.3643580440e+00j  3.4023961304-1.3643761071e+00j]
 [ 3.7977561765-9.4918643838e-06j  3.8482302479-7.2323410790e-06j  3.8705809186+1.3785016883e-06j  3.7782448453+4.2496433183e-05j  3.4185422655+1.3638888307e+00j  4.6875312888+1.3642159566e+00j  8.1016672193+1.3061927398e+00j
   4.4914071662+1.3630098693e+00j  6.5950458085+1.3641761004e+00j  8.6306371062+1.3637077359e+00j  9.5965782712-1.3631300355e+00j  7.0762371774-1.3641677851e+00j  6.1768062607-1.3642592011e+00j  5.6094821724-1.3642947799e+00j
   5.1934613068-1.3643136720e+00j  4.8641312254-1.3643253478e+00j  4.5909035965-1.3643332611e+00j  4.3569168412-1.3643389753e+00j  4.151948483 -1.3643433059e+00j  3.9694271546-1.3643467307e+00j  3.805053711 -1.3643495724e+00j
   3.6562514264-1.3643521192e+00j  3.5224403965-1.3643548199e+00j  3.4077866351-1.3643591613e+00j]
 [ 3.8188913631-1.0676672423e-05j  3.8837792319-1.1180911613e-05j  3.9444454371-9.0246153823e-06j  3.9768023056-8.6131034181e-08j  3.8829790945+4.7235763474e-05j  3.7522077673+1.3640113607e+00j  4.9378898935+1.3642099734e+00j
   8.4137686581+1.3061740850e+00j  5.3568158486+1.3636400883e+00j  7.8128345311+1.3637939363e+00j  7.946117964 -1.3643532831e+00j  8.8177182196-1.3632587729e+00j  6.6735494851-1.3642005785e+00j  5.9032878038-1.3642741590e+00j
   5.401933932 -1.3643033231e+00j  5.025979015 -1.3643191879e+00j  4.7235428962-1.3643291968e+00j  4.4695939317-1.3643360956e+00j  4.2500885207-1.3643411473e+00j  4.0563902564-1.3643450230e+00j  3.8828957783-1.3643481248e+00j
   3.7259435056-1.3643507345e+00j  3.583422671 -1.3643531213e+00j  3.4551762281-1.3643557407e+00j]
 [ 3.8400714748-8.8479334833e-06j  3.9052664948-1.2656594153e-05j  3.9822034381-1.3362579524e-05j  4.0565241922-1.1525776463e-05j  4.1038583052-2.5464832774e-06j  4.0133360995+5.2316610337e-05j  4.0951671751+1.3640716005e+00j
   5.2705235069+1.3641946223e+00j  8.905671256 +1.3061265066e+00j  6.8028870241+1.3634612184e+00j  7.0977553822-1.3642889708e+00j  7.1656396189+1.3642702216e+00j  8.4146610202-1.3632919963e+00j  6.4002926185-1.3642155683e+00j
   5.696090887 -1.3642827072e+00j  5.2348070986-1.3643088369e+00j  4.8857262125-1.3643230327e+00j  4.6025411697-1.3643320262e+00j  4.3630419796-1.3643382618e+00j  4.1547694966-1.3643428573e+00j  3.9700494022-1.3643464073e+00j
   3.8039028624-1.3643492709e+00j  3.653104225 -1.3643517067e+00j  3.5158845033-1.3643539750e+00j]
 [ 3.9008111824+1.1759418236e-05j  3.9248736172-1.1290090836e-05j  4.004180081 -1.5139749489e-05j  4.0967345103-1.6283847961e-05j  4.1900872045-1.5165863903e-05j  4.2608403543-6.8064079212e-06j  4.1843587774+5.6952482797e-05j
   4.4983953265+1.3640967663e+00j  5.7822905623+1.3641493560e+00j 10.1518155974+1.3057659983e+00j  6.2567116506+1.3642392710e+00j  6.2837817233+1.3643085760e+00j  6.7609230346+1.3642365095e+00j  8.1410414145-1.3633074107e+00j
   6.193362817 -1.3642241490e+00j  5.529322664 -1.3642882262e+00j  5.0949181611-1.3643126797e+00j  4.7650691766-1.3643258579e+00j  4.4963068721-1.3643341875e+00j  4.2680094547-1.3643399661e+00j  4.0686782486-1.3643442345e+00j
   3.8912574543-1.3643475434e+00j  3.7311908938-1.3643502271e+00j  3.5855641124-1.3643525302e+00j]
 [ 3.7279618027+7.9418252851e-05j  3.9787285202+7.3431755802e-06j  4.0223039813-1.4247441280e-05j  4.1193485995-1.8374151031e-05j  4.2330181642-2.0379480652e-05j  4.3543275547-2.0779779278e-05j  4.4642195879-1.4678381550e-05j
   4.4286137719+5.7892711196e-05j  5.0664606196+1.3640784472e+00j  7.0476881255+1.3637902082e+00j  9.4676559638+1.3064613315e+00j  5.5825152142+1.3641603560e+00j  5.8420575306+1.3642436094e+00j  6.4856020055+1.3642205829e+00j
   7.9337554211-1.3633164105e+00j  6.0268673716-1.3642297008e+00j  5.3897998167-1.3642920745e+00j  4.9746336229-1.3643155031e+00j  4.6591889902-1.3643280151e+00j  4.401602007 -1.3643358868e+00j  4.1822151595-1.3643413376e+00j
   3.9901466654-1.3643453636e+00j  3.8187572788-1.3643484896e+00j  3.6637884971-1.3643510343e+00j]
 [ 3.7604700472-7.8862139297e-04j  3.8256686351+6.5683221770e-05j  4.0691761836+2.3191573039e-06j  4.1360879427-1.7967911563e-05j  4.2564295361-2.2795827722e-05j  4.4002764112-2.6490086740e-05j  4.5658415149-3.0220167219e-05j
   4.7487455683-3.1183734842e-05j  4.839053224 +3.7955898568e-05j  6.3781761782+1.3637382553e+00j  6.3822206764-1.3642667230e+00j  8.6876140489+1.3063364545e+00j  5.2644410877+1.3641597144e+00j  5.525456673 +1.3641893593e+00j
   6.2765715449+1.3642110467e+00j  7.7669101206-1.3633223766e+00j  5.8876231058-1.3642335823e+00j  5.2698890482-1.3642949036e+00j  4.8691348027-1.3643176586e+00j  4.5648479267-1.3643297105e+00j  4.3161456819-1.3643372535e+00j
   4.1039913245-1.3643424611e+00j  3.9179179909-1.3643463028e+00j  3.7515779061-1.3643492869e+00j]
 [ 4.5019414437+1.3643331835e+00j  3.9685537155-4.0107326618e-04j  3.9344366119+5.1920509305e-05j  4.175884663 -3.5655259836e-06j  4.2718921008-2.2887535669e-05j  4.4246578715-2.9246932477e-05j  4.6151392147-3.6475251403e-05j
   4.859534605 -4.8561129181e-05j  5.2109184467-7.6825882029e-05j  5.9834727417-2.7974043543e-04j  5.7517014883-1.3643047946e+00j  5.6203547319+1.3643606627e+00j  8.2834108206+1.3063077484e+00j  5.0625033511+1.3641673114e+00j
   5.2698447513+1.3641317717e+00j  6.107937668 +1.3642045195e+00j  7.6273221366-1.3633266676e+00j  5.7679968692-1.3642364450e+00j  5.1647718845-1.3642970651e+00j  4.77518422  -1.3643193526e+00j  4.4797653769-1.3643310734e+00j
   4.2382704496-1.3643383723e+00j  4.0320815561-1.3643433948e+00j  3.8510216573-1.3643470931e+00j]
 [ 5.4349818793-1.3635531670e+00j  4.5220755652+1.3643356039e+00j  4.1402524068-2.0283953207e-04j  4.0581857246+3.7735954902e-05j  4.3045252666-1.0752283678e-05j  4.4389607926-2.9848589218e-05j  4.6406779732-3.9588929737e-05j
   4.9125516331-5.5417577983e-05j  5.3321040378-9.6376626321e-05j  6.4248129123-4.3549120445e-04j  5.1642479071+4.9134842947e-04j  5.0232490368+1.3643330672e+00j  5.2338514584+1.3643306484e+00j  8.0086801815+1.3062975073e+00j
   4.9173123655+1.3641754597e+00j  5.0478842307+1.3640632865e+00j  5.9665158705+1.3641996419e+00j  7.5073581282-1.3633299355e+00j  5.6631703393-1.3642386405e+00j  5.0712110605-1.3642987653e+00j  4.690501523 -1.3643207141e+00j
   4.4022741911-1.3643321885e+00j  4.1667202563-1.3643393014e+00j  3.9655156709-1.3643441797e+00j]
 [ 3.7371644248-2.5258237895e-04j  5.4564361964-1.3635637492e+00j  4.5456588512+1.3643381931e+00j  4.297867178 -8.5971663353e-05j  4.2027573453+2.2571390418e-05j  4.464346378 -2.0089310788e-05j  4.6539480213-4.0712808526e-05j
   4.9394510278-5.8906708496e-05j  5.3892576596-1.0390152820e-04j  6.5578774154-4.5764925045e-04j  5.7054206519+2.6175363299e-04j  4.1838022847+5.3540243350e-04j  4.6657869006+1.3643111460e+00j  4.9763809565+1.3643182571e+00j
   7.8003173563+1.3062943363e+00j  4.8053290612+1.3641827895e+00j  4.8442760019+1.3639755792e+00j  5.8446716185+1.3641957614e+00j  7.4021995917-1.3633325319e+00j  5.5699064079-1.3642403752e+00j  4.9869264476-1.3643001333e+00j
   4.6134198304-1.3643218281e+00j  4.3311186276-1.3643331141e+00j  4.1005252766-1.3643400818e+00j]
 [ 4.1481926346-1.3642579924e+00j  3.756946106 -2.9233229641e-04j  5.4815675451-1.3635764926e+00j  4.5732955428+1.3643410775e+00j  4.454833895 -1.3127645632e-05j  4.3775566804+5.4808009919e-06j  4.6720050721-3.3444976484e-05j
   4.9518249388-6.0565540797e-05j  5.417739239 -1.0778751168e-04j  6.6196407286-4.6592278338e-04j  5.8521768764+2.3642006693e-04j  4.8865666545+1.3908202227e-04j  3.3876085221+1.1864479217e-03j  4.4338524347+1.3643051239e+00j
   4.7848711723+1.3643121118e+00j  7.6324286758+1.3062948548e+00j  4.7149560994+1.3641891276e+00j  4.6481065717+1.3638554590e+00j  5.7375851472+1.3641925254e+00j  7.3086092465-1.3633346636e+00j  5.4859251086-1.3642417782e+00j
   4.9102513966-1.3643012542e+00j  4.542683681 -1.3643227527e+00j  4.2653291891-1.3643338911e+00j]
 [ 4.81262635  -1.3642803524e+00j  4.262593559 -1.3642660472e+00j  3.7640187246-3.5518442147e-04j  5.5117545538-1.3635920344e+00j  4.6055319174+1.3643445501e+00j  4.6234885394+3.0882688789e-05j  4.5993895071-1.5486853213e-05j
   4.9624742161-5.5912191956e-05j  5.4293641108-1.0999471749e-04j  6.6499467811-4.7023041062e-04j  5.9190902422+2.2730123815e-04j  5.0492682294+1.0981223118e-04j  4.4391836226+1.1320001327e-04j  2.8005113149+1.3620355277e+00j
   4.2650164023+1.3643040668e+00j  4.633458122 +1.3643088471e+00j  7.4918300547+1.3062977049e+00j  4.6396797857+1.3641945662e+00j  4.4490620409+1.3636774949e+00j  5.6420178439+1.3641897265e+00j  7.2243069621-1.3633364599e+00j
   5.4095599602-1.3642429345e+00j  4.8399306869-1.3643021859e+00j  4.4773238703-1.3643235291e+00j]
 [ 5.6583441061-1.3641830978e+00j  4.9138127439-1.3642830537e+00j  4.3901423799-1.3642745122e+00j  3.7427286533-4.7222287034e-04j  5.5492049732-1.3636113074e+00j  4.6422652348+1.3643494115e+00j  4.8206581977+5.1170555492e-05j
   4.9033736592-4.5494482522e-05j  5.4325262718-1.0808766224e-04j  6.6609805585-4.7300038119e-04j  5.9514868874+2.2254303223e-04j  5.1219538723+9.9730432635e-05j  4.6206867748+7.8948397814e-05j  4.115833693 +1.0688982387e-04j
   3.2047781898+1.3638123874e+00j  4.1339035403+1.3643049176e+00j  4.5089847445+1.3643071180e+00j  7.3708874837+1.3063022362e+00j  4.5755015206+1.3641992442e+00j  4.2336025911+1.3633829575e+00j  5.5556881715+1.3641872344e+00j
   7.1476261011-1.3633380060e+00j  5.3395559162-1.3642439022e+00j  4.7749953643-1.3643029696e+00j]
 [ 6.762496268 +1.3637306420e+00j  5.7573695803-1.3641851865e+00j  5.0279204088-1.3642863257e+00j  4.5345099454-1.3642836155e+00j  3.6424168488-7.7804548991e-04j  5.5977146541-1.3636357506e+00j  4.6799775596+1.3643584727e+00j
   5.0786512831+4.4226905190e-05j  5.386426714 -1.0519758332e-04j  6.6565737777-4.7398176861e-04j  5.9620989633+2.1919458883e-04j  5.1567348625+9.4487626108e-05j  4.6998676664+6.7758830545e-05j  4.3198428731+6.6172589461e-05j
   3.8519021259+1.0952702729e-04j  3.284308918 +1.3640570277e+00j  4.0277363145+1.3643065511e+00j  4.4038417116+1.3643062846e+00j  7.2647818289+1.3063080989e+00j  4.5198024752+1.3642032916e+00j  3.9763165487+1.3627961274e+00j
   5.4769280079+1.3641849630e+00j  7.0773114687-1.3633393603e+00j  5.2749442027-1.3642447224e+00j]
 [ 5.3552496019+1.3642444797e+00j  6.8611455953+1.3637287198e+00j  5.8691309489-1.3641878220e+00j  5.1586771522-1.3642904158e+00j  4.7013160055-1.3642937787e+00j  3.0483978548-4.1749369739e-03j  5.6644941052-1.3636677650e+00j
   4.6941835352-1.3643652552e+00j  5.4872523247-1.4924561628e-05j  6.6231100301-4.7865475663e-04j  5.9500358723+2.1517025168e-04j  5.1671068306+9.0543263346e-05j  4.7373590995+6.1991123719e-05j  4.4063675057+5.3694910774e-05j
   4.0833592903+6.0153698683e-05j  3.6192699639+1.1902505061e-04j  3.3024598195+1.3641528813e+00j  3.9392054741+1.3643084886e+00j  4.3132325007+1.3643060059e+00j  7.1702752162+1.3063150892e+00j  4.4707805614+1.3642068178e+00j
   3.6017145083+1.3610387179e+00j  5.4044805911+1.3641828529e+00j  7.0123941497-1.3633405640e+00j]
 [ 4.8572588369+1.3642949126e+00j  5.4540851126+1.3642426287e+00j  6.9724402636+1.3637262605e+00j  5.9973618995-1.3641912538e+00j  5.311754139 -1.3642957599e+00j  4.8997657769-1.3643058340e+00j  3.9104771063-1.3635445780e+00j
   5.765499239 -1.3637119549e+00j  4.2854213196-1.3637797406e+00j  6.6043128883-4.2851341691e-04j  5.9289986253+2.0286119059e-04j  5.147290629 +8.3306510836e-05j  4.747685704 +5.7431141728e-05j  4.4469337129+4.7354205325e-05j
   4.1782347003+4.6160200976e-05j  3.8850055962+5.7595063383e-05j  3.4012744496+1.3638070624e-04j  3.2992054124+1.3642036384e+00j  3.8637554499+1.3643105096e+00j  4.2339400145+1.3643060847e+00j  7.0850869574+1.3063230809e+00j
   4.4271463208+1.3642099116e+00j  1.4428786907+6.6053149682e-01j  5.3373753524+1.3641808617e+00j]
 [ 4.5331071528+1.3643117825e+00j  4.9565663637+1.3642931099e+00j  5.5655131967+1.3642402443e+00j  7.1001153885+1.3637230143e+00j  6.1477394033-1.3641959195e+00j  5.4964026468-1.3643031999e+00j  5.1464818886-1.3643216368e+00j
   4.587219193 -1.3641047805e+00j  5.9471614625-1.3637804938e+00j  6.2381566668-6.2563226674e-04j  5.6973621369+9.1797490538e-05j  5.1386367629+6.3262179452e-05j  4.7200052509+4.6794201456e-05j  4.4574240542+4.2156020711e-05j
   4.2222856693+3.9188633522e-05j  3.9894421883+4.1793697295e-05j  3.7111746893+5.7251857051e-05j  3.1843857051+1.6572799661e-04j  3.2870262713+1.3642349246e+00j  3.7983652382+1.3643125082e+00j  4.1637027096+1.3643064002e+00j
   7.0075498911+1.3063319928e+00j  4.3879474135+1.3642126446e+00j  3.473364254 +3.6800937664e-03j]
 [ 4.273272916 +1.3643180580e+00j  4.6331347142+1.3643100324e+00j  5.0684286661+1.3642907751e+00j  5.6932698827+1.3642370769e+00j  7.2498492679+1.3637185432e+00j  6.3295204617-1.3642026632e+00j  5.7292862683-1.3643145976e+00j
   5.4764118703-1.3643462693e+00j  5.2847892869-1.3643104692e+00j  6.4999703542-1.3639887857e+00j  5.8613667134+1.4303033332e-04j  4.3107624138-1.4701340823e-03j  4.7238713723+1.8901935844e-05j  4.4217476983+2.7908497242e-05j
   4.2331647422+3.3326004319e-05j  4.0374430181+3.4121062229e-05j  3.8266483549+3.9261213769e-05j  3.5536910821+5.8630468526e-05j  2.9525357573+2.1815576964e-04j  3.2709481787+1.3642560846e+00j  3.7409347733+1.3643144342e+00j
   4.1008711152+1.3643068750e+00j  6.9364083322+1.3063417710e+00j  4.3524618059+1.3642150742e+00j]
 [ 4.0324707624+1.3643180272e+00j  4.3743578259+1.3643163892e+00j  4.7456822331+1.3643077495e+00j  5.1965827611+1.3642876584e+00j  5.8430342906+1.3642326885e+00j  7.4309001331+1.3637120032e+00j  6.559374301 -1.3642133482e+00j
   6.0453887044-1.3643350380e+00j  5.986312441 +1.3643523884e+00j  6.6776365912+1.3640043076e+00j  6.0394875726+5.1997223970e-04j  5.2355412571+4.0162395645e-05j  4.275191434 -1.3631133846e+00j  4.4384669509-7.9431583749e-06j
   4.189332572 +1.5229298071e-05j  4.0489536852+2.7563128533e-05j  3.879131435 +3.0801534827e-05j  3.6820313748+3.7941796947e-05j  3.4070269052+6.1605657031e-05j  2.6764532342+3.2928503719e-04j  3.253287318 +1.3642713256e+00j
   3.6899489507+1.3643162654e+00j  4.0442059343+1.3643074576e+00j  6.8706929068+1.3063523792e+00j]
 [ 3.7733169935+1.3643101933e+00j  4.1352280501+1.3643165208e+00j  4.4879200719+1.3643141848e+00j  4.8744880777+1.3643046844e+00j  5.3467086726+1.3642833221e+00j  6.0240653864+1.3642262349e+00j  7.6599383472+1.3637015306e+00j
   6.8722901577-1.3642330619e+00j  6.5414983852+1.3643675984e+00j  7.2505906144+1.3639849191e+00j  6.109134052 -1.3641005738e+00j  5.5176055114+2.7158952213e-04j  4.9258166863+2.1989892796e-05j  4.4051645816-1.3636153368e+00j
   4.2194548471-2.8674764712e-05j  3.9967677713+5.3431828164e-06j  3.8915369692+2.3511621311e-05j  3.7396122736+2.8588690267e-05j  3.5505457652+3.7523145513e-05j  3.2669914532+6.6307138478e-05j  2.2647150698+6.9831953262e-04j
   3.235199122 +1.3642828157e+00j  3.6442813259+1.3643179939e+00j  3.9927530147+1.3643081127e+00j]
 [ 3.4231580677+1.3642795085e+00j  3.8792041299+1.3643091215e+00j  4.2503930077+1.3643144704e+00j  4.6177002263+1.3643111954e+00j  5.0252335244+1.3643003993e+00j  5.5280661915+1.3642769221e+00j  6.2530341841+1.3642158526e+00j
   7.9719541941+1.3636820379e+00j  7.3650618931-1.3642823937e+00j  7.792049921 +1.3640038963e+00j  6.5846710285-1.3640799040e+00j  5.4255454286-1.3642588326e+00j  5.1118224409-2.0242555239e-04j  4.7122208008+1.7851527710e-05j
   4.4128309203-1.3637396074e+00j  4.0410835442-4.6667462461e-05j  3.8307490192-3.1505711765e-06j  3.7531996544+2.0522796185e-05j  3.6139442578+2.7143431488e-05j  3.4286775023+3.7850033670e-05j  3.1299803582+7.3127420352e-05j
   1.3403573926+1.3594459146e+00j  3.2172861935+1.3642917834e+00j  3.6030733252+1.3643196195e+00j]
 [ 2.3288958189+1.3635760661e+00j  3.5375081494+1.3642804938e+00j  3.9973410522+1.3643074756e+00j  4.381710648 +1.3643116272e+00j  4.769381609 +1.3643069836e+00j  5.2071795236+1.3642940502e+00j  5.7573270805+1.3642665947e+00j
   6.5649315384+1.3641964542e+00j  8.4637424964+1.3636329354e+00j  8.6121294383+1.3641073619e+00j  7.1124917809-1.3640573674e+00j  5.8229493222-1.3642127177e+00j  5.1047332375-1.3643133032e+00j  4.5561779238-2.2098016491e-03j
   4.5425647754+1.8693907486e-05j  4.394787406 -1.3637922658e+00j  3.8903171834-6.3258909344e-05j  3.6834952703-1.0958146248e-05j  3.6290284726+1.8248303736e-05j  3.4987458552+2.6274752347e-05j  3.3138042252+3.8861286214e-05j
   2.9924104581+8.2837263309e-05j  2.2323080175+1.3638351056e+00j  3.1998679178+1.3642989756e+00j]
 [ 3.2403566985+6.4626408632e-05j  2.5888036421+1.3638177020e+00j  3.6634786228+1.3642806868e+00j  4.1314852368+1.3643050099e+00j  4.5348683701+1.3643075545e+00j  4.952227067 +1.3643007055e+00j  5.4369989116+1.3642837735e+00j
   6.0694828711+1.3642472526e+00j  7.0565527646+1.3641474497e+00j  9.7097440634+1.3632702208e+00j  7.9289464671-1.3639531429e+00j  6.3372400107-1.3641868245e+00j  5.4371236706-1.3642498505e+00j  4.9039298856-1.3643448636e+00j
   4.2775909516-1.3585092587e+00j  4.3961762925+2.2266420610e-05j  4.3694508262-1.3638191030e+00j  3.7596755708-7.9063464018e-05j  3.5500068634-1.8502167953e-05j  3.5156755561+1.6485392339e-05j  3.3915659559+2.5872761852e-05j
   3.2038291056+4.0564245507e-05j  2.8501014391+9.6886604329e-05j  2.4474519177+1.3640896594e+00j]
 [ 3.533555115 +2.0669625206e-05j  3.3146799896+6.7294158472e-05j  2.8146835098+1.3639409589e+00j  3.8048979784+1.3642798734e+00j  4.2873352992+1.3643012902e+00j  4.7191327759+1.3643014091e+00j  5.182911199 +1.3642904979e+00j
   5.7496842127+1.3642644821e+00j  6.5613294866+1.3641983061e+00j  8.3023390895+1.3637848371e+00j  9.0254133672+1.3639626693e+00j  7.1499341101-1.3640818337e+00j  5.938010098 -1.3642207976e+00j  5.1808081336-1.3642690121e+00j
   4.7623211063-1.3643666392e+00j  4.7461177975-1.3619940273e+00j  4.2623397334+2.7987923120e-05j  4.3422466193-1.3638338677e+00j  3.6444978987-9.4377765409e-05j  3.4268230413-2.6082447193e-05j  3.4107309716+1.5109149033e-05j
   3.2905332414+2.5876958781e-05j  3.0969457683+4.3029297174e-05j  2.6972890276+1.1816288261e-04j]
 [ 3.6946335651+7.9306339498e-06j  3.6200772578+1.9756807840e-05j  3.4007978805+6.9858276404e-05j  3.030751273 +1.3640144797e+00j  3.9675255158+1.3642776452e+00j  4.474167964 +1.3642954755e+00j  4.9511819257+1.3642913280e+00j
   5.4964281674+1.3642712736e+00j  6.2420322671+1.3642155861e+00j  7.8073086955+1.3638357529e+00j  7.6177453296-1.3642753164e+00j  8.2451722585+1.3638342316e+00j  6.7468128145-1.3641150350e+00j  5.6684306343-1.3642369894e+00j
   4.9908807532-1.3642816023e+00j  4.6555616088+1.3643696724e+00j  4.9166587888-1.3625718979e+00j  4.1341792401+3.5974475629e-05j  4.3150599971-1.3638421103e+00j  3.5417073989-1.0933487709e-04j  3.3113858054-3.3952454542e-05j
   3.3123746657+1.4039667988e-05j  3.1941447073+2.6260714363e-05j  2.9914629707+4.6399836896e-05j]
 [ 3.8085903362+2.3130035770e-06j  3.7849679164+6.4489690435e-06j  3.7191362446+1.8349837011e-05j  3.5023595657+7.2131217010e-05j  3.2520849981+1.3640617799e+00j  4.1606901526+1.3642731827e+00j  4.7086704531+1.3642857050e+00j
   5.2660131791+1.3642722248e+00j  5.9895763367+1.3642224432e+00j  7.4884856893+1.3638530837e+00j  7.1228757924-1.3642243395e+00j  6.8371936086+1.3643490633e+00j  7.8407418298+1.3638012910e+00j  6.4732160038-1.3641304509e+00j
   5.4653917041-1.3642467923e+00j  4.8414330648-1.3642910078e+00j  4.5715630962+1.3643566523e+00j  5.0140585849-1.3628094663e+00j  4.0062012139+4.6897568614e-05j  4.288571226 -1.3638464854e+00j  3.4491848616-1.2397230999e-04j
   3.2016794276-4.2365152580e-05j  3.2191686349+1.3224936113e-05j  3.1011275042+2.7024286970e-05j]
 [ 3.900293749 -5.6943036610e-07j  3.9008399876+6.4340041146e-07j  3.8879238505+4.4478950800e-06j  3.8344605721+1.6200561171e-05j  3.6249443861+7.3750270324e-05j  3.4930462054+1.3640925347e+00j  4.4011242672+1.3642646430e+00j
   5.0258484402+1.3642668941e+00j  5.7604278588+1.3642235103e+00j  7.2367997404+1.3638600046e+00j  6.8045005522-1.3642069578e+00j  6.3424533175-1.3643526047e+00j  6.432405222 +1.3643162364e+00j  7.5657560762+1.3637861432e+00j
   6.2660384638-1.3641394756e+00j  5.3029946699-1.3642535853e+00j  4.7192683262-1.3642985932e+00j  4.5034955791+1.3643459305e+00j  5.0795737878-1.3629387883e+00j  3.8728153456+6.2236677444e-05j  4.2629979256-1.3638484117e+00j
   3.365421908 -1.3826625582e-04j  3.0960043079-5.1610112056e-05j  3.1299240385+1.2631484063e-05j]
 [ 3.9804932797-2.1038179672e-06j  3.9937283248-2.3232450655e-06j  4.005730169 -1.5501611356e-06j  4.0072336814+1.6777608684e-06j  3.9717215238+1.2872822825e-05j  3.7776957982+7.3962996965e-05j  3.7733872963+1.3641102256e+00j
   4.7238728164+1.3642469565e+00j  5.5225108109+1.3642184551e+00j  7.0088727385+1.3638611830e+00j  6.553555773 -1.3641999743e+00j  6.024500111 -1.3643351720e+00j  5.9377629234+1.3643673406e+00j  6.1570142995+1.3643012061e+00j
   7.3571102839+1.3637773937e+00j  6.0993861249-1.3641454892e+00j  5.1680506514-1.3642587252e+00j  4.61674178  -1.3643050168e+00j  4.4471473755+1.3643368623e+00j  5.1278876416-1.3630199833e+00j  3.7267298531+8.5151509195e-05j
   4.2383691705-1.3638487083e+00j  3.2893152858-1.5215147754e-04j  2.9928162811-6.2054745776e-05j]
 [ 4.0549226856-2.8534570354e-06j  4.074755019 -3.9024201710e-06j  4.0998084437-4.6022108475e-06j  4.1269938766-4.5174876319e-06j  4.1485727862-2.2992153442e-06j  4.1401698926+7.5243419732e-06j  3.9771500023+7.1018822149e-05j
   4.1301031142+1.3641127691e+00j  5.2257790342+1.3641995482e+00j  6.773111237 +1.3638563880e+00j  6.3268077562-1.3641986891e+00j  5.7742689212-1.3643281271e+00j  5.6202066724-1.3643678830e+00j  5.6624390383+1.3643523765e+00j
   5.9479161942+1.3642925781e+00j  7.1889108141+1.3637716621e+00j  5.9600745399-1.3641498501e+00j  5.052921017 -1.3642628619e+00j  4.5290252445-1.3643106366e+00j  4.3997507922+1.3643290332e+00j  5.1657546961-1.3630755984e+00j
   3.5558445535+1.2327492797e-04j  4.214636863 -1.3638478757e+00j  3.2200376111-1.6553495469e-04j]
 [ 4.1271521524-3.0781746778e-06j  4.1498097782-4.6786764767e-06j  4.1816634791-6.2265396917e-06j  4.222267384 -7.6561650298e-06j  4.2703072166-8.6965259968e-06j  4.3211963519-8.3270756657e-06j  4.3564681476-1.7064836698e-06j
   4.2581390925+5.9971479217e-05j  4.6613656311+1.3640813931e+00j  6.4813267673+1.3638384291e+00j  6.0931159612-1.3642032378e+00j  5.5486597615-1.3643267391e+00j  5.3706626393-1.3643607780e+00j  5.3452552613+1.3643699124e+00j
   5.4533772575+1.3643438167e+00j  5.7792172674+1.3642869720e+00j  7.0479735825+1.3637675900e+00j  5.8404693739-1.3641532097e+00j  4.9527821838-1.3642663457e+00j  4.4528733096-1.3643156655e+00j  4.3593965605+1.3643221623e+00j
   5.1967706424-1.3631159972e+00j  3.3340057529+2.0038748377e-04j  4.1917237496-1.3638462336e+00j]
 [ 4.199736901 -2.9014553512e-06j  4.2225395984-4.9205028057e-06j  4.2573436724-7.0295266636e-06j  4.3049521312-9.3260241410e-06j  4.3667815542-1.1923087483e-05j  4.4449261547-1.4931494059e-05j  4.5417715694-1.8269337291e-05j
   4.6555981877-1.9904708290e-05j  4.717269552 +2.0409230564e-05j  5.9426025251+1.3637332603e+00j  5.8060088854-1.3642203222e+00j  5.3169576099-1.3643310545e+00j  5.1461544082-1.3643592908e+00j  5.0963730218-1.3643756311e+00j
   5.1365420141+1.3643614047e+00j  5.2846841281+1.3643382805e+00j  5.6377333683+1.3642830293e+00j  6.9266645501+1.3637645256e+00j  5.7357512037-1.3641559193e+00j  4.8643920011-1.3642693815e+00j  4.3859990921-1.3643202390e+00j
   4.3247160725+1.3643160513e+00j  5.2230432625-1.3631466116e+00j  2.9751530198+4.4572153284e-04j]
 [ 4.2747765308-2.3734537581e-06j  4.2955419361-4.7554464161e-06j  4.3305737081-7.2884883214e-06j  4.3812580002-1.0155860618e-05j  4.4502975895-1.3638864544e-05j  4.5426072432-1.8247231335e-05j  4.6675187123-2.5086096120e-05j
   4.8452854169-3.7213139006e-05j  5.1343459207-6.7657789574e-05j  5.9287554941-3.3144158235e-04j  5.2899995589-1.3643147813e+00j  5.0342816077-1.3643473298e+00j  4.9163671402-1.3643633847e+00j  4.87292984  -1.3643740482e+00j
   4.8882972018+1.3643686272e+00j  4.9681739663+1.3643559213e+00j  5.1431756301+1.3643344097e+00j  5.5158303255+1.3642800984e+00j  6.8201645241+1.3637621174e+00j  5.6426819007-1.3641581853e+00j  4.7854656765-1.3642720971e+00j
   4.326730424 -1.3643244484e+00j  4.2946972657+1.3643105556e+00j  5.2458966345-1.3631705637e+00j]
 [ 4.3542472851-1.4953826456e-06j  4.3709415414-4.2357718694e-06j  4.4039935797-7.1350903987e-06j  4.4549882556-1.0431988015e-05j  4.5272295451-1.4495675207e-05j  4.6269563608-2.0009326091e-05j  4.7664128169-2.8492338689e-05j
   4.9730727535-4.4247670365e-05j  5.3285292719-8.5748211943e-05j  6.3671426664-4.2896509277e-04j  5.2077751282+3.7349175395e-04j  4.5385354657+1.3643198852e+00j  4.6378968777+1.3643737983e+00j  4.6449875759+1.3643747762e+00j
   4.6658851018+1.3643703026e+00j  4.7205431433+1.3643632013e+00j  4.8269675347+1.3643521037e+00j  5.0212176683+1.3643315527e+00j  5.4086887478+1.3642778277e+00j  6.7252355421+1.3637601590e+00j  5.5589805568-1.3641601365e+00j
   4.7143321153-1.3642745762e+00j  4.2738076633-1.3643283578e+00j  4.2685722011+1.3643055670e+00j]
 [ 4.440256442 -2.2543146972e-07j  4.4507305661-3.3638761423e-06j  4.4797532898-6.6237276297e-06j  4.5288257353-1.0290247090e-05j  4.601460174 -1.4789002763e-05j  4.7045149924-2.0893241913e-05j  4.8515970421-3.0301163904e-05j
   5.0731865067-4.7745788197e-05j  5.4583805999-9.3006160601e-05j  6.5659403524-4.4787640541e-04j  5.6694327842+2.6495140725e-04j  4.3884088405+2.5955548164e-04j  4.1603651089+1.3642959093e+00j  4.3705164554+1.3643599495e+00j
   4.4397224608+1.3643666200e+00j  4.4991299438+1.3643649663e+00j  4.5799281278+1.3643594406e+00j  4.7052890116+1.3643493007e+00j  4.9139908728+1.3643293580e+00j  5.3130704075+1.3642760108e+00j  6.6395967982+1.3637585210e+00j
   5.4829798246-1.3641618578e+00j  4.6497318688-1.3642768757e+00j  4.2262584075-1.3643320143e+00j]
 [ 4.5353042132+1.5286204982e-06j  4.5370268331-2.0986558360e-06j  4.5598609265-5.7579888279e-06j  4.6049457984-9.7871833733e-06j  4.6757154712-1.4658920518e-05j  4.7792463052-2.1203808317e-05j  4.929783127 -3.1212322624e-05j
   5.1592081089-4.9601770665e-05j  5.5597210243-9.6597566981e-05j  6.697880476 -4.5536364317e-04j  5.8729693852+2.4517758626e-04j  4.8756273334+1.3804593682e-04j  3.9419487201+2.4366941682e-04j  3.9094668599+1.3642885806e+00j
   4.1690606706+1.3643524440e+00j  4.2746857009+1.3643614750e+00j  4.3594833177+1.3643612925e+00j  4.4588192517+1.3643566938e+00j  4.5983193663+1.3643471606e+00j  4.8182569832+1.3643276192e+00j  5.2266941671+1.3642745186e+00j
   6.5615809846+1.3637571186e+00j  5.4134238657-1.3641634072e+00j  4.5906919679-1.3642790358e+00j]
 [ 4.6426346208+3.9331748835e-06j  4.6323378065-3.4833469874e-07j  4.6464448587-4.4974804085e-06j  4.6853724985-8.9275852643e-06j  4.7521962594-1.4164145766e-05j  4.8539197705-2.1085389736e-05j  5.0050155975-3.1540171096e-05j
   5.2380226209-5.0540317284e-05j  5.6465825307-9.8501148588e-05j  6.8004550083-4.5904979773e-04j  6.0070241808+2.3745494504e-04j  5.084034314 +1.1736500617e-04j  4.4574358749+1.0670542600e-04j  3.6214794088+2.4887601219e-04j
   3.7230138911+1.3642867201e+00j  4.0076585172+1.3643479072e+00j  4.1367000948+1.3643579840e+00j  4.2393138837+1.3643586301e+00j  4.3523982316+1.3643546095e+00j  4.5028206299+1.3643454772e+00j  4.7317347742+1.3643262071e+00j
   5.1478923192+1.3642732659e+00j  6.48993224  +1.3637558934e+00j  5.3493431857-1.3641648258e+00j]
 [ 4.7668033021+7.2827410969e-06j  4.7399126426+2.0531968850e-06j  4.7420197964-2.7508712445e-06j  4.7722447531-7.6717717463e-06j  4.8329425889-1.3310674411e-05j  4.930761785 -2.0598896604e-05j  5.0801077286-3.1433424640e-05j
   5.3137568938-5.0885495863e-05j  5.72602665  -9.9467235893e-05j  6.8881592175-4.6100143658e-04j  6.1108406974+2.3367253308e-04j  5.2202308005+1.0940058774e-04j  4.670852153 +8.5069504940e-05j  4.1684800629+9.3229400857e-05j
   3.3631766922+2.6485268938e-04j  3.575339963 +1.3642871125e+00j  3.8731463982+1.3643449857e+00j  4.0181378696+1.3643554964e+00j  4.1338048241+1.3643566279e+00j  4.2574277925+1.3643529815e+00j  4.4165118226+1.3643441214e+00j
   4.6527563955+1.3643250370e+00j  5.0754085345+1.3642721947e+00j  6.4236809851+1.3637548042e+00j]
 [ 4.9147332198+1.2123527853e-05j  4.8643106939+5.4002486606e-06j  4.8498400229-3.5234351937e-07j  4.868084512 -5.9288575229e-06j  4.9201039293-1.2059540853e-05j  5.0118284288-1.9751540427e-05j  5.1573116046-3.0955208631e-05j
   5.3892683412-5.0790433634e-05j  5.802263548 -9.9829797725e-05j  6.9682343402-4.6199522569e-04j  6.1993906941+2.3167236147e-04j  5.3252976435+1.0552035611e-04j  4.8092185665+7.6856657947e-05j  4.3870526379+7.0586995637e-05j
   3.9456419549+8.6228015439e-05j  3.1401787193+2.8981344120e-04j  3.4534493588+1.3642885281e+00j  3.7579088443+1.3643430326e+00j  3.9141855216+1.3643536618e+00j  4.0397202389+1.3643550798e+00j  4.1716275966+1.3643516809e+00j
   4.3377252932+1.3643430084e+00j  4.5800653184+1.3643240505e+00j  5.008272696 +1.3642712636e+00j]
 [ 5.0979510957+1.9568569822e-05j  5.0124576525+1.0238887509e-05j  4.9744686022+2.9922134349e-06j  4.9761511796-3.5333164100e-06j  5.0162094655-1.0320306399e-05j  5.0992797291-1.8505073986e-05j  5.2386993716-3.0113958500e-05j
   5.4668348536-5.0320493221e-05j  5.8781951213-9.9746435655e-05j  7.0449748715-4.6237522933e-04j  6.280098442 +2.3065070054e-04j  5.4146968131+1.0347115756e-04j  4.9155445718+7.2876987629e-05j  4.5276185122+6.2118771323e-05j
   4.1695266038+6.2523642707e-05j  3.7630137083+8.2325695857e-05j  2.937954568 +3.2488006013e-04j  3.3498657505+1.3642904170e+00j  3.6571435106+1.3643417006e+00j  3.8216102347+1.3643522745e+00j  3.9547810813+1.3643538572e+00j
   4.0933305864+1.3643506228e+00j  4.265204667 +1.3643420801e+00j  4.5126911697+1.3643232066e+00j]
 [ 5.3381455982+3.2260094747e-05j  5.1958822608+1.7682043381e-05j  5.122833956 +7.8287254354e-06j  5.1010115274-1.9123626454e-07j  5.1245237171-7.9277363795e-06j  5.1956521015-1.6769506033e-05j  5.3264416203-2.8872148486e-05j
   5.5485446807-4.9485342526e-05j  5.9561251893-9.9284772399e-05j  7.1213275452-4.6230358738e-04j  6.3573438076+2.3025319077e-04j  5.4960390439+1.0242144529e-04j  5.0057966159+7.0778247972e-05j  4.6352130378+5.8037982604e-05j
   4.3123228552+5.3792773435e-05j  3.9923757568+5.7499456284e-05j  3.6073959605+8.0169415364e-05j  2.7469170603+3.7348127354e-04j  3.2599032372+1.3642925093e+00j  3.5676277301+1.3643407869e+00j  3.7381358377+1.3643512063e+00j
   3.8773215072+1.3643528753e+00j  4.0212809337+1.3643497494e+00j  4.1979796789+1.3643412954e+00j]
 [ 5.6846962779+5.8322847654e-05j  5.4362746797+3.0371863439e-05j  5.3064668525+1.5270018588e-05j  5.2495967076+4.6431684059e-06j  5.2496171602-4.5881166633e-06j  5.3042151762-1.4379893351e-05j  5.4230819949-2.7140235714e-05j
   5.6365789857-4.8248180466e-05j  6.0381581467-9.8455717144e-05j  7.1996222381-4.6185020606e-04j  6.4341187277+2.3031308843e-04j  5.5737906458+1.0200635901e-04j  5.0877754337+6.9700294693e-05j  4.7263219904+5.5889166278e-05j
   4.4211958125+4.9609121668e-05j  4.1374347761+4.8498332172e-05j  3.8424111405+5.4156509460e-05j  3.4711382072+7.9113596049e-05j  2.5592579305+4.4248437326e-04j  3.1804374514+1.3642946647e+00j  3.487094586 +1.3643401657e+00j
   3.6620991721+1.3643503731e+00j  3.8060868294+1.3643520764e+00j  3.9545088748+1.3643490195e+00j]
 [ 6.3010800116+1.4077099056e-04j  5.7830155454+5.6433027809e-05j  5.5470589564+2.7958160449e-05j  5.4334395197+1.2082620716e-05j  5.3984236783+2.4419862492e-07j  5.4295431311-1.1042719351e-05j  5.5318952314-2.4753568418e-05j
   5.733488639 -4.6519913557e-05j  6.1264857387-9.7223196855e-05j  7.2819795335-4.6102724496e-04j  6.5127792701+2.3075817967e-04j  5.6509891362+1.0205448376e-04j  5.1660348828+6.9267555074e-05j  4.8089397569+5.4782771514e-05j
   4.5131660566+4.7409670223e-05j  4.2475966617+4.4210003246e-05j  3.9897668911+4.4877152945e-05j  3.7119936132+5.1843772626e-05j  3.3494034755+7.8813357536e-05j  2.366820316 +5.4577650204e-04j  3.1092851142+1.3642968083e+00j
   3.4138893808+1.3643397552e+00j  3.5922480634+1.3643497173e+00j  3.7401083582+1.3643514195e+00j]
 [ 8.5570606137-2.2078342913e-03j  6.3995824922+1.3887964348e-04j  5.8939920057+5.4017767312e-05j  5.6742331426+2.4769109563e-05j  5.5824781077+7.6818304339e-06j  5.578572582 -6.2124771000e-06j  5.6574592077-2.1418827121e-05j
   5.8425534796-4.4136181540e-05j  6.2236660623-9.5498568545e-05j  7.3706017713-4.5979936262e-04j  6.5954622539+2.3157504509e-04j  5.7300169134+1.0249127325e-04j  5.2436584517+6.9303873623e-05j  4.8877088812+5.4332294916e-05j
   4.5964254021+4.6274621989e-05j  4.3404329472+4.1959333767e-05j  4.1012288209+4.0482258431e-05j  3.8616817367+4.2277810750e-05j  3.596298633 +5.0210283411e-05j  3.2389345623+7.9069758253e-05j  2.1583438779+7.1493761312e-04j
   3.0448632006+1.3642989000e+00j  3.3467676945+1.3643395000e+00j  3.5276161768+1.3643491986e+00j]
 [ 6.1460626626-1.5869422791e-04j  8.6557398159-2.2097271536e-03j  6.510744415 +1.3646289235e-04j  6.0213604326+5.0827188464e-05j  5.8234751519+2.0366689924e-05j  5.7628404076+1.2233529785e-06j  5.8067132732-1.6590643202e-05j
   5.9683550834-4.0803861677e-05j  6.3329840565-9.3117763595e-05j  7.4680542754-4.5807836776e-04j  6.6843806282+2.3279829087e-04j  5.8130270838+1.0330203855e-04j  5.3230550159+6.9732346063e-05j  4.9657592282+5.4356769076e-05j
   4.6757062557+4.5806317559e-05j  4.4243367825+4.0795407824e-05j  4.1949362827+3.8179761861e-05j  3.9744554818+3.7774382685e-05j  3.7483565624+4.0348917568e-05j  3.4920826251+4.9050295448e-05j  3.1374297937+7.9761991044e-05j
   1.9128812488+1.0392383365e-03j  2.9859891128+1.3643009191e+00j  3.2847703167+1.3643393613e+00j]
 [ 5.5521534002-9.1522730881e-05j  6.2449123314-1.6058864047e-04j  8.7670809921-2.2121453764e-03j  6.6383006074+1.3327085797e-04j  6.1707988018+4.6423268877e-05j  6.0040428469+1.3906605208e-05j  5.9911963545-9.1565976906e-06j
   6.1178355352-3.5977723061e-05j  6.459024994 -8.9787855682e-05j  7.5776270835-4.5570048362e-04j  6.7821069461+2.3451565524e-04j  5.9022432218+1.0452064663e-04j  5.4063940238+7.0537003755e-05j  5.0455263041+5.4776905315e-05j
   4.7541852789+4.5818903984e-05j  4.5041316545+4.0309177082e-05j  4.2794878118+3.6986720933e-05j  4.0690396592+3.5419422045e-05j  3.8624545875+3.5734902860e-05j  3.6465497072+3.8884268333e-05j  3.3970588904+4.8235364897e-05j
   3.0431991754+8.0814466536e-05j  1.5733075855+1.9057661150e-03j  2.9317572869+1.3643028560e+00j]
 [ 5.1884735064-6.8287993030e-05j  5.6511672867-9.3418775838e-05j  6.3564268262-1.6300836141e-04j  8.8948190159-2.2153388405e-03j  6.7879291005+1.2886551640e-04j  6.3515650407+3.9961710644e-05j  6.2326062363+3.5250677687e-06j
   6.3025358152-2.8545446601e-05j  6.608733697 -8.4963751061e-05j  7.7039091647-4.5237298000e-04j  6.8919363433+2.3689062284e-04j  6.0002451141+1.0623438121e-04j  5.4959096941+7.1750970369e-05j  5.1291959585+5.5575444755e-05j
   4.8343247702+4.6230680868e-05j  4.5830414579+4.0309827005e-05j  4.3597992356+3.6482457331e-05j  4.1542423922+3.4197014991e-05j  3.9579214448+3.3326811357e-05j  3.7619852107+3.4157522750e-05j  3.5539765172+3.7754924340e-05j
   3.3095539261+4.7681304574e-05j  2.9549621199+8.2179551433e-05j  0.7247514311+1.1433200267e-02j]
 [ 4.9211719158-5.6596750482e-05j  5.2876451387-7.0185802736e-05j  5.7628492195-9.5840066602e-05j  6.4843410599-1.6620327301e-04j  9.0446319671-2.2197455713e-03j  6.9688878795+1.2240256810e-04j  6.5803292254+2.9578724491e-05j
   6.5441552641-1.5865349070e-05j  6.7936532053-7.7533229827e-05j  7.8538480806-4.4755089983e-04j  7.0184614853+2.4021572791e-04j  6.1103329943+1.0860643445e-04j  5.5941890528+7.3461073537e-05j  5.2190130762+5.6784763422e-05j
   4.9183270437+4.7023088118e-05j  4.6635554536+4.0713217187e-05j  4.4391421372+3.6471116282e-05j  4.2350731557+3.3674603450e-05j  4.0437792113+3.2074772294e-05j  3.8583411585+3.1695601756e-05j  3.6707634744+3.2913206036e-05j
   3.4689656772+3.6876163915e-05j  3.2283053531+4.7330768425e-05j  2.8717220272+8.3827973969e-05j]
 [ 4.7067528082-4.9624896961e-05j  5.0204943576-5.8496513068e-05j  5.3994884655-7.2608782949e-05j  5.8909341429-9.9036487032e-05j  6.6343331529-1.7061140247e-04j  9.2257778811-2.2262098701e-03j  7.1978470806+1.1201822212e-04j
   6.8920813696+1.0186882067e-05j  7.0354844254-6.4854683073e-05j  8.0389889364-4.4012212173e-04j  7.1686326759+2.4503579136e-04j  6.2371032253+1.1192914481e-04j  5.7045374329+7.5830212482e-05j  5.3175719294+5.8491231136e-05j
   5.008447675 +4.8227749530e-05j  4.7478924883+4.1499474870e-05j  4.5200329183+3.6866088024e-05j  4.3148516952+3.3651210959e-05j  4.1251323671+3.1534088711e-05j  3.9448581222+3.0413649134e-05j  3.7680153922+3.0396722944e-05j
   3.587118886 +3.1917126457e-05j  3.3902571494+3.6190063024e-05j  3.1523367276+4.7143472945e-05j]
 [ 4.5254744304-4.5048864227e-05j  4.8062183914-5.1526864985e-05j  5.1324926429-6.0921355390e-05j  5.5277384532-7.5806819117e-05j  6.041100209 -1.0344606605e-04j  6.8156611826-1.7707705275e-04j  9.4549269466-2.2365955296e-03j
   7.5097967801+9.2625048394e-05j  7.3836160412-3.8803856120e-05j  8.2810342146-4.2744511035e-04j  7.3539970913+2.5246283663e-04j  6.3875088558+1.1674719739e-04j  5.831554896 +7.9150529936e-05j  5.4281829533+6.0857453625e-05j
   5.1072881917+4.9930575240e-05j  4.8383188561+4.2699466779e-05j  4.6047070319+3.7646175175e-05j  4.396121742 +3.4037727920e-05j  4.205349315 +3.1498577993e-05j  4.0267369988+2.9854559863e-05j  3.855196066 +2.9084558556e-05j
   3.6852741465+2.9345312388e-05j  3.5097922792+3.1111247884e-05j  3.3168769981+3.5655712392e-05j]
 [ 4.3666438113-4.1862184165e-05j  4.6250744456-4.6953367017e-05j  4.9183645581-5.3953803166e-05j  5.2609017506-6.4121164467e-05j  5.6780732764-8.0217941925e-05j  6.2226055284-1.0991310843e-04j  7.0449953815-1.8746401838e-04j
   9.767069294 -2.2559899817e-03j  8.0015316106+4.3633005630e-05j  8.6293738096-4.0139566795e-04j  7.5962588   +2.6513832627e-04j  6.5730991392+1.2417251831e-04j  5.9821972387+8.3966575586e-05j  5.5554499101+6.4175377918e-05j
   5.2181641349+5.2293876828e-05j  4.9374433509+4.4398641330e-05j  4.6954415211+3.8841482270e-05j  4.4811354341+3.4811619826e-05j  4.2870013143+3.1876599005e-05j  4.1073953652+2.9806857482e-05j  3.9376042791+2.8506919855e-05j
   3.7731234085+2.8002620328e-05j  3.6088587732+2.8483295236e-05j  3.4378106413+3.0454540829e-05j]
 [ 4.2237692847-3.9559621347e-05j  4.4663681366-4.3769644862e-05j  4.7373604865-4.9382707470e-05j  5.0469262893-5.7155600010e-05j  5.4113998672-6.8533972786e-05j  5.8597510683-8.6686458086e-05j  6.4521203674-1.2030141067e-04j
   7.3573259253-2.0685973318e-04j 10.2589996125-2.3049832694e-03j  9.2474922089-3.1896008589e-04j  7.9448089213+2.9118640191e-04j  6.8155797395+1.3684649799e-04j  6.1680157979+9.1390178724e-05j  5.7063313484+6.8989418580e-05j
   5.34568297  +5.5609405558e-05j  5.0485866247+4.6759015199e-05j  4.7948524595+4.0536993800e-05j  4.5721805976+3.6002223599e-05j  4.372357273 +3.2644267030e-05j  4.1894322184+3.0176336312e-05j  4.0187073233+2.8446945372e-05j
   3.8560648735+2.7406277778e-05j  3.6973818839+2.7109740785e-05j  3.5377968054+2.7769600663e-05j]
 [ 4.0925686894-3.7861273839e-05j  4.3236059268-4.1470580193e-05j  4.5787847693-4.6201782743e-05j  4.8660675248-5.2586775396e-05j  5.1975817713-6.1570289801e-05j  5.593245137 -7.5004089073e-05j  6.0894421184-9.7076166155e-05j
   6.764634937 -1.3969840862e-04j  7.8494475502-2.5585424230e-04j 11.5051585973-2.6675775746e-03j  8.5631328912+3.7362072726e-04j  7.1643430149+1.6289322279e-04j  6.4107178429+1.0406265833e-04j  5.8923806944+7.6411308568e-05j
   5.4968060016+6.0421441120e-05j  5.1763598499+5.0072143743e-05j  4.906265616 +4.2894430663e-05j  4.6718806011+3.7694057424e-05j  4.4637158378+3.3830145639e-05j  4.2751333272+3.0937747713e-05j  4.1011321546+2.8807830468e-05j
   3.9376161139+2.7333943367e-05j  3.7808608285+2.6494528663e-05j  3.6269994251+2.6364829106e-05j]
 [ 3.9700230767-3.6601263222e-05j  4.1925032028-3.9776419963e-05j  4.4361421682-4.3906021455e-05j  4.70762866  -4.9408488573e-05j  5.0168737336-5.7003606804e-05j  5.3795891466-6.8042183350e-05j  5.8231078601-8.5395314093e-05j
   6.4021366614-1.1647450422e-04j  7.2569440099-1.8869414962e-04j  9.0958010003-6.1844972950e-04j 10.8210006255-1.9749979457e-03j  7.7828753683+2.4532631244e-04j  6.7596969837+1.3010804626e-04j  6.1353068318+8.9082296023e-05j
   5.6830887519+6.7841620568e-05j  5.3277270915+5.4882171962e-05j  5.0342958746+4.6205152090e-05j  4.7835663382+4.0048545428e-05j  4.5637076896+3.5518284131e-05j  4.3668082006+3.2118875827e-05j  4.1871815002+2.9562948198e-05j
   4.0204322789+2.7686177586e-05j  3.8628640536+2.6409738718e-05j  3.7110204033+2.5730569729e-05j]
 [ 3.8538764052-3.5676983645e-05j  4.0700378112-3.8521478259e-05j  4.3051458302-4.2215811572e-05j  4.5651129265-4.7115836228e-05j  4.8585779546-5.3827799875e-05j  5.199037239 -6.3477514603e-05j  5.6096187119-7.8435083759e-05j
   6.1359782819-1.0479508832e-04j  6.8946294943-1.6547152192e-04j  8.5034883678-5.5129081966e-04j  8.4118407032+7.4128754496e-05j 10.0409474708-2.1032935175e-03j  7.3784406086+2.1253991923e-04j  6.484504636 +1.1512635907e-04j
   5.9262417281+8.0511121784e-05j  5.5142459737+6.2300641395e-05j  5.1859100655+5.1013168517e-05j  4.9118564098+4.3356850410e-05j  4.6756688561+3.7869808749e-05j  4.4670948517+3.3803298286e-05j  4.2791757765+3.0739296835e-05j
   4.1068331587+2.8434960082e-05j  3.9460751489+2.6753259034e-05j  3.7934796828+2.5633220427e-05j]
 [ 3.7423467826-3.5023877140e-05j  3.9539495136-3.7603402198e-05j  4.1827706644-4.0965649845e-05j  4.4342314458-4.5429339037e-05j  4.7161963059-5.1538063133e-05j  5.0408907468-6.0304031591e-05j  5.4292283188-7.3872304346e-05j
   5.9226607084-9.7836434079e-05j  6.6286512099-1.5379346395e-04j  8.1413614243-5.2806940774e-04j  7.8197224778+1.4128652820e-04j  7.6319884853-5.4167927258e-05j  9.6367201669-2.1360810425e-03j  7.1034624981+1.9755703228e-04j
   6.2756610836+1.0655386986e-04j  5.7576286367+7.4968660196e-05j  5.3726679216+5.8429926302e-05j  5.0637204163+4.8162848305e-05j  4.8042216611+4.1175685466e-05j  4.5793344528+3.6151842202e-05j  4.3797603517+3.2419979350e-05j
   4.1991501269+2.9606496436e-05j  4.0328310794+2.7495659993e-05j  3.8770895555+2.5967957626e-05j]
 [ 3.6339454364-3.4602203267e-05j  3.8424508855-3.6957971592e-05j  4.066752572 -4.0053424045e-05j  4.3119564593-4.4183665872e-05j  4.5854380971-4.9855041304e-05j  4.8986503501-5.8017018909e-05j  5.2712372774-7.0700991775e-05j
   5.7424371924-9.3275421851e-05j  6.4155099383-1.4683628931e-04j  7.8755674623-5.1639263217e-04j  7.4577869445+1.6450678271e-04j  7.0400682071+1.2988754572e-05j  7.227965435 -8.6956529633e-05j  9.3619526676-2.1510650384e-03j
   6.8948362287+1.8898335809e-04j  6.1072725241+1.0101010109e-04j  5.6162832248+7.1096464352e-05j  5.2507202064+5.5577890567e-05j  4.9563384815+4.5979655705e-05j  4.7081530579+3.9455276232e-05j  4.4922815548+3.4765522332e-05j
   4.3000359312+3.1283411732e-05j  4.1254742298+2.8662347246e-05j  3.964204281 +2.6703925760e-05j]
 [ 3.5273522642-3.4390056062e-05j  3.7340457943-3.6545904460e-05j  3.9552990239-3.9415236472e-05j  4.1960203509-4.3276931720e-05j  4.4632731736-4.8613564250e-05j  4.7680237595-5.6337236397e-05j  5.1291452427-6.8416514051e-05j
   5.5846077245-9.0106129174e-05j  6.2354586385-1.4227692518e-04j  7.6626072139-5.0943684362e-04j  7.1921815434+1.7618234855e-04j  6.6783279496+3.6207907357e-05j  6.6362466864-1.9800897917e-05j  6.9534055627-1.0194157256e-04j
   9.1535402351-2.1596398008e-03j  6.7266680817+1.8343841689e-04j  5.966154721 +9.7136603652e-05j  5.4945712123+6.8242947298e-05j  5.1435832879+5.3392976244e-05j  4.8605258265+4.4257207211e-05j  4.6213691782+3.8066496541e-05j
   4.4128420719+3.3625930503e-05j  4.2266647558+3.0335464524e-05j  4.057177314 +2.7865722880e-05j]
 [ 3.4213196377-3.4380089055e-05j  3.627404225 -3.6345927618e-05j  3.8469070718-3.9012244935e-05j  4.0846259263-4.2645544243e-05j  4.347430749 -4.7711959784e-05j  4.6459786957-5.5099663305e-05j  4.9986585376-6.6739736978e-05j
   5.4426710983-8.7824000332e-05j  6.0777968221-1.3910950517e-04j  7.4827334439-5.0487901180e-04j  6.979407033 +1.8313684133e-04j  6.4129153594+4.7882333173e-05j  6.2747055987+3.4172060496e-06j  6.3618919705-3.4786951796e-05j
   6.7452041895-1.1051735425e-04j  8.9855892235-2.1651858119e-03j  6.5857739066+1.7956375731e-04j  5.8446734937+9.4281788318e-05j  5.3876731721+6.6056548770e-05j  5.0480188585+5.1668797410e-05j  4.7740011707+4.2866374072e-05j
   4.5422020887+3.6924424921e-05j  4.3397593444+3.2674932611e-05j  4.1586762488+2.9535007642e-05j]
 [ 3.314585808 -3.4578964849e-05j  3.5212650054-3.6351582833e-05j  3.7402374845-3.8823787115e-05j  3.976263988 -4.2251079331e-05j  4.2361094115-4.7086922213e-05j  4.530241551 -5.4202825080e-05j  4.8767430277-6.5505777229e-05j
   5.3123324571-8.6149997802e-05j  5.9360225815-1.3682954270e-04j  7.3252453088-5.0171332093e-04j  6.7997160799+1.8769325302e-04j  6.2003312955+5.4835617148e-05j  6.0094900819+1.5090558421e-05j  6.0005539763-1.1569846620e-05j
   6.1538994262-4.3363707965e-05j  6.5774677306-1.1606435934e-04j  8.8449155578-2.1690615255e-03j  6.4645196125+1.7670778775e-04j  5.7380095182+9.2094092469e-05j  5.2923509135+6.4330880441e-05j  4.961745769 +5.0276222797e-05j
   4.6950967276+4.1722232117e-05j  4.4693952928+3.5970924303e-05j  4.2720629768+3.1871395227e-05j]
 [ 3.2057816261-3.5009594639e-05j  3.4143475743-3.6570799355e-05j  3.6340164331-3.8844269675e-05j  3.8695868234-4.2073458497e-05j  4.127794298 -4.6700421121e-05j  4.4190071497-5.3583682603e-05j  4.7611226332-6.4613342044e-05j
   5.1905560789-8.4919363438e-05j  5.8058400853-1.3515808754e-04j  7.1836403567-4.9943534637e-04j  6.6424076052+1.9085735430e-04j  6.0208284183+5.9390717130e-05j  5.7971011663+2.2042717051e-05j  5.7355398084+1.0249566452e-07j
   5.7927684806-2.0147554524e-05j  5.9863755168-4.8911653811e-05j  6.4370121746-1.1994104423e-04j  8.7238852254-2.1719185357e-03j  6.3580859679+1.7451894316e-04j  5.6429247109+9.0367125339e-05j  5.2063234084+6.2936808541e-05j
   4.8830963687+4.9130325610e-05j  4.6225561522+4.0766641455e-05j  4.4019785645+3.5164858146e-05j]
 [ 3.0933101369-3.5717516241e-05j  3.3052561885-3.7028315181e-05j  3.5269456583-3.9082870304e-05j  3.7633089034-4.2107921141e-05j  4.0211299812-4.6532930248e-05j  4.3107555585-5.3204572456e-05j  4.6499888704-6.3999637688e-05j
   5.0750637587-8.4030969937e-05j  5.6842122874-1.3393049431e-04j  7.0536219814-4.9776621582e-04j  6.5009787652+1.9313351489e-04j  5.86370553  +6.2553364013e-05j  5.6177915951+2.6596609722e-05j  5.5233507365+7.0536087405e-06j
   5.527959951 -8.4761623150e-06j  5.6254556072-2.5696408117e-05j  5.8461362807-5.2789248585e-05j  6.3162035747-1.2279900568e-04j  8.6176790762-2.1741084100e-03j  6.2632349853+1.7279083024e-04j  5.5571381543+8.8971750629e-05j
   5.1279231321+6.1789403677e-05j  4.8108144543+4.8172963223e-05j  4.5554093766+3.9958462595e-05j]
 [ 2.9751635495-3.6785541100e-05j  3.1923556748-3.7772294934e-05j  3.4176041693-3.9566160427e-05j  3.656115511 -4.2364859522e-05j  3.9148202467-4.6580481542e-05j  4.204124427 -5.3046484960e-05j  4.5418173395-6.3627339077e-05j
   4.9640441607-8.3422246855e-05j  5.5688592007-1.3304578446e-04j  6.9321520713-4.9654138412e-04j  6.3711323744+1.9480053857e-04j  5.7224595428+6.4827879678e-05j  5.4608601638+2.9757932833e-05j  5.3442396717+1.1606394306e-05j
   5.3159754117-1.5260188055e-06j  5.3608570202-1.4025909424e-05j  5.4854314288-2.9574869809e-05j  5.7255478228-5.5648091974e-05j  6.2102228492-1.2498981408e-04j  8.5230592066-2.1758375445e-03j  6.1776858468+1.7139431010e-04j
   5.4789824385+8.7823036316e-05j  5.0558940114+6.0830520512e-05j  4.743930104 +4.7362993282e-05j]
 [ 2.848598503 -3.8369435933e-05j  3.0735828429-3.8889140123e-05j  3.304320022 -4.0345020715e-05j  3.5465619839-4.2872656441e-05j  3.807535269 -4.6854633499e-05j  4.0978079184-5.3106197240e-05j  4.435239576 -6.3477913984e-05j
   4.8559690255-8.3056177162e-05j  5.4579670904-1.3244158806e-04j  6.8169491955-4.9566000458e-04j  6.2498295084+1.9602288278e-04j  5.5927928813+6.6493008618e-05j  5.3198036834+3.2030967300e-05j  5.1875055111+1.4766519416e-05j
   5.1370680238+3.0257554825e-06j  5.1490816967-7.0766634324e-06j  5.2210471046-1.7905211632e-05j  5.3650620861-3.2434542537e-05j  5.6197911156-5.7839757377e-05j  6.1158321657-1.2671986822e-04j  8.4377448862-2.1772350808e-03j
   6.0997712455+1.7024444799e-04j  5.4072016094+8.6862834332e-05j  4.9892662599+6.0019013869e-05j]
 [ 2.7094437807-4.0803954538e-05j  2.9461158252-4.0538332023e-05j  3.1849755773-4.1509790477e-05j  3.4329414888-4.3684943178e-05j  3.6978084955-4.7385531191e-05j  3.9904625397-5.3396372491e-05j  4.3289412216-6.3548830998e-05j
   4.749464596 -8.2914663994e-05j  5.3500044452-1.3208116456e-04j  6.7061976684-4.9505988450e-04j  6.1347876236+1.9690127941e-04j  5.4716660546+6.7713133034e-05j  5.1903243719+3.3694407506e-05j  5.0466451013+1.7038230774e-05j
   4.9805368887+6.1848032752e-06j  4.9703831255-2.5258091385e-06j  5.0094856745-1.0956795175e-05j  5.1008963621-2.0765675540e-05j  5.259528589 -3.4627003042e-05j  5.5256283828-5.9570646679e-05j  6.0307508674-1.2811831267e-04j
   8.3600688988-2.1783859564e-03j  6.0282353345+1.6928309306e-04j  5.3408260038+8.6049996658e-05j]
 [ 2.5501156437-4.5065971676e-05j  2.8056898547-4.3050623002e-05j  3.0566686662-4.3224860271e-05j  3.313083739 -4.4896235433e-05j  3.583900482 -4.8229538295e-05j  3.8806018088-5.3948843799e-05j  4.2215666327-6.3853784621e-05j
   4.6432091202-8.2995808223e-05j  5.2435930411-1.3194680795e-04j  6.5983633294-4.9470452727e-04j  6.0241895246+1.9749776748e-04j  5.3567957298+6.8588887070e-05j  5.0693824101+3.4912572754e-05j  4.9173606309+1.8700181647e-05j
   4.839879021 +8.4553436558e-06j  4.8140607111+6.3227671727e-07j  4.8310010291-6.4067742958e-06j  4.8895534982-1.3818024823e-05j  4.9955858206-2.2958881655e-05j  5.1655932005-3.6358656643e-05j  5.4407790262-6.0969907652e-05j
   5.9533118149-1.2927008802e-04j  8.2887754911-2.1793483252e-03j  5.9621085616+1.6846909436e-04j]
 [ 2.3488674648-5.7281911429e-05j  2.6447531571-4.7326825769e-05j  2.9150276626-4.5821350890e-05j  3.1840062122-4.6676798211e-05j  3.4635908937-4.9485477038e-05j  3.7664563052-5.4822638817e-05j  4.1116115107-6.4426198659e-05j
   4.5358363804-8.3314251815e-05j  5.1374048786-1.3203718760e-04j  6.4920643144-4.9457657131e-04j  5.9164989975+1.9784863290e-04j  5.246363633 +6.9182179716e-05j  4.9546939902+3.5786016339e-05j  4.7966121825+1.9916640591e-05j
   4.7107967487+1.0115997557e-05j  4.6736117611+2.9017919986e-06j  4.6748929693-3.2495405014e-06j  4.7112878567-9.2687556286e-06j  4.7844661916-1.6011937186e-05j  4.901877763 -2.4691239160e-05j  5.0809753636-3.7758654640e-05j
   5.3635759673-6.2122484160e-05j  5.8822593345-1.3023335119e-04j  8.2228952087-2.1801633410e-03j]]

np.log10(elall)/np.log10(mechall):
[[ 6.0904628426e-01+2.8507425812e-01j  6.0622096526e-01+2.9618895515e-01j  6.0907347856e-01+3.0521148814e-01j  6.1562071006e-01+3.1257869306e-01j  6.2523126452e-01-3.1839391190e-01j  6.3795537493e-01-3.2253133952e-01j
   6.5443601418e-01-3.2460079780e-01j  6.7629809256e-01-3.2365468672e-01j  7.0787435526e-01-3.1703838434e-01j  7.7052933572e-01-2.9016449544e-01j  8.7169270915e-01-4.2126416229e-01j  8.5901686195e-01-4.8559795876e-01j
   8.5523524017e-01-5.3027451330e-01j  8.0781855646e-01+5.7431942313e-01j  8.3351315735e-01-6.0483487396e-01j  8.3158780933e-01-6.3689870699e-01j  8.2813032812e-01-6.6783316363e-01j  8.2390127656e-01-6.9796597337e-01j
   8.1889624102e-01-7.2757831460e-01j  8.1297091796e-01-7.5687910272e-01j  8.0592917285e-01-7.8602578853e-01j  7.9753692889e-01-8.1514085622e-01j  7.8751814037e-01-8.4432292165e-01j  7.7554319434e-01-8.7365422724e-01j]
 [ 6.3008593620e-01+2.6918561329e-01j  6.1648860084e-01+2.8370556345e-01j  6.1487545443e-01+2.9448049458e-01j  6.1906747417e-01+3.0302953218e-01j  6.2724040262e-01+3.0974799252e-01j  6.3897243731e-01-3.1464643152e-01j
   6.5468935006e-01-3.1739694751e-01j  6.7588235598e-01-3.1711814938e-01j  7.0676912101e-01-3.1125346814e-01j  7.6846773587e-01-2.8564208438e-01j  8.6633253456e-01-4.1562741601e-01j  8.5307873278e-01-4.7866985037e-01j
   8.4705915920e-01-5.2285504897e-01j  8.4684167750e-01-5.5956594076e-01j  7.8253881213e-01+6.0186226804e-01j  8.2230218336e-01-6.2804432136e-01j  8.2142468348e-01-6.5816935434e-01j  8.1822931170e-01-6.8775660378e-01j
   8.1393129499e-01-7.1689623074e-01j  8.0863825582e-01-7.4575397507e-01j  8.0224413206e-01-7.7447083929e-01j  7.9456294047e-01-8.0316083059e-01j  7.8535511448e-01-8.3191715680e-01j  7.7432708308e-01-8.6081797363e-01j]
 [ 7.0589876097e-01+2.3477644252e-01j  6.3669078367e-01+2.6783807007e-01j  6.2458111430e-01+2.8208570043e-01j  6.2441091693e-01+2.9242904523e-01j  6.3026711943e-01+3.0036358039e-01j  6.4056258700e-01-3.0620498159e-01j
   6.5526445620e-01-3.0976087316e-01j  6.7563501951e-01-3.1023934286e-01j  7.0573123747e-01-3.0519752559e-01j  7.6639253075e-01-2.8092029746e-01j  8.6090895252e-01-4.0971783506e-01j  8.4730736319e-01-4.7144090748e-01j
   8.4073261835e-01-5.1489567423e-01j  8.3747243472e-01-5.5149806733e-01j  8.3977096205e-01-5.8388714729e-01j  7.5493721312e-01+6.2634145173e-01j  8.1128359270e-01-6.4888606171e-01j  8.1136756271e-01-6.7760647160e-01j
   8.0833691591e-01-7.0620560329e-01j  8.0388338691e-01-7.3460564882e-01j  7.9822271529e-01-7.6289549880e-01j  7.9128183417e-01-7.9117057878e-01j  7.8288005830e-01-8.1951510485e-01j  7.7276753735e-01-8.4800175880e-01j]
 [ 7.0750666580e-01+4.0993820338e-01j  7.1013508863e-01+2.3336756957e-01j  6.4387017924e-01+2.6625834370e-01j  6.3349240851e-01+2.8014321668e-01j  6.3509192561e-01+2.8991883075e-01j  6.4310618210e-01+2.9701511084e-01j
   6.5636068491e-01-3.0157049852e-01j  6.7566540133e-01-3.0293472204e-01j  7.0481896645e-01-2.9881169490e-01j  7.6432316514e-01-2.7595861377e-01j  8.5539839703e-01-4.0348087657e-01j  8.4154983894e-01-4.6387919337e-01j
   8.3475806702e-01-5.0658095157e-01j  8.3082477313e-01-5.4272028958e-01j  8.2918901955e-01-5.7531057410e-01j  8.3355999572e-01-6.0495777037e-01j  7.2412370028e-01+6.4869698872e-01j  8.0031329557e-01-6.6794849700e-01j
   8.0132402370e-01-6.9560671533e-01j  7.9838780582e-01-7.2346321856e-01j  7.9370722033e-01-7.5130519089e-01j  7.8760724784e-01-7.7916560550e-01j  7.8004493561e-01-8.0710737470e-01j  7.7084111869e-01-8.3519336154e-01j]
 [ 6.8850227865e-01-4.5528263514e-01j  7.1179318208e-01+4.0393686083e-01j  7.1475725259e-01+2.3176819133e-01j  6.5177508812e-01+2.6438131862e-01j  6.4347050254e-01+2.7777029815e-01j  6.4733322863e-01+2.8676287556e-01j
   6.5832734779e-01-2.9263608186e-01j  6.7615061248e-01-2.9508200933e-01j  7.0412080220e-01-2.9201329748e-01j  7.6229018873e-01-2.7070250005e-01j  8.4978944932e-01-3.9684237166e-01j  8.3575712722e-01-4.5592284773e-01j
   8.2887654047e-01-4.9789095911e-01j  8.2472770581e-01-5.3353472214e-01j  8.2225298619e-01-5.6584048062e-01j  8.2173708690e-01-5.9597135009e-01j  8.2795818891e-01-6.2370837040e-01j  6.8900678672e-01+6.6950046995e-01j
   7.8929010556e-01-6.8561947407e-01j  7.9122526151e-01-7.1244711649e-01j  7.8833003695e-01-7.3973601955e-01j  7.8336003555e-01-7.6715423738e-01j  7.7675344039e-01-7.9469072753e-01j  7.6849580690e-01-8.2238386433e-01j]
 [ 4.8958653070e-01+2.0015488636e-05j  6.8814222546e-01-4.4792029147e-01j  7.1645952522e-01+3.9737445655e-01j  7.1986915787e-01+2.2992551452e-01j  6.6062800978e-01+2.6210881466e-01j  6.5490480755e-01+2.7479287983e-01j
   6.6184747763e-01+2.8262880711e-01j  6.7740453724e-01-2.8649133694e-01j  7.0378420413e-01-2.8468191826e-01j  7.6034566441e-01-2.6507629180e-01j  8.4407971929e-01-3.8970009201e-01j  8.2991175425e-01-4.4748404925e-01j
   8.2300821001e-01-4.8876184205e-01j  8.1880591398e-01-5.2393745584e-01j  8.1607832879e-01-5.5590998435e-01j  8.1453061840e-01-5.8589502513e-01j  8.1486227746e-01-6.1438788543e-01j  8.2281281817e-01-6.4070555521e-01j
   6.4807610062e-01+6.8912692872e-01j  7.7813661283e-01-7.0216975521e-01j  7.8101648617e-01-7.2832977048e-01j  7.7811982491e-01-7.5518001223e-01j  7.7280358359e-01-7.8227658396e-01j  7.6562490330e-01-8.0957138402e-01j]
 [ 1.3609167166e+00+4.4490457502e-01j  4.7292920334e-01+2.8611503095e-05j  6.8811478561e-01-4.3989147135e-01j  7.2161108110e-01+3.9010509239e-01j  7.2562464411e-01+2.2776016421e-01j  6.7077903974e-01+2.5928244419e-01j
   6.6846571674e-01+2.7090162288e-01j  6.8004410389e-01-2.7683739108e-01j  7.0407532728e-01-2.7663059846e-01j  7.5858290600e-01-2.5896990853e-01j  8.3827995056e-01-3.8190812007e-01j  8.2401445353e-01-4.3844051150e-01j
   8.1712603536e-01-4.7909815921e-01j  8.1294496744e-01-5.1386520151e-01j  8.1016453534e-01-5.4553421354e-01j  8.0830777071e-01-5.7530463447e-01j  8.0739551275e-01-6.0376912164e-01j  8.0841003100e-01-6.3111220610e-01j
   8.1802299948e-01-6.5632281925e-01j  5.9903657382e-01+7.0783358082e-01j  7.6678910943e-01-7.1779679636e-01j  7.7065143406e-01-7.4340725143e-01j  7.6771833400e-01-7.6991633081e-01j  7.6200211022e-01-7.9677062125e-01j]
 [ 5.0620396210e-01+5.2700879065e-01j  1.3553038234e+00+4.3780752572e-01j  4.5253603098e-01+4.1028002697e-05j  6.8855472260e-01-4.3102522774e-01j  7.2740322996e-01+3.8191310605e-01j  7.3226705178e-01+2.2514445370e-01j
   6.8283246004e-01+2.5562095022e-01j  6.8548333277e-01+2.6545898657e-01j  7.0552459746e-01-2.6753868568e-01j  7.5717940902e-01-2.5221199954e-01j  8.3242616217e-01-3.7324753555e-01j  8.1808641960e-01-4.2861736440e-01j
   8.1123027268e-01-4.6876536645e-01j  8.0710609422e-01-5.0321750914e-01j  8.0435936252e-01-5.3465213958e-01j  8.0243481082e-01-5.6423686102e-01j  8.0114563892e-01-5.9258116812e-01j  8.0068845986e-01-6.2000088064e-01j
   8.0227845921e-01-6.4650786693e-01j  8.1352525823e-01+6.7081151699e-01j  5.3804084322e-01+7.2579586228e-01j  7.5519176301e-01-7.3264963336e-01j  7.6008899136e-01-7.5779799242e-01j  7.5708957005e-01-7.8404122041e-01j]
 [ 9.1517268492e-02+2.6517031230e-04j  5.2568835602e-01+5.1727089410e-01j  1.3491624379e+00+4.3006115902e-01j  4.2620548078e-01+6.0747178849e-05j  6.8965323669e-01+4.2108927071e-01j  7.3408071759e-01+3.7245810908e-01j
   7.4021904112e-01+2.2185229686e-01j  6.9799114294e-01+2.5054509329e-01j  7.0936062897e-01-2.5675865331e-01j  7.5650385557e-01-2.4450781065e-01j  8.2660902920e-01-3.6336653269e-01j  8.1218332111e-01-4.1775250355e-01j
   8.0534770334e-01-4.5757046054e-01j  8.0128719729e-01-4.9185081377e-01j  7.9861060813e-01-5.2315988626e-01j  7.9671877645e-01-5.5263422232e-01j  7.9533816794e-01-5.8088446537e-01j  7.9442781391e-01-6.0826356812e-01j
   7.9430455028e-01-6.3494448081e-01j  7.9639625410e-01-6.6082843988e-01j  8.0925303369e-01+6.8437930343e-01j  4.5774359131e-01+7.4311092744e-01j  7.4329295362e-01-7.4684393758e-01j  7.4929097190e-01-7.7159606717e-01j]
 [ 4.5664695521e-01+2.4129650543e-05j -6.0231058273e-02+7.1553425113e-04j  5.4506166050e-01+5.0668337668e-01j  1.3423585733e+00+4.2149926510e-01j  3.8908419967e-01+9.7415578356e-05j  6.9176938436e-01+4.0963843771e-01j
   7.4206678365e-01+3.6115051466e-01j  7.5032856703e-01+2.1741945523e-01j  7.1934652577e-01+2.4249796262e-01j  7.5744065155e-01-2.3526160954e-01j  8.2105072899e-01-3.5164092566e-01j  8.0643078613e-01-4.0542566106e-01j
   7.9954603025e-01-4.4522410122e-01j  7.9551838000e-01-4.7955839148e-01j  7.9291250391e-01-5.1090675205e-01j  7.9109256316e-01-5.4039052914e-01j  7.8973668670e-01-5.6862612841e-01j  7.8870562575e-01-5.9598645477e-01j
   7.8804622815e-01-6.2269652114e-01j  7.8817038115e-01-6.4884681841e-01j  7.9071113817e-01-6.7425865422e-01j  8.0517459716e-01+6.9716137694e-01j  3.4088923434e-01+7.5972165621e-01j  7.3104277253e-01-7.6047158808e-01j]
 [ 5.5701828412e-01+1.2790495470e-05j  4.5454790897e-01+2.5564392690e-05j -8.9699263432e-02+5.2160081987e-01j  5.6453856073e-01+4.9503527157e-01j  1.3346943651e+00+4.1187654948e-01j  3.2682163116e-01+1.9139056285e-04j
   6.9547221012e-01+3.9601388162e-01j  7.5220646793e-01+3.4681161278e-01j  7.6479847922e-01+2.1060194645e-01j  7.6278516599e-01-2.2283553750e-01j  8.1634525984e-01-3.3677637605e-01j  8.0111670465e-01-3.9089347162e-01j
   7.9397266756e-01-4.3126281032e-01j  7.8987602955e-01-4.6603011775e-01j  7.8729702265e-01-4.9767481716e-01j  7.8554567552e-01-5.2734921813e-01j  7.8425784226e-01-5.5569850823e-01j  7.8323940017e-01-5.8312215456e-01j
   7.8242601178e-01-6.0987775189e-01j  7.8192534024e-01-6.3612018247e-01j  7.8223214425e-01-6.6188766727e-01j  7.8518331762e-01-6.8693777151e-01j  8.0125916444e-01+7.0926895065e-01j  1.2504429756e-01+7.7463346402e-01j]
 [ 6.2225451441e-01+9.2824461502e-06j  5.5900354413e-01+1.3024263838e-05j  4.5262633842e-01+2.7202954472e-05j  1.3501322660e-01+5.0995137843e-01j  5.8439849745e-01+4.8201589135e-01j  1.3258579414e+00+4.0080660633e-01j
   1.4030721771e-01+1.0107391837e-03j  7.0193592921e-01+3.7884824115e-01j  7.6668247839e-01+3.2639341469e-01j  7.9517647482e-01+1.9449374717e-01j  8.1451276617e-01-3.1518084654e-01j  7.9697643228e-01-3.7262064571e-01j
   7.8895600171e-01-4.1486815457e-01j  7.8452371736e-01-4.5076947138e-01j  7.8184719528e-01-4.8313683550e-01j  7.8011087937e-01-5.1328285235e-01j  7.7888550135e-01-5.4194012095e-01j  7.7792826295e-01-5.6956225043e-01j
   7.7711274675e-01-5.9644708427e-01j  7.7642170784e-01-6.2279158732e-01j  7.7600984205e-01-6.4870933291e-01j  7.7644887637e-01-6.7420248809e-01j  7.7978153177e-01-6.9897372054e-01j  7.9748204099e-01+7.2079026069e-01j]
 [ 6.7473330836e-01+7.8167232845e-06j  6.2537265380e-01+9.3140777927e-06j  5.6156878338e-01+1.3235326877e-05j  4.5103749549e-01+2.9090700085e-05j  2.4389131869e-01+4.9628684951e-01j  6.0504570203e-01+4.6713719043e-01j
   1.3153100965e+00+3.8762174307e-01j  3.1472794787e-01+3.9900561946e-01j  7.1418723497e-01+3.5462200165e-01j  7.9683499266e-01+2.8403822403e-01j  8.3261230701e-01-2.6053548000e-01j  7.9643008775e-01-3.4637051778e-01j
   7.8531689079e-01-3.9435364900e-01j  7.7981973360e-01-4.3290064887e-01j  7.7673940824e-01-4.6676899078e-01j  7.7487640968e-01-4.9784947983e-01j  7.7365235473e-01-5.2711523022e-01j  7.7274961997e-01-5.5514107427e-01j
   7.7198680702e-01-5.8229591657e-01j  7.7127711510e-01-6.0882696497e-01j  7.7063597792e-01-6.3489761884e-01j  7.7025769418e-01-6.6059561035e-01j  7.7078838741e-01-6.8589621663e-01j  7.7448054644e-01-7.1045208050e-01j]
 [ 7.2181970012e-01+7.1982047036e-06j  6.7830655308e-01+7.8036155329e-06j  6.2904305137e-01+9.3063519448e-06j  5.6493064821e-01+1.3406114204e-05j  4.5004386063e-01+3.1282250907e-05j  3.2201742269e-01+4.8059874818e-01j
   6.2714275780e-01+4.4955890227e-01j  1.3019754688e+00+3.7099116436e-01j  4.6275914790e-01+3.7239755331e-01j  7.4766316388e-01+3.0518069775e-01j  7.1433798813e-01+2.1846239425e-01j  8.1933512837e-01-2.8149501993e-01j
   7.8571399242e-01-3.6508047653e-01j  7.7664731429e-01-4.1062185408e-01j  7.7235565590e-01-4.4764808613e-01j  7.7002916859e-01-4.8050176485e-01j  7.6865073386e-01-5.1086891663e-01j  7.6773534661e-01-5.3961552628e-01j
   7.6701836985e-01-5.6725499668e-01j  7.6635197544e-01-5.9411803568e-01j  7.6567441108e-01-6.2042614523e-01j  7.6502578958e-01-6.4632356594e-01j  7.6463592517e-01-6.7188094423e-01j  7.6522467739e-01-6.9705202364e-01j]
 [ 7.6721880894e-01+7.1131649101e-06j  7.2568417196e-01+7.2009616342e-06j  6.8234306270e-01+7.7487815005e-06j  6.3345712558e-01+9.2428754681e-06j  5.6941456202e-01+1.3505509704e-05j  4.5011666290e-01+3.3835467805e-05j
   3.8711803705e-01+4.6205779077e-01j  6.5197255233e-01+4.2761421697e-01j  1.2830828740e+00+3.4748812097e-01j  5.8753158123e-01+3.1828098288e-01j  6.4845643792e-01+2.1430258984e-01j  6.8329015283e-01-2.2899190954e-01j
   8.1167043718e-01-2.9373586988e-01j  7.7783787354e-01-3.7898863457e-01j  7.6962816992e-01-4.2387719251e-01j  7.6597064822e-01-4.6027565357e-01j  7.6407633207e-01-4.9263303062e-01j  7.6298096824e-01-5.2261904448e-01j
   7.6223783864e-01-5.5107461093e-01j  7.6160850458e-01-5.7849246813e-01j  7.6096439276e-01-6.0518740445e-01j  7.6026067052e-01-6.3136828721e-01j  7.5955748452e-01-6.5716827904e-01j  7.5911796710e-01-6.8264608810e-01j]
 [ 8.1911948159e-01+1.1657524058e-05j  7.7147643175e-01+7.1735570786e-06j  7.2989347514e-01+7.1603670874e-06j  6.8700921549e-01+7.6379764960e-06j  6.3889702676e-01+9.0964301349e-06j  5.7553977881e-01+1.3474719784e-05j
   4.5217807670e-01+3.6779371283e-05j  4.4741527821e-01+4.3893823176e-01j  6.8279450971e-01+3.9703968369e-01j  1.2443075300e+00+2.9942834935e-01j  5.2405501437e-01+1.8126769050e-01j  6.0087409535e-01+2.1928046564e-01j
   6.6466863590e-01-2.3438179873e-01j  8.0612989332e-01-3.0267980128e-01j  7.7152351669e-01-3.9026033264e-01j  7.6367308955e-01-4.3519227522e-01j  7.6034702784e-01-4.7140733369e-01j  7.5868959951e-01-5.0356471892e-01j
   7.5774316593e-01-5.3337760672e-01j  7.5707503445e-01-5.6169455390e-01j  7.5645946563e-01-5.8900642075e-01j  7.5577922039e-01-6.1562344574e-01j  7.5500160458e-01-6.4174905549e-01j  7.5420403322e-01-6.6751003746e-01j]
 [ 7.2060217831e-01+2.1796354736e-05j  8.2353491556e-01+1.1396374586e-05j  7.7592740818e-01+7.1880588695e-06j  7.3459026657e-01+7.0636845979e-06j  6.9254845554e-01+7.4479364989e-06j  6.4580513650e-01+8.8181084549e-06j
   5.8420952935e-01+1.3190685371e-05j  4.5829040256e-01+3.9962154782e-05j  5.1082768266e-01+4.0680430651e-01j  7.3631630667e-01+3.3610512752e-01j  1.1446905705e+00-3.7688172179e-01j  4.9782694575e-01+1.9110026070e-01j
   5.6754917252e-01-2.1900705267e-01j  6.5082123917e-01-2.3794093929e-01j  8.0174305061e-01-3.0983355456e-01j  7.6621323930e-01-3.9983941564e-01j  7.5846849115e-01-4.4514042379e-01j  7.5529306822e-01-4.8141966351e-01j
   7.5374375379e-01-5.1355993711e-01j  7.5285127280e-01-5.4333741123e-01j  7.5218533037e-01-5.7162201507e-01j  7.5152560886e-01-5.9891180337e-01j  7.5076158217e-01-6.2551849801e-01j  7.4986977559e-01-6.5164417095e-01j]
 [ 4.2667514836e-01-4.2556992981e-04j  7.4415534914e-01+1.8340747997e-05j  8.2795191046e-01+1.1083274036e-05j  7.8068843421e-01+7.1444626730e-06j  7.3998269913e-01+6.8904453138e-06j  6.9933993994e-01+7.1373578090e-06j
   6.5493906387e-01+8.3091476110e-06j  5.9722155526e-01+1.2347356758e-05j  4.7431330703e-01+4.2143357348e-05j  6.0409336023e-01+3.4308222487e-01j  6.3203164407e-01+2.3200629514e-01j  1.1457307909e+00-4.1605237952e-01j
   4.8986681242e-01+1.9939221447e-01j  5.3881505410e-01-2.1633486965e-01j  6.3958697236e-01-2.4054320245e-01j  7.9809060032e-01-3.1584766442e-01j  7.6160955701e-01-4.0822896936e-01j  7.5382537103e-01-4.5406705531e-01j
   7.5068339084e-01-4.9055885779e-01j  7.4915194091e-01-5.2280117961e-01j  7.4824284661e-01-5.5263829901e-01j  7.4752237357e-01-5.8096716271e-01j  7.4677151832e-01-6.0829744710e-01j  7.4588366491e-01-6.3494561294e-01j]
 [ 6.4829841159e-01-3.6399994250e-01j  5.0439318047e-01-2.8229142387e-04j  7.6715821011e-01+1.5424097087e-05j  8.3245072319e-01+1.0704496559e-05j  7.8593078248e-01+7.0238512530e-06j  7.4639397133e-01+6.6047425239e-06j
   7.0802928147e-01+6.6234616960e-06j  6.6778745024e-01+7.3288474306e-06j  6.1914808255e-01+9.8772171232e-06j  5.3232878637e-01+2.6242371688e-05j  5.1084807016e-01+1.9178986662e-01j  5.9029333796e-01+2.4209531059e-01j
   1.1452541043e+00-4.3932321637e-01j  4.8746742210e-01-2.0702670584e-01j  5.1169191915e-01-2.1195751416e-01j  6.3002312446e-01-2.4255315985e-01j  7.9495054898e-01-3.2106632806e-01j  7.5753354826e-01-4.1573138731e-01j
   7.4962027890e-01-4.6219772147e-01j  7.4643111486e-01-4.9899552461e-01j  7.4485120774e-01-5.3142070362e-01j  7.4387097372e-01-5.6138524677e-01j  7.4305027530e-01-5.8981508388e-01j  7.4216903642e-01-6.1723359129e-01j]
 [ 6.5987569170e-01+2.9711530105e-01j  6.5896816890e-01-3.7146295622e-01j  5.6685964577e-01-2.0839936616e-04j  7.8968429277e-01+1.2989571722e-05j  8.3715473273e-01+1.0240510921e-05j  7.9192120805e-01+6.7939920175e-06j
   7.5437271311e-01+6.1352436087e-06j  7.1987925494e-01+5.7051608687e-06j  6.8810197717e-01+5.0400285208e-06j  6.7282045885e-01-5.1760478968e-06j  5.2004807091e-01-1.8372588943e-01j  4.6623674578e-01+1.9609617648e-01j
   5.6710297855e-01+2.4763808671e-01j  1.1443794892e+00-4.5648354200e-01j  4.8754570924e-01-2.1399154299e-01j  4.8460071221e-01-2.0600542224e-01j  6.2162694894e-01-2.4415836813e-01j  7.9219020939e-01-3.2569517211e-01j
   7.5386856485e-01-4.2254372618e-01j  7.4576776853e-01-4.6968851658e-01j  7.4247333492e-01-5.0685319309e-01j  7.4079431909e-01-5.3951771885e-01j  7.3969939820e-01-5.6965927990e-01j  7.3874057788e-01-5.9823301855e-01j]
 [ 1.0973662287e+00+1.9558982247e-04j  6.6466314562e-01+2.9900715467e-01j  6.7174172984e-01-3.8051494184e-01j  6.2183974218e-01-1.6325954702e-04j  8.1180432482e-01+1.0986862274e-05j  8.4226259841e-01+9.6606017132e-06j
   7.9911291490e-01+6.3922861455e-06j  7.6498890390e-01+5.3097864430e-06j  7.3806198040e-01+3.6825666580e-06j  7.3453513675e-01-7.3077654471e-06j  6.7973662059e-01-1.2488738732e-01j  4.2526721640e-01-2.4706023544e-01j
   4.4471147286e-01+1.9948469604e-01j  5.5114826822e-01+2.5174739167e-01j  1.1433512776e+00-4.7029229224e-01j  4.8884998628e-01-2.2051105056e-01j  4.5631084285e-01-1.9835173956e-01j  6.1409611216e-01-2.4546815832e-01j
   7.8972353806e-01-3.2986748866e-01j  7.5053400466e-01-4.2880211224e-01j  7.4220604480e-01-4.7665233054e-01j  7.3876290829e-01-5.1422444515e-01j  7.3694482819e-01-5.4716874430e-01j  7.3569943626e-01-5.7752438807e-01j]
 [ 7.2598295517e-01+4.9159086631e-01j  1.1522500492e+00+2.3018809424e-04j  6.7043118250e-01+3.0133040833e-01j  6.8738500251e-01-3.9183396828e-01j  6.7328039762e-01-1.3241774639e-04j  8.3360177075e-01+9.3640825343e-06j
   8.4811927883e-01+8.9089852885e-06j  8.0838903728e-01+5.6703360557e-06j  7.8092342183e-01+3.5323541227e-06j  7.7831437837e-01-6.7880946874e-06j  7.4276742839e-01-1.0206780775e-01j  6.4156456730e-01-1.5734495371e-01j
   2.9038941728e-01-3.2564008411e-01j  4.3169126964e-01+2.0281615570e-01j  5.3918045009e-01+2.5518767532e-01j  1.1422558985e+00-4.8195087624e-01j  4.9082485743e-01-2.2666201580e-01j  4.2550142914e-01-1.8863498262e-01j
   6.0723348749e-01-2.4655183384e-01j  7.8749135888e-01-3.3367492602e-01j  7.4747166760e-01-4.3460483076e-01j  7.3888885274e-01-4.8317367982e-01j  7.3526350956e-01-5.2118062812e-01j  7.3327395495e-01-5.5443416799e-01j]
 [ 7.1657650174e-01+3.9235627791e-01j  7.3410016092e-01+4.8171362629e-01j  1.2270488496e+00+2.9229270605e-04j  6.7755293698e-01+3.0425043725e-01j  7.0714965797e-01-4.0660726659e-01j  7.2378863429e-01-1.0922637156e-04j
   8.5520667478e-01+8.0538045984e-06j  8.5540496616e-01+7.8598324980e-06j  8.2195772892e-01+4.1224605641e-06j  8.1544041829e-01-5.4079216610e-06j  7.8645487991e-01-8.6206381173e-02j  7.1429786977e-01-1.2790633896e-01j
   6.1335648521e-01-1.8155969447e-01j -8.6971736211e-03-5.0196509923e-03j  4.2307698162e-01+2.0617508618e-01j  5.2975021790e-01-2.5829375289e-01j  1.1411311817e+00-4.9209898768e-01j  4.9318338864e-01-2.3250161257e-01j
   3.9034066080e-01-1.7614972093e-01j  6.0090280158e-01-2.4745605555e-01j  7.8545112074e-01-3.3718337717e-01j  7.4463805520e-01-4.4002535091e-01j  7.3578059675e-01-4.8931762900e-01j  7.3194650014e-01-5.2777800262e-01j]
 [ 7.3617300635e-01+3.3529721809e-01j  7.2357092598e-01+3.8809157248e-01j  7.4275006020e-01+4.7129120454e-01j  1.3421796904e+00+4.2844578167e-04j  6.8662546338e-01+3.0803175063e-01j  7.3329190614e-01-4.2718527276e-01j
   7.7557975155e-01-8.9823000322e-05j  8.7688964948e-01+6.9367854384e-06j  8.6582579464e-01+6.0990458964e-06j  8.5070654245e-01-3.4181901362e-06j  8.2305339492e-01-7.2726160871e-02j  7.6342310271e-01-1.0800793824e-01j
   6.9465056773e-01-1.4644320537e-01j  5.8750211674e-01-2.0333530183e-01j  1.3999418524e-01+6.9816438980e-02j  4.1709293208e-01-2.0960070695e-01j  5.2212382379e-01-2.6113508319e-01j  1.1399957800e+00-5.0112071030e-01j
   4.9576559591e-01-2.3807420084e-01j  3.4768420963e-01-1.5950891106e-01j  5.9500556612e-01-2.4821369984e-01j  7.8357113979e-01-3.4044190798e-01j  7.4199974228e-01-4.4512015047e-01j  7.3285325280e-01-4.9513543330e-01j]
 [ 8.7254338692e-01+3.7778738904e-01j  7.4162857626e-01+3.3225169265e-01j  7.3115475517e-01+3.8334114380e-01j  7.5210536618e-01+4.6020286692e-01j  1.5730668213e+00+8.9495906638e-04j  6.9867416972e-01+3.1312836495e-01j
   7.7055518245e-01-4.5922935177e-01j  8.3105516669e-01-7.1096860584e-05j  8.9942803211e-01+5.6852372287e-06j  8.8775359501e-01-4.5786155657e-07j  8.5752894869e-01-5.9732895539e-02j  8.0413629696e-01-9.1277579089e-02j
   7.4793535263e-01-1.2346552134e-01j  6.7780608508e-01-1.6238830803e-01j  5.6151768410e-01-2.2461438209e-01j  1.9141821362e-01+9.8668807179e-02j  4.1287196716e-01-2.1299300515e-01j  5.1581964187e-01-2.6382656106e-01j
   1.1388595665e+00-5.0926605353e-01j  4.9847739495e-01-2.4341510236e-01j  2.9073649757e-01-1.3556801247e-01j  5.8946806238e-01-2.4884876474e-01j  7.8182715100e-01-3.4348810220e-01j  7.3953045180e-01-4.4993365879e-01j]
 [ 8.0627121774e-01+4.6018233742e-01j  8.7430320672e-01+3.7270550233e-01j  7.4757656996e-01+3.2884265584e-01j  7.3947849440e-01+3.7798514096e-01j  7.6241668418e-01+4.4824886881e-01j  3.2120887657e+00+1.8592276830e-02j
   7.1564372889e-01+3.2040051825e-01j  8.3221666051e-01+5.2252492421e-01j  8.9337450855e-01-4.9088508822e-05j  9.2733955389e-01+1.5202945781e-06j  8.9308040067e-01-4.5918203276e-02j  8.4229843600e-01-7.5210720192e-02j
   7.9154224269e-01-1.0440670969e-01j  7.3496073062e-01-1.3659026928e-01j  6.6203911015e-01-1.7717358075e-01j  5.3382427443e-01-2.4657989797e-01j  2.2112915031e-01-1.1732859912e-01j  4.0986325547e-01-2.1638308463e-01j
   5.1053440849e-01-2.6641459661e-01j  1.1377279756e+00-5.1670752453e-01j  5.0126132434e-01-2.4855298492e-01j  1.9812555042e-01-9.4394563485e-02j  5.8423352067e-01-2.4937926795e-01j  7.8020013599e-01-3.4635142717e-01j]
 [ 7.5274218863e-01+4.9232709383e-01j  8.0968633545e-01+4.5269749975e-01j  8.7622908344e-01+3.6713317926e-01j  7.5414202012e-01+3.2497234001e-01j  7.4876265055e-01+3.7184284575e-01j  7.7407068891e-01+4.3508952616e-01j
   8.9492371386e-01+8.3364018074e-01j  7.4182565768e-01+3.3174336398e-01j  9.9694796959e-01+8.7990632736e-01j  9.6663429825e-01-1.6473737087e-05j  9.4151525626e-01-2.5964777325e-02j  8.8109196658e-01-5.8375583361e-02j
   8.3214527636e-01-8.6230223683e-02j  7.8106435397e-01-1.1553069014e-01j  7.2308491183e-01-1.4858541649e-01j  6.4653712549e-01-1.9148926778e-01j  5.0283547741e-01-2.7033625299e-01j  2.4162742180e-01-1.3125764423e-01j
   4.0773479846e-01-2.1976135838e-01j  5.0605850983e-01-2.6892843355e-01j  1.1366040362e+00-5.2356952873e-01j  5.0408136006e-01-2.5351147630e-01j -4.9971217096e-01-7.6952573320e-03j  5.7925717931e-01-2.4981904907e-01j]
 [ 7.0006959466e-01+5.1167863654e-01j  7.5754509581e-01+4.8378510830e-01j  8.1338228216e-01+4.4453999727e-01j  8.7836415427e-01+3.6094159699e-01j  7.6150858443e-01+3.2049439461e-01j  7.5935135535e-01+3.6462350236e-01j
   7.8771976763e-01+4.2010543691e-01j  8.9450577171e-01+6.1721438576e-01j  7.8963625693e-01+3.5261855037e-01j  1.1486689556e+00+8.3823344106e-05j  6.5787209304e-01-8.1865248362e-01j  9.4599706818e-01-2.7688431097e-02j
   8.7269512232e-01-6.7582879660e-02j  8.2364305667e-01-9.5631532797e-02j  7.7152514758e-01-1.2567297114e-01j  7.1167340784e-01-1.6001041465e-01j  6.3078976080e-01-2.0576716925e-01j -7.5233304515e-03-5.5301895224e-01j
   2.5707770993e-01-1.4263733120e-01j  4.0626640620e-01-2.2312107990e-01j  5.0224076438e-01-2.7138736829e-01j  1.1354894054e+00-5.2994494644e-01j  5.0691454632e-01-2.5831030432e-01j -3.6823021036e-03-4.7897254961e-01j]
 [ 6.4398599875e-01+5.2488373633e-01j  7.0629570195e-01+5.0246514954e-01j  7.6270940142e-01+4.7449792508e-01j  8.1743092772e-01+4.3553475424e-01j  8.8077230072e-01+3.5394009370e-01j  7.6996396307e-01+3.1517463783e-01j
   7.7183215299e-01+3.5581379162e-01j  8.0462805085e-01+4.0201063345e-01j  8.9787335617e-01+5.0597965310e-01j  9.3476946865e-01+4.1566991225e-01j  1.0179061568e+00+8.4662351395e-03j  5.3535364438e-01-1.2042638332e+00j
   4.7604119231e-01-8.2660065846e-01j  8.6527399710e-01-7.5760491300e-02j  8.1583015571e-01-1.0426981637e-01j  7.6240295614e-01-1.3530560752e-01j  7.0036279105e-01-1.7119134440e-01j  1.2204939563e-01-6.4119748356e-01j
  -6.9302309791e-02-5.3001607010e-01j  2.6941744258e-01-1.5238721648e-01j  4.0530577141e-01-2.2645768445e-01j  4.9896845081e-01-2.7380460595e-01j  1.1343849300e+00-5.3590508621e-01j  5.0974615427e-01-2.6296612632e-01j]
 [ 5.7959902386e-01+5.3444060140e-01j  6.5181394951e-01+5.1519599388e-01j  7.1295281867e-01+4.9246267068e-01j  7.6832934970e-01+4.6427170858e-01j  8.2193828624e-01+4.2542388305e-01j  8.8355455429e-01+3.4582728114e-01j
   7.8000190083e-01+3.0860115403e-01j  7.8735754880e-01+3.4436679720e-01j  8.2793158923e-01+3.7737436637e-01j  9.2756022333e-01-3.9763537952e-01j  9.8267406597e-01-7.8790290813e-03j  5.4612685284e-01-7.8250509934e-01j
   1.2733115257e+00-7.2640339206e-01j  4.3407634630e-01-8.5900000947e-01j  3.4282503723e-01-7.9104356700e-01j  2.9566149023e-01-7.6063512688e-01j  2.4108486176e-01-7.2831120710e-01j  1.7740719827e-01-6.9019455974e-01j
   8.7828588536e-02-6.3570653095e-01j -1.4785985300e-01-4.9493252223e-01j  2.7967532806e-01-1.6100533084e-01j  4.0474399119e-01-2.2976820113e-01j  4.9615525356e-01-2.7618945550e-01j  1.1332909653e+00-5.4150596904e-01j]
 [ 4.9777589565e-01+5.4155626241e-01j  5.8942210876e-01+5.2440118062e-01j  6.6013544385e-01+5.0468926432e-01j  7.2015698786e-01+4.8146599254e-01j  7.7454360274e-01+4.5282148349e-01j  8.2707131006e-01+4.1380182564e-01j
   8.8688631620e-01+3.3608014475e-01j  7.9259784454e-01+2.9993543052e-01j  8.0882736134e-01+3.2751289640e-01j  8.7271501411e-01-3.2777127500e-01j  1.0718638538e+00-4.6273644586e-01j  5.0495584673e-01+6.7133484647e-01j
   4.7797724501e-01-7.6869278496e-01j  1.0731185990e+00-6.4245305638e-01j  3.9829708774e-01-8.8612126757e-01j  3.0491497769e-01-7.9946341922e-01j  2.6393449082e-01-7.6557598314e-01j  2.1163415526e-01-7.3005940716e-01j
   1.4793339599e-01-6.8854159473e-01j  5.3396068847e-02-6.2820269686e-01j -2.7245047588e-01-4.3012647046e-01j  2.8845640122e-01-1.6879089109e-01j  4.0450107836e-01-2.3305080125e-01j  4.9373361716e-01-2.7854864427e-01j]
 [ 3.7221030714e-01+5.4689369281e-01j  5.1050277001e-01+5.3125021043e-01j  5.9979129198e-01+5.1352093635e-01j  6.6908962365e-01+4.9315059465e-01j  7.2807850372e-01+4.6917375805e-01j  7.8157002375e-01+4.3969998737e-01j
   8.3311843957e-01+3.9996887577e-01j  8.9111921689e-01+3.2365055916e-01j  8.1023205805e-01+2.8695853911e-01j  8.5053953319e-01-2.9037154994e-01j  9.9081093322e-01-4.1251946534e-01j  1.0496331396e+00-5.1543264586e-01j
   3.9316056983e-01+6.2053214375e-01j  4.2571669668e-01-7.5244530599e-01j  9.9160099884e-01-6.1601752285e-01j  9.8072052692e-01+1.2857379601e-02j  2.6968066156e-01-8.0492220340e-01j  2.3431751099e-01-7.6856231756e-01j
   1.8367235464e-01-7.3028356413e-01j  1.1925673564e-01-6.8545613677e-01j  1.8037184962e-02-6.1849916011e-01j -3.0125175066e-01+1.7906408379e-01j  2.9614350092e-01-1.7593741155e-01j  4.0451696420e-01-2.3630446766e-01j]
 [-5.9634073849e-02+5.5059267677e-01j  3.9079842303e-01+5.3638516060e-01j  5.2379581951e-01+5.2008693640e-01j  6.1087242113e-01+5.0158134220e-01j  6.7888003641e-01+4.8026747747e-01j  7.3698437224e-01+4.5511354044e-01j
   7.8978417743e-01+4.2413724176e-01j  8.4065450457e-01+3.8253249397e-01j  8.9716576557e-01+3.0581917224e-01j  8.4538987470e-01-2.5768180622e-01j  9.4388313165e-01-3.7289918352e-01j  9.8454637472e-01-4.6501233694e-01j
   1.0254212989e+00-5.4134494814e-01j  2.4104537794e-01+5.5149727451e-01j  3.8152592832e-01-7.3588662451e-01j  9.4263216948e-01-6.0329182108e-01j  9.9008545744e-01+6.9267386295e-03j  2.3632077261e-01-8.0793690011e-01j
   2.0627693758e-01-7.6991010602e-01j  1.5679761544e-01-7.2916186126e-01j  9.1000355916e-02-6.8099167596e-01j -1.9100400530e-02-6.0623512602e-01j -2.7982507133e-04-6.9257275380e-05j  3.0299261271e-01-1.8257714504e-01j]
 [ 3.1523339711e-01+3.1430712538e-05j  2.5078554161e-02+5.4003156961e-01j  4.0976891142e-01+5.2500687556e-01j  5.3785675493e-01+5.0784379862e-01j  6.2290690105e-01+4.8826186535e-01j  6.8982507636e-01+4.6555037040e-01j
   7.4733406711e-01+4.3847305755e-01j  7.9993276987e-01+4.0460472062e-01j  8.5115930256e-01+3.5791250597e-01j  9.0980156409e-01+2.6834868448e-01j  9.1737944663e-01-3.2993748473e-01j  9.3600669597e-01-4.1682092028e-01j
   9.7809501853e-01-4.9638963123e-01j  1.0025994925e+00-5.5715586732e-01j  3.2839653501e-01+1.4771658384e-01j  3.4177282806e-01-7.1930285240e-01j  9.0855734828e-01-5.9611935332e-01j  9.9929220818e-01+5.4127231037e-04j
   8.2598293365e-01+1.1687708905e-01j  1.7942739488e-01-7.6982321858e-01j  1.3069530368e-01-7.2680337523e-01j  6.2820758976e-02-6.7514153055e-01j -5.9169223268e-02-5.9078912500e-01j  8.0965357801e-02-5.0326049117e-02j]
 [ 4.3925808619e-01+1.3733483439e-05j  3.1922090171e-01+3.2393244750e-05j  9.0707061129e-02+5.2854208151e-01j  4.2939960979e-01+5.1253315208e-01j  5.5297582368e-01+4.9419433225e-01j  6.3627102027e-01+4.7306064312e-01j
   7.0247168260e-01+4.4815824273e-01j  7.6003965286e-01+4.1764212970e-01j  8.1393252554e-01+3.7718538190e-01j  8.7226073652e-01+3.0767144959e-01j  8.3430428728e-01-2.4006811169e-01j  9.0851775733e-01-3.6419490409e-01j
   9.3050828960e-01-4.4358138150e-01j  9.7147466166e-01-5.1920297677e-01j  9.8167890508e-01-5.6772508553e-01j  4.5511117584e-01+2.0268788666e-01j  3.0432377806e-01-7.0253885232e-01j  8.8290003381e-01-5.9177161558e-01j
   1.0082123747e+00-6.1559048853e-03j  8.1634074425e-01+1.2645337197e-01j  1.5347290802e-01-7.6843410443e-01j  1.0510259998e-01-7.2326778831e-01j  3.4376172843e-02-6.6784216985e-01j -1.0392892565e-01-5.7108443834e-01j]
 [ 5.0787514253e-01+8.4500454606e-06j  4.4570386316e-01+1.3670561323e-05j  3.2442737740e-01+3.3341505911e-05j  1.4633551039e-01+5.1592515388e-01j  4.5007031934e-01+4.9863312174e-01j  5.6960193290e-01+4.7862756094e-01j
   6.5160962618e-01+4.5511595185e-01j  7.1790403345e-01+4.2642548367e-01j  7.7743820550e-01+3.8850208892e-01j  8.4161278891e-01+3.2182280817e-01j  7.7558736808e-01+2.5862808303e-01j  8.1468181462e-01-2.5544811863e-01j
   9.0301763568e-01-3.8484335259e-01j  9.2588709297e-01-4.6356464784e-01j  9.6473484231e-01-5.3711719544e-01j  9.6261981147e-01-5.7515538897e-01j  5.0031965203e-01+2.2233713309e-01j  2.6764114651e-01-6.8527188696e-01j
   8.6259512590e-01-5.8906474141e-01j  1.0167336266e+00-1.3028521912e-02j  8.0577819857e-01+1.3679658531e-01j  1.2817251142e-01-7.6582577676e-01j  7.9785224720e-02-7.1857564479e-01j  5.2962277646e-03-6.5896762938e-01j]
 [ 5.5538391043e-01+5.9794947666e-06j  5.1450959729e-01+8.2879741035e-06j  4.5325251342e-01+1.3542346027e-05j  3.3118104050e-01+3.4242123784e-05j  1.9646553957e-01+5.0185671038e-01j  4.7234866894e-01+4.8278902599e-01j
   5.8850054497e-01+4.6026644583e-01j  6.7019893364e-01+4.3272229249e-01j  7.3889669226e-01+3.9609675132e-01j  8.1147995585e-01+3.3003289095e-01j  7.3766754852e-01+2.5831222752e-01j  7.4610193869e-01-2.7507467489e-01j
   8.0288427218e-01-2.6402721013e-01j  8.9880495110e-01-4.0022123775e-01j  9.2172035676e-01-4.7974555624e-01j  9.5791833095e-01-5.5177476992e-01j  9.4525250689e-01-5.8053803166e-01j  5.2555612865e-01+2.3320547446e-01j
   2.3035259642e-01-6.6704352240e-01j  8.4596058039e-01-5.8739937358e-01j  1.0247552813e+00-1.9941662536e-02j  7.9414202019e-01+1.4804838504e-01j  1.0331829485e-01-7.6204395784e-01j  5.4520148172e-02-7.1271279071e-01j]
 [ 5.9183937977e-01+4.5802541754e-06j  5.6185109674e-01+5.8064961358e-06j  5.2210457449e-01+8.0741741402e-06j  4.6216074427e-01+1.3324427164e-05j  3.3996888328e-01+3.5036315529e-05j  2.4401453529e-01+4.8581840166e-01j
   4.9718218723e-01+4.6411240909e-01j  6.1118209468e-01+4.3737595692e-01j  6.9530124218e-01+4.0152602917e-01j  7.7961058143e-01+3.3550060158e-01j  7.0387562654e-01+2.5334700151e-01j  7.0292682256e-01+2.7360346744e-01j
   7.2817853056e-01-2.8404297241e-01j  7.9411904261e-01-2.7010454872e-01j  8.9529327381e-01-4.1268932331e-01j  9.1782538507e-01-4.9343467538e-01j  9.5106001515e-01-5.6407404423e-01j  9.2938823938e-01-5.8450484448e-01j
   5.4208268253e-01+2.4022922922e-01j  1.9092546220e-01-6.4719170597e-01j  8.3197876601e-01-5.8643890969e-01j  1.0321867583e+00-2.6759715532e-02j  7.8125166543e-01+1.6037191967e-01j  7.8719979005e-02-7.5710346396e-01j]
 [ 6.2156580187e-01+3.6986517681e-06j  5.9805396234e-01+4.4127823927e-06j  5.6917595749e-01+5.5905771930e-06j  5.3087828157e-01+7.7901890193e-06j  4.7280488715e-01+1.2977571048e-05j  3.5155939515e-01+3.5614586695e-05j
   2.9154253174e-01+4.6691559513e-01j  5.2641827985e-01+4.4084620063e-01j  6.4150138759e-01+4.0552968291e-01j  7.4354593615e-01+3.3938783567e-01j  6.7018796065e-01+2.4559291299e-01j  6.6504976812e-01+2.6691239179e-01j
   6.8181339371e-01+2.8171564423e-01j  7.1478095836e-01-2.9029043266e-01j  7.8702546345e-01-2.7484908889e-01j  8.9222671493e-01-4.2327915357e-01j  9.1410618285e-01-5.0533662881e-01j  9.4418836341e-01-5.7456866212e-01j
   9.1485124149e-01-5.8745003533e-01j  5.5390435219e-01+2.4517130973e-01j  1.4723073036e-01-6.2466295715e-01j  8.1998983844e-01-5.8597959675e-01j  1.0389475462e+00-3.3346593729e-02j  7.6688489984e-01+1.7396423055e-01j]
 [ 6.4681469766e-01+3.1052354084e-06j  6.2750815521e-01+3.5400715342e-06j  6.0504745223e-01+4.2081583594e-06j  5.7755215669e-01+5.3162909733e-06j  5.4115102095e-01+7.4060238447e-06j  4.8577289670e-01+1.2433051551e-05j
   3.6727718045e-01+3.5752953835e-05j  3.4235260207e-01+4.4337622013e-01j  5.6474456703e-01+4.0850962481e-01j  6.9908903970e-01+3.4224191357e-01j  6.3358516236e-01+2.3512512009e-01j  6.2773336118e-01+2.5704108007e-01j
   6.4152719964e-01+2.7385109200e-01j  6.6604148282e-01-2.8726185749e-01j  7.0389530771e-01-2.9510251884e-01j  7.8100823713e-01-2.7875812813e-01j  8.8946881093e-01-4.3254154450e-01j  9.1050620639e-01-5.1587819299e-01j
   9.3732677375e-01-5.8362837611e-01j  9.0148674211e-01-5.8963343537e-01j  5.6286262198e-01+2.4884396317e-01j  9.5613594541e-02-5.9752819348e-01j  8.0954317335e-01-5.8589089345e-01j  1.0449679257e+00-3.9567583987e-02j]
 [ 6.6890674621e-01+2.6885376240e-06j  6.5248452981e-01+2.9557411830e-06j  6.3416556702e-01+3.3484285887e-06j  6.1299552730e-01+3.9528318261e-06j  5.8726429039e-01+4.9583421496e-06j  5.5342391523e-01+6.8684250986e-06j
   5.0207068068e-01+1.1554553109e-05j  3.8974215547e-01+3.4912068290e-05j  4.0329142616e-01+4.1068009996e-01j  6.3598606548e-01+3.4435779668e-01j  5.8982249420e-01+2.2090178717e-01j  5.8758894187e-01+2.4401973677e-01j
   6.0213859418e-01+2.6258987135e-01j  6.2400595159e-01+2.7845366661e-01j  6.5324265050e-01-2.9145520895e-01j  6.9463523486e-01-2.9902335962e-01j  7.7574925064e-01-2.8209171858e-01j  8.8693751811e-01-4.4080803180e-01j
   9.0698958315e-01-5.2533946162e-01j  9.3049459701e-01-5.9151484298e-01j  8.8913411186e-01+5.9127324380e-01j  5.6993739243e-01+2.5167992994e-01j  2.8056192434e-02-5.6143808829e-01j  8.0031836451e-01-5.8608536644e-01j]
 [ 6.8868447681e-01+2.3883887365e-06j  6.7430937622e-01+2.5475003936e-06j  6.5881539474e-01+2.7762786762e-06j  6.4169943486e-01+3.1115303643e-06j  6.2215655754e-01+3.6245090940e-06j  5.9875809668e-01+4.4714574618e-06j
   5.6855563777e-01+6.0700891712e-06j  5.2367922957e-01+1.0013221586e-05j  4.2560299808e-01+3.1291592096e-05j  5.0682915211e-01+3.4589014666e-01j  5.2931697059e-01+1.9958487716e-01j  5.4004504774e-01+2.2658983838e-01j
   5.6005176128e-01+2.4793532551e-01j  5.8314824476e-01+2.6611020167e-01j  6.0981685314e-01+2.8185479609e-01j  6.4236592308e-01-2.9482235440e-01j  6.8652492978e-01-3.0233626719e-01j  7.7105693067e-01-2.8500368705e-01j
   8.8457936919e-01-4.4829488882e-01j  9.0353236560e-01-5.3391525869e-01j  9.2370790095e-01-5.9842148191e-01j  8.7773108528e-01+5.9241735371e-01j  5.7570286236e-01+2.5393298166e-01j -8.1957458572e-02-5.0185405380e-01j]
 [ 7.0672156651e-01+2.1698862889e-06j  6.9382614169e-01+2.2550106584e-06j  6.8032581569e-01+2.3789549464e-06j  6.6595675560e-01+2.5557070231e-06j  6.5034726729e-01+2.8092555240e-06j  6.3293550719e-01+3.1830952969e-06j
   6.1279814255e-01+3.7636310535e-06j  5.8824007322e-01+4.7474323407e-06j  5.5562291948e-01+6.6680970009e-06j  5.0820906168e-01+7.6171531902e-06j  4.1033390759e-01+1.5546814123e-01j  4.7506770753e-01+2.0083959861e-01j
   5.1055467550e-01+2.2851129059e-01j  5.3973260697e-01+2.5020711620e-01j  5.6782135952e-01+2.6860829833e-01j  5.9777890538e-01-2.8453793606e-01j  6.3284890907e-01-2.9763155856e-01j  6.7927677038e-01-3.0520818790e-01j
   7.6680625402e-01-2.8759288990e-01j  8.8235743075e-01-4.5515163273e-01j  9.0011798505e-01-5.4174721996e-01j  9.1698005042e-01-6.0449620609e-01j  8.6715453993e-01+5.9319805772e-01j  5.8051959144e-01+2.5576255160e-01j]
 [ 7.2343104621e-01+2.0118516120e-06j  7.1160767929e-01+2.0433907550e-06j  6.9953928045e-01+2.0961552101e-06j  6.8709519082e-01+2.1726195016e-06j  6.7412866222e-01+2.2756021229e-06j  6.6048153993e-01+2.4053026716e-06j
   6.4602749878e-01+2.5466972708e-06j  6.3089420840e-01+2.6067948487e-06j  6.1678129997e-01+1.9667833456e-06j  6.2321100420e-01-1.0483096592e-05j  5.2080189781e-01-1.8217246367e-01j  3.5081785701e-01+1.4911159658e-01j
   4.4354157632e-01+2.0012475933e-01j  4.8897578077e-01+2.2929236425e-01j  5.2341120693e-01+2.5167881816e-01j  5.5486272492e-01+2.7049762848e-01j  5.8727026150e-01-2.8672460862e-01j  6.2435141628e-01-3.0004006486e-01j
   6.7270244535e-01-3.0774604802e-01j  7.6291075509e-01-2.8992677745e-01j  8.8024503884e-01-4.6148627524e-01j  8.9673468805e-01-5.4894196469e-01j  9.1032215805e-01-6.0985522896e-01j  8.5731999494e-01+5.9368496185e-01j]
 [ 7.3912666086e-01+1.9012616272e-06j  7.2806550432e-01+1.8915287621e-06j  7.1702653030e-01+1.8931439976e-06j  7.0595382444e-01+1.9022694925e-06j  6.9482241372e-01+1.9114657495e-06j  6.8367636874e-01+1.9026537533e-06j
   6.7274195614e-01+1.8252866430e-06j  6.6280613013e-01+1.5112405777e-06j  6.5688646675e-01+1.8504525264e-07j  6.7590590718e-01-1.2363269379e-05j  6.3668832921e-01-1.3846098824e-01j  4.6947846485e-01-2.2637946227e-01j
   3.1849957371e-01+1.4453277891e-01j  4.2083190773e-01+1.9901133419e-01j  4.7176800718e-01+2.2956243229e-01j  5.0967029089e-01+2.5268955614e-01j  5.4357667600e-01+2.7198799056e-01j  5.7790377266e-01-2.8856603760e-01j
   6.1665058469e-01-3.0214810911e-01j  6.6667135182e-01-3.1002259028e-01j  7.5930794732e-01-2.9205350966e-01j  8.7822226409e-01-4.6737958133e-01j  8.9337399703e-01-5.5558205211e-01j  9.0374344218e-01-6.1459188287e-01j]
 [ 7.5406108365e-01+1.8304811112e-06j  7.4351151946e-01+1.7864646169e-06j  7.3319665037e-01+1.7489557957e-06j  7.2309969882e-01+1.7102293725e-06j  7.1326120902e-01+1.6575159879e-06j  7.0382911561e-01+1.5646611400e-06j
   6.9519309762e-01+1.3684559392e-06j  6.8839328332e-01+8.8321453823e-07j  6.8676760127e-01-6.5751754336e-07j  7.1018101702e-01-1.2431309266e-05j  6.8832129179e-01-1.1894266541e-01j  6.0213515864e-01-1.7024396196e-01j
   4.3446076298e-01-2.5772162549e-01j  2.9646514165e-01+1.4104352797e-01j  4.0296809686e-01+1.9780940061e-01j  4.5737473223e-01+2.2956276006e-01j  4.9774907615e-01+2.5340797988e-01j  5.3354252824e-01+2.7320015987e-01j
   5.6942907863e-01-2.9015167730e-01j  6.0959177168e-01-3.0402359476e-01j  6.6108886976e-01-3.1208962513e-01j  7.5595108814e-01-2.9400872236e-01j  8.7627378759e-01-4.7289364303e-01j  8.9002973808e-01-5.6173292501e-01j]
 [ 7.6845287141e-01+1.7960423687e-06j  7.5819630673e-01+1.7206024636e-06j  7.4835901530e-01+1.6507465846e-06j  7.3893834427e-01+1.5757838916e-06j  7.3000636973e-01+1.4798536983e-06j  7.2176202086e-01+1.3331883020e-06j
   7.1466815606e-01+1.0687905972e-06j  7.0985226512e-01+5.0157223386e-07j  7.1065650523e-01-1.0925538893e-06j  7.3559346151e-01-1.2053686228e-05j  7.2163000655e-01-1.0627266030e-01j  6.5951019280e-01-1.4591072280e-01j
   5.8092093827e-01-1.9154157192e-01j  4.0469679396e-01-2.8446915123e-01j  2.7992495580e-01+1.3826982118e-01j  3.8820727142e-01+1.9661437487e-01j  4.4496112415e-01+2.2940791380e-01j  4.8718775825e-01+2.5392934430e-01j
   5.2447836881e-01-2.7422238118e-01j  5.6167245992e-01-2.9154175875e-01j  6.0306289054e-01-3.0571470556e-01j  6.5588406023e-01-3.1398541400e-01j  7.5280422586e-01-2.9581955523e-01j  8.7438755883e-01-4.7807730001e-01j]
 [ 7.8250961292e-01+1.7985956780e-06j  7.7233600256e-01+1.6904764222e-06j  7.6276156986e-01+1.5909960095e-06j  7.5377576481e-01+1.4862745074e-06j  7.4545844104e-01+1.3581557563e-06j  7.3802798972e-01+1.1751844638e-06j
   7.3197314512e-01+8.7018075553e-07j  7.2843358683e-01+2.6466886957e-07j  7.3064370980e-01-1.3186245549e-06j  7.5583223425e-01-1.1540714057e-05j  7.4620575059e-01-9.6842612851e-02j  6.9625777936e-01-1.3021806378e-01j
   6.4226145362e-01-1.6376364946e-01j  5.6465380845e-01-2.0867488791e-01j  3.7696530970e-01-3.0915805772e-01j  2.6680031643e-01+1.3599823806e-01j  3.7561643951e-01+1.9546027193e-01j  4.3402309763e-01+2.2915965679e-01j
   4.7768539346e-01+2.5431227873e-01j  5.1620578072e-01-2.7508047957e-01j  5.5450801007e-01-2.9277878314e-01j  5.9697987350e-01-3.0725691093e-01j  6.5100225023e-01-3.1573905505e-01j  7.4983906764e-01-2.9750717494e-01j]
 [ 7.9645448506e-01+1.8443612175e-06j  7.8613522087e-01+1.6966803225e-06j  7.7661756209e-01+1.5662644436e-06j  7.6785659673e-01+1.4343040660e-06j  7.5991898528e-01+1.2800445478e-06j  7.5302067760e-01+1.0709255194e-06j
   7.4764871390e-01+7.4093386368e-07j  7.4491787910e-01+1.1995630153e-07j  7.4791438860e-01-1.4250047350e-06j  7.7270820364e-01-1.0988330499e-05j  7.6570446872e-01-8.9282216434e-02j  7.2328392307e-01-1.1856414665e-01j
   6.8125581392e-01-1.4597653174e-01j  6.2934329121e-01-1.7795854001e-01j  5.5101616204e-01-2.2350539259e-01j  3.4967274580e-01-3.3305187801e-01j  2.5599407134e-01+1.3409586263e-01j  3.6463345182e-01+1.9435907285e-01j
   4.2423106352e-01+2.2885423852e-01j  4.6903336560e-01+2.5459519981e-01j  5.0858004814e-01-2.7582184828e-01j  5.4784130409e-01-2.9389387860e-01j  5.9127790571e-01-3.0867711477e-01j  6.4640033460e-01-3.1737322480e-01j]
 [ 8.1056859866e-01+1.9498059804e-06j  7.9981315765e-01+1.7452752278e-06j  7.9012818947e-01+1.5771042742e-06j  7.8139062325e-01+1.4164919704e-06j  7.7362847640e-01+1.2383123884e-06j  7.6703577886e-01+1.0084552042e-06j
   7.6207891622e-01+6.6225751156e-07j  7.5982745626e-01+3.8050426288e-08j  7.6320613498e-01-1.4568582361e-06j  7.8724386969e-01-1.0430412839e-05j  7.8190941712e-01-8.2925082647e-02j  7.4468981526e-01-1.0922579579e-01j
   7.0983649414e-01-1.3280452231e-01j  6.7015082387e-01-1.5843591611e-01j  6.1875739722e-01-1.9010377749e-01j  5.3901221717e-01-2.3686654804e-01j  3.2170729073e-01-3.5700509722e-01j  2.4685586647e-01+1.3247447905e-01j
   3.5489166233e-01+1.9331387200e-01j  4.1535680548e-01+2.2851428160e-01j  4.6108063488e-01+2.5480451991e-01j  5.0149738099e-01-2.7647214988e-01j  5.4159954958e-01-2.9491055001e-01j  5.8590586890e-01-3.0999624186e-01j]
 [ 8.2528223355e-01+2.1562306637e-06j  8.1364500253e-01+1.8523552813e-06j  8.0350819463e-01+1.6294223680e-06j  7.9457507974e-01+1.4333700922e-06j  7.8679249807e-01+1.2296841374e-06j  7.8030846698e-01+9.8085410462e-07j
   7.7555154708e-01+6.2284519960e-07j  7.7353247696e-01+1.7183063554e-09j  7.7701120416e-01-1.4388537619e-06j  8.0007363596e-01-9.8789672633e-06j  7.9582352814e-01-7.7397059025e-02j  7.6246189542e-01-1.0137131176e-01j
   7.3242960981e-01-1.2226270902e-01j  6.9995541990e-01-1.4402329156e-01j  6.6115296256e-01-1.6903791181e-01j  6.0964577204e-01-2.0091916777e-01j  5.2811654627e-01-2.4921228165e-01j  2.9202953658e-01-3.8177182279e-01j
   2.3896907057e-01+1.3107275667e-01j  3.4613790474e-01+1.9232400063e-01j  4.0723529785e-01+2.2815458441e-01j  4.5370581499e-01-2.5497378818e-01j  4.9487780198e-01-2.7705061329e-01j  5.3572534369e-01-2.9584700779e-01j]
 [ 8.4144001462e-01+2.5873801967e-06j  8.2805097170e-01+2.0583059736e-06j  8.1702625335e-01+1.7389288209e-06j  8.0761966901e-01+1.4906996448e-06j  7.9960362587e-01+1.2547021554e-06j  7.9303914499e-01+9.8502338499e-07j
   7.8829485677e-01+6.1622919371e-07j  7.8630961822e-01+7.4078960692e-10j  7.8967757136e-01-1.3850464643e-06j  8.1161967886e-01-9.3372354752e-06j  8.0806726591e-01-7.2466576080e-02j  7.7771253518e-01-9.4535966274e-02j
   7.5116397744e-01-1.1340007979e-01j  7.2346819228e-01-1.3250593069e-01j  6.9200641653e-01-1.5353645390e-01j  6.5349343634e-01-1.7842801406e-01j  6.0155674785e-01-2.1079592072e-01j  5.1801520733e-01-2.6082099638e-01j
   2.5940006042e-01-4.0819824236e-01j  2.3205144040e-01+1.2984653716e-01j  3.3818967948e-01+1.9138722794e-01j  3.9974308682e-01+2.2778520140e-01j  4.4683812196e-01-2.5508779814e-01j  4.8865827198e-01-2.7757203258e-01j]
 [ 8.6150811224e-01+3.8444465816e-06j  8.4385502420e-01+2.4841364214e-06j  8.3109161503e-01+1.9450442771e-06j  8.2078581349e-01+1.6037957600e-06j  8.1226576972e-01+1.3189974142e-06j  8.0541479419e-01+1.0215656511e-06j
   8.0050266617e-01+6.3960741737e-07j  7.9837763294e-01+2.9421386899e-08j  8.0146457589e-01-1.3034174210e-06j  8.2217945531e-01-8.8045419277e-06j  8.1905248299e-01-6.7979331940e-02j  7.9112791935e-01-8.8433073693e-02j
   7.6722653904e-01-1.0568770631e-01j  7.4293909321e-01-1.2283043728e-01j  7.1629593505e-01-1.4116953265e-01j  6.8528726434e-01-1.6193343789e-01j  6.4676748723e-01-1.8695708550e-01j  5.9422169509e-01-2.1997295984e-01j
   5.0850388888e-01-2.7187798727e-01j  2.2202554268e-01-4.3745183747e-01j  2.2590351251e-01+1.2876315046e-01j  3.3091092261e-01+1.9050076532e-01j  3.9278525965e-01+2.2741318733e-01j  4.4040086628e-01-2.5517153619e-01j]
 [ 9.0871232342e-01+2.7638460365e-02j  8.6346352153e-01+3.7178666238e-06j  8.4650581197e-01+2.3658583226e-06j  8.3447066467e-01+1.8110569469e-06j  8.2503214509e-01+1.4374815980e-06j  8.1763251916e-01+1.0960110959e-06j
   8.1235502391e-01+6.9373211669e-07j  8.0992153280e-01+8.5498105768e-08j  8.1257649291e-01-1.1980295206e-06j  8.3197368040e-01-8.2781686056e-06j  8.2906857483e-01-6.3825897153e-02j  8.0316264514e-01-8.2872028750e-02j
   7.8134733310e-01-9.8800351153e-02j  7.5961716648e-01-1.1441362837e-01j  7.3638217934e-01-1.3078984909e-01j  7.1026400315e-01-1.4879742140e-01j  6.7942816158e-01-1.6953470279e-01j  6.4073443769e-01-1.9483934499e-01j
   5.8746712621e-01-2.2860818877e-01j  4.9944085997e-01-2.8251435482e-01j  1.7682886024e-01-4.7147251209e-01j  2.2037956444e-01+1.2779789949e-01j  3.2419740730e-01+1.8966173834e-01j  3.8628718862e-01+2.2704363689e-01j]
 [ 8.8862063968e-01+4.6220758861e-02j  9.0953955637e-01+2.7091176142e-02j  8.6561032150e-01+3.5752054584e-06j  8.4945111772e-01+2.2274328940e-06j  8.3828634132e-01+1.6474657432e-06j  8.2993604120e-01+1.2228675664e-06j
   8.2404077427e-01+7.8409451153e-07j  8.2111230203e-01+1.7006451643e-07j  8.2318521041e-01-1.0699224074e-06j  8.4117509797e-01-7.7539728260e-06j  8.3832953760e-01-5.9923907207e-02j  8.1413577294e-01-7.7717828402e-02j
   7.9400900736e-01-9.2522280857e-02j  7.7426838139e-01-1.0689805225e-01j  7.5356995661e-01-1.2176513202e-01j  7.3088921083e-01-1.3778349369e-01j  7.0503063037e-01-1.5568535843e-01j  6.7420918642e-01-1.7653591605e-01j
   6.3523895449e-01-2.0221625446e-01j  5.8117409044e-01-2.3681214630e-01j  4.9072267094e-01-2.9282748550e-01j  1.1738688734e-01-5.1422265703e-01j  2.1537024095e-01+1.2693178808e-01j  3.1796749953e-01+1.8886740790e-01j]
 [ 8.8623814382e-01+5.2064149192e-02j  8.8982526082e-01+4.5044536321e-02j  9.1045686671e-01+2.6492484391e-02j  8.6799739174e-01+3.4113312616e-06j  8.5277774911e-01+2.0604917894e-06j  8.4269340466e-01+1.4382874101e-06j
   8.3579228829e-01+9.2482277070e-07j  8.3212820121e-01+2.8872489481e-07j  8.3344851232e-01-9.1708803684e-07j  8.4992770153e-01-7.2263095734e-06j  8.4700205215e-01-5.6207223596e-02j  8.2428314621e-01-7.2868889191e-02j
   8.0554981551e-01-8.6700947624e-02j  7.8739806628e-01-1.0004716634e-01j  7.6865706565e-01-1.1370907416e-01j  7.4851973355e-01-1.2821334202e-01j  7.2614196288e-01-1.4408610431e-01j  7.0039253302e-01-1.6201394630e-01j
   6.6948840319e-01-1.8306626944e-01j  6.3017466402e-01-2.0918669963e-01j  5.7525721481e-01-2.4466571071e-01j  4.8227051530e-01-3.0289274091e-01j  2.5306576334e-02-5.7684620203e-01j  2.1079163970e-01+1.2614999892e-01j]
 [ 8.8676732004e-01+5.5373758448e-02j  8.8752885231e-01+5.0634631159e-02j  8.9115545881e-01+4.3770079567e-02j  9.1148883648e-01+2.5829151573e-02j  8.7069705422e-01+3.2179829122e-06j  8.5662260434e-01+1.8500759713e-06j
   8.4795919762e-01+1.1508459308e-06j  8.4318727860e-01+4.5533432011e-07j  8.4352955975e-01-7.3329506370e-07j  8.5836192622e-01-6.6873133072e-06j  8.5522409616e-01-5.2618394326e-02j  8.3378856970e-01-6.8243570627e-02j
   8.1621955502e-01-8.1221688777e-02j  7.9935981683e-01-9.3694006133e-02j  7.8216870478e-01-1.0636664286e-01j  7.6398272875e-01-1.1967384066e-01j  7.4416869009e-01-1.3401448665e-01j  7.2195112356e-01-1.4986545311e-01j
   6.9621850071e-01-1.6790242619e-01j  6.6516863266e-01-1.8921603449e-01j  6.2546536716e-01-2.1582287131e-01j  5.6965296095e-01-2.5223018791e-01j  4.7402205791e-01-3.1277056876e-01j -2.3572809246e-01-7.3867956944e-01j]
 [ 8.8866365800e-01+5.7385402298e-02j  8.8809510049e-01+5.3772212714e-02j  8.8894938221e-01+4.9092292204e-02j  8.9264610686e-01+4.2372476934e-02j  9.1267214432e-01+2.5081672972e-02j  8.7382354905e-01+2.9806576568e-06j
   8.6122246106e-01+1.5658323977e-06j  8.5461614874e-01+7.0359991193e-07j  8.5362628971e-01-5.0447516587e-07j  8.6661040054e-01-6.1251331854e-06j  8.6311945116e-01-4.9102193883e-02j  8.4280448066e-01-6.3770804291e-02j
   8.2621283036e-01-7.5992396202e-02j  8.1041446576e-01-8.7713239128e-02j  7.9447178039e-01-9.9558152725e-02j  7.7782154703e-01-1.1189289774e-01j  7.5996571163e-01-1.2503188432e-01j  7.4033963415e-01-1.3932504225e-01j
   7.1819448573e-01-1.5523230879e-01j  6.9241869691e-01-1.7343410191e-01j  6.6118029240e-01-1.9505106541e-01j  6.2105451202e-01-2.2217931641e-01j  5.6431261431e-01-2.5955342638e-01j  4.6592626730e-01-3.2251106261e-01j]
 [ 8.9139760340e-01+5.8549950763e-02j  8.9000620381e-01+5.5654336190e-02j  8.8955109394e-01+5.2050398966e-02j  8.9053683358e-01+4.7408252489e-02j  8.9434906652e-01+4.0815275324e-02j  9.1406530636e-01+2.4219370012e-02j
   8.7757488919e-01+2.6705063373e-06j  8.6704965894e-01+1.1326168455e-06j  8.6403331457e-01-1.9770892124e-07j  8.7483117607e-01-5.5197024758e-06j  8.7081245894e-01-4.5598149065e-02j  8.5146811680e-01-5.9382053196e-02j
   8.3569107895e-01-7.0932879484e-02j  8.2076506641e-01-8.2004279556e-02j  8.0583661176e-01-9.3148918328e-02j  7.9041515240e-01-1.0467916602e-01j  7.7409338568e-01-1.1685009700e-01j  7.5643959706e-01-1.2992948518e-01j
   7.3691816781e-01-1.4424831789e-01j  7.1478837125e-01-1.6026404784e-01j  6.8892880359e-01-1.7866972282e-01j  6.5747177877e-01-2.0062106599e-01j  6.1689890882e-01-2.2829842453e-01j  5.5919788115e-01-2.6667371202e-01j]
 [ 8.9472883561e-01+5.9082681872e-02j  8.9274236453e-01+5.6717117161e-02j  8.9147227604e-01+5.3799532661e-02j  8.9117323477e-01+5.0177034417e-02j  8.9234629397e-01+4.5540374480e-02j  8.9634678952e-01+3.9041594964e-02j
   9.1577096764e-01+2.3189332347e-02j  8.8234720462e-01+2.2176570795e-06j  8.7532162068e-01+2.8152428815e-07j  8.8325614458e-01-4.8310225313e-06j  8.7844944420e-01-4.2028496228e-02j  8.5991807421e-01-5.5001988925e-02j
   8.4479979833e-01-6.5965755629e-02j  8.3058001579e-01-7.6479605087e-02j  8.1647344734e-01-8.7030972110e-02j  8.0204238869e-01-9.7889437401e-02j  7.8694188898e-01-1.0926683016e-01j  7.7082757319e-01-1.2137513175e-01j
   7.5329692981e-01-1.3446321775e-01j  7.3382595237e-01-1.4885647341e-01j  7.1167287062e-01-1.6501708442e-01j  6.8570113294e-01-1.8365511333e-01j  6.5400372367e-01-2.0596460148e-01j  6.1296478289e-01-2.3421392175e-01j]
 [ 8.9853520085e-01+5.9098495773e-02j  8.9606829573e-01+5.7168377238e-02j  8.9420381882e-01+5.4759928851e-02j  8.9309998344e-01+5.1788099282e-02j  8.9301776619e-01+4.8106586718e-02j  8.9446522459e-01+4.3423102935e-02j
   8.9878334787e-01+3.6954237978e-02j  9.1799755750e-01+2.1886378099e-02j  8.8916557103e-01+1.3781616925e-06j  8.9233159445e-01-3.9565255274e-06j  8.8624311400e-01-3.8272099945e-02j  8.6831851116e-01-5.0533459172e-02j
   8.5368621225e-01-6.1005902591e-02j  8.4001111715e-01-7.1054779101e-02j  8.2655654984e-01-8.1110452983e-02j  8.1291991608e-01-9.1409059373e-02j  7.9879793601e-01-1.0213091982e-01j  7.8390434941e-01-1.1344924492e-01j
   7.6792294978e-01-1.2555837385e-01j  7.5046411715e-01-1.3870053309e-01j  7.3100689760e-01-1.5320211104e-01j  7.0880356768e-01-1.6953395711e-01j  6.8269931925e-01-1.8842579887e-01j  6.5074538760e-01-2.1111229040e-01j]
 [ 9.0275398828e-01+5.8659628299e-02j  8.9986510105e-01+5.7118622829e-02j  8.9751585333e-01+5.5131466945e-02j  8.9581984658e-01+5.2644389253e-02j  8.9494573938e-01+4.9572275451e-02j  8.9517387656e-01+4.5768386387e-02j
   8.9704625567e-01+4.0944771404e-02j  9.0194992514e-01+3.4362147500e-02j  9.2129547758e-01+2.0040780160e-02j  9.0336904090e-01-2.4614768975e-06j  8.9460177517e-01-3.4088672360e-02j  8.7690949192e-01-4.5824979276e-02j
   8.6252513958e-01-5.5943479833e-02j  8.4921209309e-01-6.5636931999e-02j  8.3624297556e-01-7.5296872361e-02j  8.2322717608e-01-8.5138468669e-02j  8.0988406275e-01-9.5321508850e-02j  7.9596403987e-01-1.0599311097e-01j
   7.8120717846e-01-1.1731097295e-01j  7.6531022581e-01-1.2946293794e-01j  7.4788846188e-01-1.4269059469e-01j  7.2841941798e-01-1.5732488457e-01j  7.0614659691e-01-1.7384762607e-01j  6.7989498467e-01-1.9300995208e-01j]
 [ 9.0735740250e-01+5.7795833326e-02j  9.0407262310e-01+5.6627201212e-02j  9.0129288612e-01+5.5020069525e-02j  8.9910887673e-01+5.2937214283e-02j  8.9764642629e-01+5.0321259077e-02j  8.9709889156e-01+4.7078098364e-02j
   8.9779705020e-01+4.3042345400e-02j  9.0039745602e-01+3.7886689942e-02j  9.0661052309e-01+3.0782793540e-02j  9.2864106673e-01+1.6274031382e-02j  9.0473237931e-01-2.8775534576e-02j  8.8615356694e-01-4.0576587912e-02j
   8.7157284955e-01-5.0607272815e-02j  8.5836569431e-01-6.0106258087e-02j  8.4569179376e-01-6.9490763965e-02j  8.3312581387e-01-7.8981771635e-02j  8.2038441701e-01-8.8733774546e-02j  8.0723466753e-01-9.8880016361e-02j
   7.9345077675e-01-1.0955505158e-01j  7.7878505394e-01-1.2091106755e-01j  7.6293977955e-01-1.3313482194e-01j  7.4553089116e-01-1.4647045670e-01j  7.2603180709e-01-1.6125550709e-01j  7.0367553845e-01-1.7798421006e-01j]
 [ 9.1234118666e-01+5.6513587624e-02j  9.0866543999e-01+5.5721760526e-02j  9.0547732387e-01+5.4482185181e-02j  9.0285519034e-01+5.2767644096e-02j  9.0090248051e-01+5.0535447382e-02j  8.9977209783e-01+4.7714459405e-02j
   8.9971504691e-01+4.4180156536e-02j  9.0120081464e-01+3.9693904444e-02j  9.0532578206e-01+3.3699175640e-02j  9.1684394782e-01+2.3819865925e-02j  9.2037279755e-01-1.3355861128e-05j  8.9741874188e-01-3.3915739805e-02j
   8.8132385078e-01-4.4658767307e-02j  8.6774013600e-01-5.4276141265e-02j  8.5509220445e-01-6.3563896251e-02j  8.4277951541e-01-7.2833653534e-02j  8.3046477384e-01-8.2266871810e-02j  8.1790474164e-01-9.2000203234e-02j
   8.0488696082e-01-1.0215830065e-01j  7.9119653735e-01-1.1287193428e-01j  7.7659118922e-01-1.2429256281e-01j  7.6077481435e-01-1.3660868886e-01j  7.4336161274e-01-1.5006881058e-01j  7.2381933150e-01-1.6501830380e-01j]
 [ 9.1771922290e-01+5.4800016564e-02j  9.1364183401e-01+5.4407040740e-02j  9.1004603410e-01+5.3543486138e-02j  9.0700380047e-01+5.2189172342e-02j  9.0460592666e-01+5.0310676113e-02j  9.0298370757e-01+4.7848836372e-02j
   9.0235089995e-01+4.4695266561e-02j  9.0310771129e-01+4.0634051001e-02j  9.0620553334e-01+3.5135442371e-02j  9.1612541596e-01+2.5676191491e-02j  9.0306604274e-01+1.5481414117e-06j  9.1445168221e-01-1.6511438288e-05j
   8.9324077740e-01-3.7116451000e-02j  8.7785335653e-01-4.7778125823e-02j  8.6472204862e-01-5.7316705712e-02j  8.5238298768e-01-6.6558462898e-02j  8.4029292930e-01-7.5810165884e-02j  8.2814383037e-01-8.5248210322e-02j
   8.1570833899e-01-9.5006272943e-02j  8.0278285680e-01-1.0520783306e-01j  7.8915718804e-01-1.1598397634e-01j  7.7459088516e-01-1.2748788437e-01j  7.5878727045e-01-1.3991137297e-01j  7.4135738570e-01-1.5350837153e-01j]
 [ 9.2352126932e-01+5.2623736836e-02j  9.1901870293e-01+5.2668493759e-02j  9.1499967359e-01+5.2207240162e-02j  9.1153379267e-01+5.1225599499e-02j  9.0870447338e-01+4.9697363812e-02j  9.0663009533e-01+4.7571280012e-02j
   9.0550381837e-01+4.4746832727e-02j  9.0569291552e-01+4.1013365552e-02j  9.0809647351e-01+3.5829176178e-02j  9.1716805046e-01+2.6491088091e-02j  9.0065430812e-01+2.4768504920e-06j  8.9369250335e-01+8.9060393311e-08j
   9.1102306581e-01-1.8178214348e-05j  8.9023718917e-01-3.9546502918e-02j  8.7511804173e-01-5.0355683221e-02j  8.6222221962e-01-5.9945298000e-02j  8.5006844158e-01-6.9221299792e-02j  8.3812346686e-01-7.8508476500e-02j
   8.2608801503e-01-8.7989147851e-02j  8.1374051407e-01-9.7799817993e-02j  8.0088073969e-01-1.0806611595e-01j  7.8729999206e-01-1.1892147800e-01j  7.7275767752e-01-1.3052213046e-01j  7.5695525612e-01-1.4306411306e-01j]
 [ 9.2979258897e-01+4.9933435352e-02j  9.2482965613e-01+5.0472822964e-02j  9.2035791133e-01+5.0457642703e-02j  9.1644803172e-01+4.9878975260e-02j  9.1317937239e-01+4.8717509515e-02j  9.1066182877e-01+4.6928918839e-02j
   9.0907521652e-01+4.4418287299e-02j  9.0876703066e-01+4.0976118576e-02j  9.1060814232e-01+3.6044901211e-02j  9.1902761583e-01+2.6791055189e-02j  9.0075786370e-01+2.8748113214e-06j  8.9026386652e-01+1.0395553452e-06j
   8.8808548345e-01-4.2705770485e-07j  9.0853116817e-01-1.9370264890e-05j  8.8786733573e-01-4.1544972288e-02j  8.7284973662e-01-5.2578806710e-02j  8.6008441716e-01-6.2279180794e-02j  8.4804757616e-01-7.1632474791e-02j
   8.3620097269e-01-8.0986742116e-02j  8.2424594541e-01-9.0533910858e-02j  8.1196207451e-01-1.0041568734e-01j  7.9914973503e-01-1.1076140177e-01j  7.8559997736e-01-1.2170788966e-01j  7.7107091597e-01-1.3341516180e-01j]
 [ 9.3659486716e-01+4.6654340608e-02j  9.3112512972e-01+4.7766172287e-02j  9.2615787640e-01+4.8260092642e-02j  9.2176869802e-01+4.8132658973e-02j  9.1803552884e-01+4.7372187409e-02j  9.1506230512e-01+4.5941973137e-02j
   9.1301881237e-01+4.3753099442e-02j  9.1223769445e-01+4.0597750018e-02j  9.1356740541e-01+3.5906830450e-02j  9.2138675768e-01+2.6763029005e-02j  9.0206314895e-01+3.0962890135e-06j  8.8982199681e-01+1.4425848548e-06j
   8.8397694040e-01+5.6844957674e-07j  8.8392337996e-01-7.2928631400e-07j  9.0654585005e-01-2.0319669986e-05j  8.8589915149e-01-4.3262212480e-02j  8.7090712027e-01-5.4548907488e-02j  8.5821561994e-01-6.4389785110e-02j
   8.4625513080e-01-7.3844775510e-02j  8.3447735823e-01-8.3285547631e-02j  8.2258079737e-01-9.2914715816e-02j  8.1034393855e-01-1.0288013232e-01j  7.9756628660e-01-1.1331555420e-01j  7.8403765391e-01-1.2436176547e-01j]
 [ 9.4400801751e-01+4.2682346905e-02j  9.3797402399e-01+4.4470003486e-02j  9.3245474570e-01+4.5559058129e-02j  9.2753607819e-01+4.5951372605e-02j  9.2329735496e-01+4.5644349484e-02j  9.1983830195e-01+4.4610771566e-02j
   9.1732018214e-01+4.2769659631e-02j  9.1606232037e-01+3.9917409737e-02j  9.1689057619e-01+3.5479712568e-02j  9.2410618115e-01+2.6494111028e-02j  9.0411858277e-01+3.2309784250e-06j  8.9082001816e-01+1.6751257395e-06j
   8.8315004587e-01+9.8878633873e-07j  8.7927362410e-01+3.0844732194e-07j  8.8055249242e-01-9.4291139100e-07j  9.0488202019e-01-2.1119158064e-05j  8.8421043733e-01-4.4779380787e-02j  8.6920606752e-01-5.6327688286e-02j
   8.5655571819e-01-6.6324176121e-02j  8.4464636883e-01-7.5895028139e-02j  8.3291815528e-01-8.5434451809e-02j  8.2106524145e-01-9.5155828822e-02j  8.0886391289e-01-1.0521346668e-01j  7.9611200498e-01-1.1574587036e-01j]
 [ 9.5213231338e-01+3.7875312492e-02j  9.4546663852e-01+4.0474220559e-02j  9.3932408338e-01+4.2273465725e-02j  9.3380960746e-01+4.3278815018e-02j  9.2900789261e-01+4.3498698381e-02j  9.2501615521e-01+4.2918306108e-02j
   9.2198780799e-01+4.1467767441e-02j  9.2022880376e-01+3.8951474548e-02j  9.2053995773e-01+3.4797013880e-02j  9.2711982413e-01+2.6029378039e-02j  9.0672133681e-01+3.3141364612e-06j  8.9272202717e-01+1.8292079540e-06j
   8.8391252656e-01+1.2337053764e-06j  8.7812947907e-01+7.4578316035e-07j  8.7544012502e-01+1.3294242378e-07j  8.7768818075e-01-1.1094798094e-06j  9.0344200063e-01-2.1815768438e-05j  8.8272849281e-01-4.6145749552e-02j
   8.6769222465e-01-5.7955765768e-02j  8.5506350509e-01-6.8115172039e-02j  8.4318922087e-01-7.7810047241e-02j  8.3149777833e-01-8.7455716178e-02j  8.1967841691e-01-9.7276026212e-02j  8.0750466753e-01-1.0743176045e-01j]
 [ 9.6108944672e-01+3.2041150501e-02j  9.5371865705e-01+3.5626671663e-02j  9.4686588644e-01+3.8288992283e-02j  9.4067088525e-01+4.0032679355e-02j  9.3523028737e-01+4.0879127705e-02j  9.3064120168e-01+4.0829969424e-02j
   9.2704959483e-01+3.9830942255e-02j  9.2474716363e-01+3.7699416850e-02j  9.2450617423e-01+3.3872602267e-02j  9.3039936940e-01+2.5391935104e-02j  9.0977216166e-01+3.3629920208e-06j  8.9528547516e-01+1.9401334870e-06j
   8.8567555630e-01+1.3998329854e-06j  8.7868814862e-01+1.0018214505e-06j  8.7401721639e-01+5.8592734271e-07j  8.7216441116e-01+8.9047858054e-10j  8.7517885145e-01-1.2473231854e-06j  9.0216756295e-01-2.2436885251e-05j
   8.8140636634e-01-4.7393694581e-02j  8.6632833346e-01-5.9461439436e-02j  8.5370943951e-01-6.9786659864e-02j  8.4185987825e-01-7.9610023902e-02j  8.3019669341e-01-8.9366564661e-02j  8.1840402971e-01-9.9290161291e-02j]
 [ 9.7101847715e-01+2.4923713234e-02j  9.6287538970e-01+2.9717828049e-02j  9.5521041350e-01+3.3446037249e-02j  9.4822879926e-01+3.6096299688e-02j  9.4205144509e-01+3.7703496268e-02j  9.3677965550e-01+3.8290906680e-02j
   9.3255261891e-01+3.7826072644e-02j  9.2964642724e-01+3.6145861777e-02j  9.2880060906e-01+3.2705808320e-02j  9.3393991601e-01+2.4591205511e-02j  9.1322578097e-01+3.3871356740e-06j  8.9839049496e-01+2.0250292389e-06j
   8.8817151920e-01+1.5239837317e-06j  8.8032035421e-01+1.1774467050e-06j  8.7438993803e-01+8.5188458037e-07j  8.7048753261e-01+4.6819003987e-07j  8.6927978756e-01-1.0543619676e-07j  8.7293344765e-01-1.3659975398e-06j
   9.0102103185e-01-2.2999960563e-05j  8.8021188441e-01-4.8545739194e-02j  8.6508768393e-01-6.0865293955e-02j  8.5247158703e-01-7.1356620876e-02j  8.4064015966e-01-8.1310578201e-02j  8.2899963846e-01-9.1180622036e-02j]
 [ 9.8205433712e-01+1.6194003037e-02j  9.7311348153e-01+2.2459792104e-02j  9.6452563700e-01+2.7521420885e-02j  9.5662716640e-01+3.1305399088e-02j  9.4958818584e-01+3.3854839955e-02j  9.4352285783e-01+3.5220691318e-02j
   9.3856536875e-01+3.5400777343e-02j  9.3497466990e-01+3.4260201398e-02j  9.3345272540e-01+3.1283187782e-02j  9.3775395875e-01+2.3626523985e-02j  9.1707075122e-01+3.3923813874e-06j  9.0198141033e-01+2.0936267210e-06j
   8.9126748215e-01+1.6240034817e-06j  8.8273920984e-01+1.3109907409e-06j  8.7589551812e-01+1.0355181105e-06j  8.7068535518e-01+7.4306542731e-07j  8.6736604078e-01+3.7500227298e-07j  8.6668586719e-01-1.9509453626e-07j
   8.7089266676e-01-1.4710671419e-06j  8.9997654504e-01-2.3516855394e-05j  8.7912198766e-01-4.9618245138e-02j  8.6395044274e-01-6.2182816478e-02j  8.5133319456e-01-7.2838962559e-02j  8.3951585598e-01-8.2924065437e-02j]
 [ 9.9424803213e-01+5.4826774568e-03j  9.8463054432e-01+1.3462627746e-02j  9.7502484658e-01+2.0201222301e-02j  9.6605538483e-01+2.5427316261e-02j  9.5799663752e-01+2.9167245196e-02j  9.5099439084e-01+3.1504342386e-02j
   9.4518252205e-01+3.2478151596e-02j  9.4080156670e-01+3.1994084911e-02j  9.3851038096e-01+2.9578165869e-02j  9.4186941786e-01+2.2488406126e-02j  9.2132102517e-01+3.3824709905e-06j  9.0604296439e-01+2.1522236715e-06j
   8.9490117402e-01+1.7101292399e-06j  8.8580166510e-01+1.4210436381e-06j  8.7823101013e-01+1.1765614346e-06j  8.7206612339e-01+9.3366658716e-07j  8.6739605017e-01+6.5796161133e-07j  8.6454752937e-01+2.9746456592e-07j
   8.6431712337e-01-2.7325889001e-07j  8.6901556414e-01-1.5660387920e-06j  8.9901553531e-01-2.3996028445e-05j  8.7811955619e-01-5.0623508568e-02j  8.6290145982e-01-6.3425980326e-02j  8.5028116575e-01-7.4244683999e-02j]
 [ 1.0072727224e+00-7.3755838894e-03j  9.9758888212e-01+2.2315353365e-03j  9.8696784872e-01+1.1043381429e-02j  9.7676200806e-01+1.8128543718e-02j  9.6748603012e-01+2.3403201023e-02j  9.5936112736e-01+2.6977728519e-02j
   9.5253291812e-01+2.8947874248e-02j  9.4722359960e-01+2.9276448939e-02j  9.4404260153e-01+2.7548830419e-02j  9.4633020873e-01+2.1158338846e-02j  9.2601332572e-01+3.3599311901e-06j  9.1059040497e-01+2.2054513588e-06j
   8.9905496783e-01+1.7891555356e-06j  8.8944028426e-01+1.5183364887e-06j  8.8124484433e-01+1.2943001843e-06j  8.7431288692e-01+1.0810111317e-06j  8.6865226170e-01+8.5473230732e-07j  8.6441425859e-01+5.8779998948e-07j
   8.6196321205e-01+2.3053514280e-07j  8.6212822250e-01-3.4313235132e-07j  8.6727259076e-01-1.6532581540e-06j  8.9812419537e-01-2.4443742101e-05j  8.7719151342e-01-5.1571026658e-02j  8.6192888959e-01-6.4604251824e-02j]
 [ 1.0191565202e+00-2.0927832365e-02j  1.0118787515e+00-1.1684376982e-02j  1.0006295114e+00-5.5868134289e-04j  9.8906786499e-01+8.9251190392e-03j  9.7833823461e-01+1.6216892147e-02j  9.6885004558e-01+2.1403750182e-02j
   9.6079211307e-01+2.4651627023e-02j  9.5437273153e-01+2.6005076972e-02j  9.5014504634e-01+2.5133564453e-02j  9.5119897243e-01+1.9607289832e-02j  9.3120828016e-01+3.3265621083e-06j  9.1566650993e-01+2.2572204730e-06j
   9.0374508136e-01+1.8663063459e-06j  8.9363552767e-01+1.6100990379e-06j  8.8486514852e-01+1.3999190124e-06j  8.7726655097e-01+1.2050253028e-06j  8.7080515366e-01+1.0075127790e-06j  8.6554508248e-01+7.9009149154e-07j
   8.6166943159e-01+5.2763428790e-07j  8.5956543104e-01+1.7111863519e-07j  8.6008638746e-01-4.0682150479e-07j  8.6564166737e-01-1.7343687964e-06j  8.9729196194e-01-2.4864773698e-05j  8.7632763472e-01-5.2468301928e-02j]
 [ 1.0180169503e+00-2.1399248868e-02j  1.0260301828e+00-2.7596699944e-02j  1.0161238661e+00-1.5320848847e-02j  1.0033606335e+00-2.8846669839e-03j  9.9093301992e-01+7.0943127603e-03j  9.7977361306e-01+1.4432665100e-02j
   9.7020199872e-01+1.9358961684e-02j  9.6243022315e-01+2.2032656356e-02j  9.5694909833e-01+2.2243602981e-02j  9.5656225964e-01+1.7792730094e-02j  9.3699489803e-01+3.2837669093e-06j  9.2134317858e-01+2.3113551687e-06j
   9.0901845222e-01+1.9462655194e-06j  8.9840429593e-01+1.7020286042e-06j  8.8907062960e-01+1.5010316296e-06j  8.8085121902e-01+1.3173073188e-06j  8.7368877255e-01+1.1368194644e-06j  8.6759896034e-01+9.4762966492e-07j
   8.6267324212e-01+7.3489780052e-07j  8.5911263151e-01+4.7444247637e-07j  8.5731968269e-01+1.1719567904e-07j  8.5816708458e-01-4.6577904768e-07j  8.6410582688e-01-1.8105660554e-06j  8.9651056224e-01-2.5262858193e-05j]]
(0.7294021824963963-0.09941048751943525j)

Total abs(Z)** 2:
[[4.5714305579e+05 2.4517187796e+05 1.6753187236e+05 1.3403303093e+05 1.2187795060e+05 1.2573209388e+05 1.5080499486e+05 2.2591363245e+05 5.2503124440e+05 7.0745165984e+06 1.1387718767e+06 1.4899817861e+05 4.6399400106e+04 2.3847991562e+04
  1.0881100930e+04 6.1288535951e+03 3.7473298937e+03 2.4326769991e+03 1.6566884308e+03 1.1745445785e+03 8.6239623439e+02 6.5333004297e+02 5.0925371079e+02 4.0753126332e+02]
 [1.7483611997e+06 5.7471168630e+05 3.1767705824e+05 2.2569134766e+05 1.9022002136e+05 1.8616652339e+05 2.1481945035e+05 3.1241659723e+05 7.0924237510e+05 9.3767592531e+06 1.4861189779e+06 1.9216046693e+05 5.9807450214e+04 2.5036605182e+04
  1.5726435726e+04 7.6715936859e+03 4.6044227158e+03 2.9531331391e+03 1.9900602298e+03 1.3968269424e+03 1.0155143794e+03 7.6173895610e+02 5.8784235870e+02 4.6568649217e+02]
 [1.2157598758e+08 2.1959307187e+06 7.4383515872e+05 4.2741860914e+05 3.1985470067e+05 2.9011466714e+05 3.1754730220e+05 4.4423512007e+05 9.7892682617e+05 1.2640850617e+07 1.9655976161e+06 2.5026289215e+05 7.7017388974e+04 3.2333641301e+04
  1.5735189201e+04 1.1361846845e+04 5.7552300660e+03 3.6165800396e+03 2.4061485944e+03 1.6705046157e+03 1.2020279410e+03 8.9258631208e+02 6.8192461553e+02 5.3479255914e+02]
 [3.6196880250e+06 1.5260455863e+08 2.8395423978e+06 9.9969556334e+05 6.0499607722e+05 4.8715867397e+05 4.9411072491e+05 6.5559870326e+05 1.3895092800e+06 1.7414381595e+07 2.6445115071e+06 3.3032149553e+05 1.0010400033e+05 4.1576752936e+04
  2.0360123016e+04 1.0852111404e+04 8.7252056784e+03 4.5142522465e+03 2.9372779324e+03 2.0119657999e+03 1.4314270625e+03 1.0517537759e+03 7.9530704896e+02 6.1739243781e+02]
 [7.6839152782e+05 4.5452535712e+06 1.9721755301e+08 3.8129013528e+06 1.4135200802e+06 9.2032730914e+05 8.2858980465e+05 1.0186192915e+06 2.0473279181e+06 2.4675307202e+07 3.6363444015e+06 4.4353459453e+05 1.3185742139e+05 5.3933322796e+04
  2.6142672463e+04 1.4068404549e+04 7.9675322489e+03 6.9988055426e+03 3.6614284270e+03 2.4484621621e+03 1.7175677144e+03 1.2473356476e+03 9.3305715964e+02 7.1679834601e+02]
 [4.5253332282e+05 9.7358945004e+05 5.8765968822e+06 2.6467743294e+08 5.3866490829e+06 2.1480185389e+06 1.5634853607e+06 1.7058922360e+06 3.1763537768e+06 3.6299372286e+07 5.1436694393e+06 6.0875948381e+05 1.7670417616e+05 7.0898279232e+04
  3.3846473470e+04 1.8038417886e+04 1.0348310480e+04 6.1188820645e+03 5.7998643277e+03 3.0481248525e+03 2.0838991292e+03 1.4912521345e+03 1.1021803332e+03 8.3743074529e+02]
 [1.7512018349e+08 5.6128176416e+05 1.2703140016e+06 7.8905859389e+06 3.7373148195e+08 8.1789215643e+06 3.6454124047e+06 3.2151267764e+06 5.3125416827e+06 5.6236388761e+07 7.5549132353e+06 8.5964068868e+05 2.4208841120e+05 9.4828861973e+04
  4.4404719899e+04 2.3309382285e+04 1.3250024362e+04 7.9620603443e+03 4.8612164844e+03 4.9290035503e+03 2.5909834976e+03 1.8040190732e+03 1.3130809554e+03 9.8542812770e+02]
 [1.3498198267e+05 2.1986083800e+08 7.1667575130e+05 1.7215625541e+06 1.1147723000e+07 5.6719442923e+08 1.3869414086e+07 7.4889093799e+06 1.0001166666e+07 9.3936347720e+07 1.1687816426e+07 1.2606718702e+06 3.4128523167e+05 1.2968397252e+05
  5.9279829242e+04 3.0520717958e+04 1.7089491275e+04 1.0180643271e+04 6.3372195182e+03 3.9656048489e+03 4.2736944599e+03 2.2402226858e+03 1.5839575953e+03 1.1699836771e+03]
 [1.0458471605e+05 1.6773628311e+05 2.8419755975e+08 9.5018394931e+05 2.4552112211e+06 1.6928349304e+07 9.6139966648e+08 2.8470512233e+07 2.3272815744e+07 1.7664158597e+08 1.9498489376e+07 1.9476003953e+06 4.9973476475e+05 1.8252007081e+05
  8.0924557932e+04 4.0668225893e+04 2.2333241389e+04 1.3106246493e+04 8.0920628401e+03 5.1791223375e+03 3.3043757667e+03 3.7663190787e+03 1.9645726458e+03 1.4074286765e+03]
 [8.2492436532e+04 1.2989596009e+05 2.1462443263e+05 3.8149473992e+08 1.3252896858e+06 3.7641514924e+06 2.8712084622e+07 1.9727219814e+09 8.8410217330e+07 4.1065666664e+08 3.6625203364e+07 3.2450916859e+06 7.7097292179e+05 2.6685632470e+05
  1.1370865730e+05 5.5419770832e+04 2.9703252242e+04 1.7095007727e+04 1.0398311438e+04 6.6044242403e+03 4.3233612385e+03 2.8017034569e+03 3.3641485694e+03 1.7435592325e+03]
 [6.7128605044e+04 1.0234503785e+05 1.6613105595e+05 2.8521011407e+05 5.3880381844e+08 1.9864925465e+06 6.4465532231e+06 5.8955810415e+07 6.1236791922e+09 1.5589082098e+09 8.5067407553e+07 6.0888369256e+06 1.2830205396e+06 4.1113676257e+05
  1.6600172505e+05 7.7745336937e+04 4.0407087862e+04 2.2694561959e+04 1.3537273196e+04 8.4712623890e+03 5.5058648602e+03 3.6722472981e+03 2.4102170242e+03 3.0390420624e+03]
 [5.6114189771e+04 8.3156188231e+04 1.3076039747e+05 2.2068175626e+05 3.9880469507e+05 8.1790862216e+08 3.3250868183e+06 1.3367812991e+07 1.8314495481e+08 1.0794047731e+11 3.2270381141e+08 1.4129410125e+07 2.4047916920e+06 6.8336959222e+05
  2.5540991777e+05 1.1333200898e+05 5.6594039476e+04 3.0819588195e+04 1.7938738091e+04 1.1007846227e+04 7.0494755030e+03 4.6705444326e+03 3.1647231476e+03 2.0990655463e+03]
 [4.8007598676e+04 6.9365743654e+04 1.0608942821e+05 1.7353020395e+05 3.0847390379e+05 5.9940610574e+05 1.3866957339e+09 6.7366776945e+06 4.1943062739e+07 3.2308029528e+09 2.2337573669e+10 5.3564251427e+07 5.5754861109e+06 1.2795105930e+06
  4.2402270218e+05 1.7414091294e+05 8.2378648167e+04 4.3097306530e+04 2.4319538395e+04 1.4560578583e+04 9.1433370748e+03 5.9693181564e+03 4.0198388105e+03 2.7610064120e+03]
 [4.2054173321e+04 5.9165144557e+04 8.8317908575e+04 1.4059597603e+05 2.4234790638e+05 4.6351397508e+05 1.0062729954e+06 2.8460992728e+09 2.0644604334e+07 7.4742505127e+08 6.6915627946e+08 3.7067151989e+09 2.1122948823e+07 2.9639683467e+06
  7.9310255446e+05 2.8876265633e+05 1.2641317565e+05 6.2642055334e+04 3.3954316114e+04 1.9706383939e+04 1.2072673664e+04 7.7281163061e+03 5.1286032211e+03 3.5025381116e+03]
 [3.8174359631e+04 5.1583251399e+04 7.5110928227e+04 1.1681989080e+05 1.9609789234e+05 3.6385205398e+05 7.7797903439e+05 2.0451841738e+06 8.8370261020e+09 3.5918862316e+08 1.5640022286e+08 1.1113939908e+08 1.4613863622e+09 1.1222165814e+07
  1.8356590288e+06 5.3956109941e+05 2.0937651060e+05 9.6001754618e+04 4.9282026406e+04 2.7470638531e+04 1.6311828152e+04 1.0185942045e+04 6.6275921121e+03 4.4608055196e+03]
 [3.8613493375e+04 4.6433705437e+04 6.5185118699e+04 9.9072972237e+04 1.6263925379e+05 2.9405482215e+05 6.1023909577e+05 1.5809636594e+06 6.2887420922e+06 1.5580816787e+11 7.3357510222e+07 2.6247697925e+07 4.3858425186e+07 7.7624257930e+08
  6.9460322709e+06 1.2477991026e+06 3.9083552705e+05 1.5882411755e+05 7.5429796631e+04 3.9814884319e+04 2.2703457276e+04 1.3739685871e+04 8.7200310120e+03 5.7541865715e+03]
 [3.3560317916e+04 4.6075317749e+04 5.8195219153e+04 8.5598011655e+04 1.3756219431e+05 2.4346182628e+05 4.9261473995e+05 1.2392336081e+06 4.8609116331e+06 1.0981173699e+08 3.2252006160e+10 1.2011318258e+07 1.0467680117e+07 2.3319356776e+07
  4.8037647068e+08 4.7189058993e+06 9.0312451359e+05 2.9618010030e+05 1.2464873230e+05 6.0862032383e+04 3.2859195081e+04 1.9094078779e+04 1.1742895332e+04 7.5576420776e+03]
 [1.9861863257e+05 3.9595447486e+04 5.6633339833e+04 7.5800664612e+04 1.1834040910e+05 2.0539597087e+05 4.0719455795e+05 9.9930636317e+05 3.8078275736e+06 8.4877856267e+07 2.2513340603e+07 5.3533731220e+09 4.6717336401e+06 5.6253460711e+06
  1.4446212955e+07 3.2630536160e+08 3.4135495988e+06 6.8385973599e+05 2.3222410038e+05 1.0046267801e+05 5.0166018157e+04 2.7596665107e+04 1.6294246106e+04 1.0160843356e+04]
 [2.2835263557e+04 2.0783988484e+05 4.8172656314e+04 7.2326083522e+04 1.0396167613e+05 1.7596060588e+05 3.4269127825e+05 8.2475960510e+05 3.0675748582e+06 6.6452508861e+07 1.7402220205e+07 3.7013261229e+06 2.1111721832e+09 2.4475794800e+06
  3.5227611179e+06 9.8236266403e+06 2.3601567093e+08 2.5834348586e+06 5.3577672594e+05 1.8698665367e+05 8.2715475746e+04 4.2079042268e+04 2.3517413527e+04 1.4077653677e+04]
 [6.6918541711e+05 1.8724909092e+04 2.2126771288e+05 6.0964045614e+04 9.7235562922e+04 1.5337377104e+05 2.9240308237e+05 6.9250347398e+05 2.5281367215e+06 5.3485515655e+07 1.3617844162e+07 2.8613350034e+06 1.4458402720e+06 1.1217063280e+09
  1.4936817139e+06 2.4219155533e+06 7.1135459370e+06 1.7860664275e+08 2.0230008738e+06 4.3108234559e+05 1.5381025825e+05 6.9305397151e+04 3.5814580419e+04 2.0290234083e+04]
 [2.2721488056e+04 6.6142279586e+05 1.4179371760e+04 2.4120713150e+05 8.1318894503e+04 1.4058276820e+05 2.5291924142e+05 5.8860475571e+05 2.1180821406e+06 4.4021116689e+07 1.0951528372e+07 2.2381466970e+06 1.1179080369e+06 7.6095875243e+05
  6.9436749017e+08 1.0003316372e+06 1.7733439517e+06 5.3896806865e+06 1.3985415039e+08 1.6269116532e+06 3.5433620720e+05 1.2875505840e+05 5.8923717990e+04 3.0861903044e+04]
 [1.0551195894e+03 2.5063740446e+04 6.4942625573e+05 9.2429567831e+03 2.7203331751e+05 1.1680509528e+05 2.2714244673e+05 5.0531377489e+05 1.7936463203e+06 3.6804920152e+07 9.0024817368e+06 1.7985865372e+06 8.7412116150e+05 5.8850381992e+05
  4.6663076751e+05 4.7180299563e+08 7.1319155085e+05 1.3587876052e+06 4.2255530874e+06 1.1246986870e+08 1.3366584701e+06 2.9640295508e+05 1.0936842595e+05 5.0720883999e+04]
 [1.0193101464e+04 1.0620822457e+03 2.8068926845e+04 6.3122735984e+05 4.2342810969e+03 3.2306242236e+05 1.8776138296e+05 4.4455669915e+05 1.5285835772e+06 3.1057258363e+07 7.5121683885e+06 1.4768113769e+06 7.0198187966e+05 4.6003439897e+05
  3.6098754043e+05 3.1409557766e+05 3.4135722182e+08 5.3187071917e+05 1.0774971717e+06 3.4025930532e+06 9.2405826356e+07 1.1176305402e+06 2.5159700070e+05 9.4058684027e+04]
 [2.8088953835e+05 1.3291210724e+04 1.0548658750e+03 3.2107170657e+04 6.0351684585e+05 4.0691491793e+02 4.1773310548e+05 3.6615698051e+05 1.3171269204e+06 2.6279222035e+07 6.3176929932e+06 1.2301065664e+06 5.7579735535e+05 3.6922520777e+05
  2.8212310015e+05 2.4307477182e+05 2.2513385540e+05 2.5840482897e+08 4.1031730039e+05 8.7770648231e+05 2.7993800615e+06 7.7267637330e+07 9.4829086580e+05 2.1622943912e+05]
 [7.1289137337e+06 3.5437091362e+05 1.7879266954e+04 1.0270603908e+03 3.7878461168e+04 5.6029763537e+05 2.6147176963e+03 6.3301686217e+05 1.0826607961e+06 2.2174594086e+07 5.3087393523e+06 1.0312082273e+06 4.7880553678e+05 3.0257250746e+05
  2.2631950938e+05 1.8994239333e+05 1.7430384357e+05 1.6883977190e+05 2.0240264724e+08 3.2501591824e+05 7.3058531544e+05 2.3440784366e+06 6.5565481179e+07 8.1466832995e+05]
 [4.5752748138e+05 8.9399208719e+06 4.6049201478e+05 2.5022509664e+04 9.6829684015e+02 4.6868404429e+04 4.8958832022e+05 3.3553343427e+04 1.3904616835e+06 1.8221124899e+07 4.3861350784e+06 8.6070385173e+05 4.0017447822e+05 2.5121678289e+05
  1.8531012667e+05 1.5230822946e+05 1.3619306108e+05 1.3078508297e+05 1.3102162297e+05 1.6282381808e+08 2.6295089973e+05 6.1903393912e+05 1.9919816432e+06 5.6332982200e+07]
 [2.1958504246e+05 5.7263461437e+05 1.1541823782e+07 6.2166936633e+05 3.6908177229e+04 8.6092404187e+02 6.2802333296e+04 3.6440161020e+05 2.6510205293e+05 1.6352344445e+07 3.6092970182e+06 6.9621875106e+05 3.3183850743e+05 2.0936462818e+05
  1.5364083958e+05 1.2461911508e+05 1.0917184763e+05 1.0218870822e+05 1.0154845325e+05 1.0442537329e+05 1.3382128192e+08 2.1644989532e+05 5.3238376485e+05 1.7140846099e+06]
 [1.5235359653e+05 2.7460550129e+05 7.3771894475e+05 1.5473222125e+07 8.8337541645e+05 5.8603296206e+04 6.7365972787e+02 9.7869202145e+04 1.2403265135e+05 8.7764043084e+06 2.0714680819e+06 5.7478877130e+05 2.6277632593e+05 1.7252450116e+05
  1.2770422877e+05 1.0319054604e+05 8.9269192515e+04 8.1893457844e+04 7.9349768066e+04 8.0986613820e+04 8.5031864969e+04 1.1193625653e+08 1.8075548227e+05 4.6369588941e+05]
 [1.2270618094e+05 1.9045443158e+05 3.5345748069e+05 9.8671690629e+05 2.1823826907e+07 1.3496926270e+06 1.0407376942e+05 3.5603864498e+02 2.1851999067e+05 2.3937802688e+06 2.9224216236e+06 1.8324625753e+05 2.1807385268e+05 1.3373865090e+05
  1.0459897091e+05 8.5558588833e+04 7.3835416044e+04 6.6929220112e+04 6.3579823046e+04 6.3291374707e+04 6.5992744567e+04 7.0469512807e+04 9.5016496350e+07 1.5279237769e+05]
 [1.0690743984e+05 1.5336317974e+05 2.4504096441e+05 4.7230432294e+05 1.3882283096e+06 3.3081338345e+07 2.3040701787e+06 2.2403468109e+05 1.4680343497e-01 2.5625908364e+06 4.4042820014e+06 7.1042592366e+05 2.9721355348e+04 1.1178693432e+05
  7.9373134895e+04 6.9673800729e+04 6.1079614162e+04 5.5302867071e+04 5.1940710610e+04 5.0708716194e+04 5.1584359683e+04 5.4733587542e+04 5.9266256233e+04 8.1665849332e+07]
 [9.7737575347e+04 1.3360529576e+05 1.9727944179e+05 3.2728855968e+05 6.6380691125e+05 2.0987181025e+06 5.6002517292e+07 4.7633818922e+06 7.3044317850e+05 2.2023569597e+04 3.1239721994e+05 2.0471599941e+06 3.8525972197e+05 3.3061160113e+03
  6.6959455472e+04 5.1756373837e+04 4.9465168713e+04 4.5653218845e+04 4.2881519496e+04 4.1413322521e+04 4.1329296434e+04 4.2795521635e+04 4.6071215787e+04 5.0469552225e+04]
 [9.2328664187e+04 1.2214215481e+05 1.7184895205e+05 2.6344129779e+05 4.5977537555e+05 1.0024316271e+06 3.5427653371e+06 1.1476105861e+08 1.4903431180e+07 1.3537745940e+07 1.8744779799e+04 2.4579289755e+04 1.6001620857e+06 2.6903716289e+05
  4.5843374907e+01 4.4158623304e+04 3.5972137251e+04 3.6778153366e+04 3.5332307993e+04 3.4166077674e+04 3.3746730544e+04 3.4290830985e+04 3.6035372669e+04 3.9269291274e+04]
 [8.9349320666e+04 1.1538447485e+05 1.5710171120e+05 2.2946306096e+05 3.7000310233e+05 6.9397092273e+05 1.6901718205e+06 7.2379519344e+06 3.5574498570e+08 2.6487850906e+08 2.9485143805e+06 7.2432654276e+03 2.7761856525e+03 1.4228902019e+06
  2.1157333441e+05 2.2226165946e+03 3.1106931003e+04 2.6186058738e+04 2.8322277362e+04 2.8103631635e+04 2.7825477893e+04 2.7997275254e+04 2.8879300151e+04 3.0728413482e+04]
 [8.8124774476e+04 1.1166646345e+05 1.4841394284e+05 2.0976970065e+05 3.2225488431e+05 5.5834705768e+05 1.1694653502e+06 3.4487343528e+06 2.2364973926e+07 6.2615372516e+09 5.5290306503e+07 5.1538969669e+05 5.2605290797e+03 1.7232596917e+01
  1.3329568467e+06 1.7785812379e+05 5.5314100406e+03 2.3000539689e+04 1.9746071789e+04 2.2422440118e+04 2.2854108740e+04 2.3075249829e+04 2.3579621001e+04 2.4632836240e+04]
 [8.8305062502e+04 1.1014412866e+05 1.4364042236e+05 1.9817720282e+05 2.9459762664e+05 4.8625593750e+05 9.4069801933e+05 2.3849182210e+06 1.0642298661e+07 3.9232023141e+08 1.2938246777e+09 9.2579073001e+06 2.1420254288e+05 4.5247578360e+03
  5.9528445829e+02 1.2820500664e+06 1.5587108695e+05 8.7624992268e+03 1.7655072457e+04 1.5310354928e+04 1.8154311217e+04 1.8928346679e+04 1.9429057832e+04 2.0115267758e+04]
 [8.9724054042e+04 1.1037994666e+05 1.4169462724e+05 1.9181746401e+05 2.7833157953e+05 4.4452707421e+05 8.1917890655e+05 1.9179302957e+06 7.3551835418e+06 1.8642225851e+08 8.0776746964e+07 2.1436006235e+08 3.6843198422e+06 1.2002356213e+05
  4.1781741894e+03 1.8931507589e+03 1.2520052400e+06 1.4046930550e+05 1.1583797823e+04 1.3964941927e+04 1.2143085421e+04 1.4974698387e+04 1.5920410641e+04 1.6572586242e+04]
 [9.2336314171e+04 1.1216644460e+05 1.4201360296e+05 1.8923839772e+05 2.6942339906e+05 4.2000931772e+05 7.4889241717e+05 1.6700538757e+06 5.9135158763e+06 1.2876179716e+08 3.8326572510e+07 1.3332952760e+07 8.4373726020e+07 1.9761259853e+06
  7.8401082473e+04 4.0017094534e+03 3.2976247990e+03 1.2344937959e+06 1.2911173130e+05 1.3939031575e+04 1.1323641889e+04 9.8145772740e+03 1.2547822675e+04 1.3568193264e+04]
 [9.6190921136e+04 1.1544721917e+05 1.4433072167e+05 1.8968808289e+05 2.6583192175e+05 4.0660811176e+05 7.0764067748e+05 1.5268006853e+06 5.1488925733e+06 1.0349719791e+08 2.6454957813e+07 6.3162970075e+06 5.2273397933e+06 4.4740342408e+07
  1.2353166490e+06 5.6242635307e+04 3.9149635812e+03 4.6480537099e+03 1.2251699074e+06 1.2040796898e+05 1.5859555995e+04 9.3768592107e+03 8.0609183232e+03 1.0657305312e+04]
 [1.0142663255e+05 1.2028421188e+05 1.4857398708e+05 1.9281087406e+05 2.6650087370e+05 4.0124060521e+05 6.8514126929e+05 1.4428246759e+06 4.7073959303e+06 9.0109030183e+07 2.1258579400e+07 4.3568622635e+06 2.4723214257e+06 2.7604658514e+06
  2.7638545617e+07 8.4791647246e+05 4.2981722947e+04 3.8817199470e+03 5.9079920616e+03 1.2215494497e+06 1.1353690724e+05 1.7400569196e+04 7.9068823859e+03 6.7131487543e+03]
 [1.0828345684e+05 1.2685171354e+05 1.5482393976e+05 1.9851146336e+05 2.7093140046e+05 4.0231259387e+05 6.7619559003e+05 1.3971309167e+06 4.4489246707e+06 8.2386132012e+07 1.8507462303e+07 3.5001188918e+06 1.7041448007e+06 1.3033448191e+06
  1.6979514908e+06 1.8739630317e+07 6.1994531855e+05 3.4380762483e+04 3.8833421262e+03 7.0779288947e+03 1.2221131883e+06 1.0798402500e+05 1.8618963213e+04 6.7742658667e+03]
 [1.1713178447e+05 1.3545091966e+05 1.6330601040e+05 2.0689867159e+05 2.7899093846e+05 4.0907239953e+05 6.7811740471e+05 1.3791105278e+06 4.3086461571e+06 7.7871197174e+07 1.6922147615e+07 3.0469798738e+06 1.3686529865e+06 8.9771177218e+05
  8.0023767483e+05 1.1460784762e+06 1.3528588359e+07 4.7439905558e+05 2.8465369414e+04 3.9093008283e+03 8.1688035116e+03 1.2258826461e+06 1.0341127563e+05 1.9566079094e+04]
 [1.2852591651e+05 1.4654649719e+05 1.7440937465e+05 2.1827533368e+05 2.9083427719e+05 4.2132212646e+05 6.8964238471e+05 1.3832862170e+06 4.2538191462e+06 7.5427716816e+07 1.5996758859e+07 2.7861529402e+06 1.1913943488e+06 7.2077155572e+05
  5.5075444930e+05 5.3912322400e+05 8.2350064809e+05 1.0217750250e+07 3.7575425605e+05 2.4211811901e+04 3.9532234189e+03 9.1934428070e+03 1.2322016279e+06 9.9587788940e+04]
 [1.4329717125e+05 1.6083374682e+05 1.8873421271e+05 2.3316366840e+05 3.0688950155e+05 4.3929855766e+05 7.1044106093e+05 1.4070849492e+06 4.2675546710e+06 7.4482098843e+07 1.5497463369e+07 2.6341511762e+06 1.0894860474e+06 6.2738837380e+05
  4.4206735696e+05 3.7074346505e+05 3.8661608288e+05 6.1892535256e+05 7.9845410079e+06 3.0576977060e+05 2.1044839234e+04 4.0110465070e+03 1.0163834272e+04 1.2406158249e+06]
 [1.6271738932e+05 1.7935540923e+05 2.0717846986e+05 2.5236870962e+05 3.2789391551e+05 4.6365218461e+05 7.4091819443e+05 1.4498437081e+06 4.3419353589e+06 7.4738749867e+07 1.5306325099e+07 2.5524079899e+06 1.0302014869e+06 5.7376948571e+05
  3.8477350710e+05 2.9748794195e+05 2.6564180133e+05 2.8997321464e+05 4.8118962709e+05 6.4076421025e+06 2.5429269453e+05 1.8620267198e+04 4.0800732155e+03 1.1090403622e+04]
 [1.8879670949e+05 2.0370678418e+05 2.3108872667e+05 2.7709469520e+05 3.5498362082e+05 4.9550189250e+05 7.8217788890e+05 1.5124005351e+06 4.4749459490e+06 7.6059407699e+07 1.5362629419e+07 2.5214856463e+06 9.9843253929e+05 5.4263566653e+05
  3.5192096194e+05 2.5891977678e+05 2.1308519747e+05 1.9906254585e+05 2.2495715469e+05 3.8411200918e+05 5.2531407617e+06 2.1530478112e+05 1.6721511856e+04 4.1584578087e+03]
 [2.2485558916e+05 2.3640929802e+05 2.6252512844e+05 3.0914742805e+05 3.8985779185e+05 5.3657093335e+05 8.3611658441e+05 1.5970243724e+06 4.6692126857e+06 7.8409347268e+07 1.5638045246e+07 2.5313883227e+06 9.8657034340e+05 5.2601549757e+05
  3.3288341511e+05 2.3683638540e+05 1.8545115578e+05 1.5962570882e+05 1.5428733955e+05 1.7916969305e+05 3.1316998966e+05 4.3827297595e+06 1.8505346789e+05 1.5206519671e+04]
 [2.7670231739e+05 2.8162813795e+05 3.0474388648e+05 3.5128961205e+05 4.3506424698e+05 5.8943613193e+05 9.0565358191e+05 1.7076065410e+06 4.9317902218e+06 8.1835324611e+07 1.6125560027e+07 2.5774636111e+06 9.9070659016e+05 5.1989753683e+05
  3.2276218124e+05 2.2406676989e+05 1.6965251362e+05 1.3891872408e+05 1.2367879537e+05 1.2276567069e+05 1.4573633778e+05 2.5978455017e+05 3.7103851863e+06 1.6109951892e+05]
 [3.5528071113e+05 3.4664956387e+05 3.6312420387e+05 4.0788801297e+05 4.9450087908e+05 6.5796102242e+05 9.9515326815e+05 1.8501338772e+06 5.2747581843e+06 8.6461907540e+07 1.6834951021e+07 2.6585780471e+06 1.0090271715e+06 5.2222383086e+05
  3.1909416510e+05 2.1730764041e+05 1.6053781528e+05 1.2709940798e+05 1.0763070186e+05 9.8375882584e+04 9.9757297739e+04 1.2059760873e+05 2.1862458709e+05 3.1803286425e+06]
 [4.8334926699e+05 4.4520284267e+05 4.4707650160e+05 4.8615674733e+05 5.7432890402e+05 7.4805635554e+05 1.1111588316e+06 2.0335547330e+06 5.7166902928e+06 9.2502031912e+07 1.7792044817e+07 2.7763717861e+06 1.0410976679e+06 5.3204191762e+05
  3.2061739210e+05 2.1489954178e+05 1.5573595670e+05 1.2029699175e+05 9.8486216102e+04 8.5607903409e+04 7.9909424621e+04 8.2463516535e+04 1.0123186252e+05 1.8623652332e+05]
 [7.1517645711e+05 6.0584058599e+05 5.7433349402e+05 5.9871689135e+05 6.8472739724e+05 8.6906521545e+05 1.2636804732e+06 2.2712835499e+06 6.2853414013e+06 1.0028290565e+08 1.9040910777e+07 2.9351390019e+06 1.0875720411e+06 5.4912794788e+05
  3.2674959777e+05 2.1599341678e+05 1.5405688403e+05 1.1673133284e+05 9.3236770234e+04 7.8345554259e+04 6.9535864016e+04 6.6031548286e+04 6.9146138746e+04 8.6006163335e+04]
 [1.2093671764e+06 8.9665149034e+05 7.8177586725e+05 7.6935258261e+05 8.4350557628e+05 1.0364242002e+06 1.4685416601e+06 2.5838423663e+06 7.0223149193e+06 1.1029335163e+08 2.0649223601e+07 3.1421934216e+06 1.1501468278e+06 5.7383335477e+05
  3.3735669858e+05 2.2019880192e+05 1.5489259294e+05 1.1550985082e+05 9.0499953116e+04 7.4187917904e+04 6.3646626354e+04 5.7457844698e+04 5.5346265403e+04 5.8679759741e+04]
 [2.6178502805e+06 1.5166436079e+06 1.1573574980e+06 1.0475333753e+06 1.0842265426e+06 1.2771425591e+06 1.7518870635e+06 3.0036719220e+06 7.9912567473e+06 1.2326602404e+08 2.2718056254e+07 3.4087585365e+06 1.2317058951e+06 6.0706126900e+05
  3.5265880565e+05 2.2742775501e+05 1.5796444800e+05 1.1617722069e+05 8.9583319809e+04 7.2032803000e+04 6.0284824510e+04 5.2600137033e+04 4.8158679331e+04 4.6949794093e+04]
 [1.0566741361e+07 3.2838727050e+06 1.9581647351e+06 1.5512430881e+06 1.4767040533e+06 1.6421249306e+06 2.1594644251e+06 3.5843757327e+06 9.2927794608e+06 1.4032173621e+08 2.5398882447e+07 3.7515919172e+06 1.3366715565e+06 6.5034376446e+05
  3.7321610912e+05 2.3783164847e+05 1.6321119345e+05 1.1852554670e+05 9.0134209101e+04 7.1328718203e+04 5.8552967573e+04 4.9835661624e+04 4.4094890403e+04 4.0851665729e+04]
 [1.8630274586e+09 1.3258654243e+07 4.2410681802e+06 2.6253685643e+06 2.1874539486e+06 2.2372640418e+06 2.7775007825e+06 4.4197545786e+06 1.1093138771e+07 1.6323233790e+08 2.8923422110e+07 4.1958046370e+06 1.4716446723e+06 7.0602844414e+05
  3.9997691154e+05 2.5179191933e+05 1.7074371193e+05 1.2251031604e+05 9.1992230058e+04 7.1795267189e+04 5.8002492992e+04 4.8420910513e+04 4.1789729021e+04 3.7411485201e+04]
 [7.0815173065e+06 2.3382695999e+09 1.7128232960e+07 5.6878302015e+06 3.7032661955e+06 3.3151477064e+06 3.7853800956e+06 5.6866199911e+06 1.3683284168e+07 1.9492584733e+08 3.3658002277e+07 4.7798100689e+06 1.6465154176e+06 7.7761828448e+05
  4.3439315174e+05 2.6995285945e+05 1.8083858762e+05 1.2821653466e+05 9.5124019410e+04 7.3305453693e+04 5.8405744738e+04 4.7984719010e+04 4.0618362023e+04 3.5466769172e+04]
 [1.7687371392e+06 8.8903326028e+06 3.0215669843e+09 2.2978165980e+07 8.0256202185e+06 5.6142445900e+06 5.6110229742e+06 7.7528328453e+06 1.7611686351e+07 2.4052667387e+08 4.0208018542e+07 5.5643377878e+06 1.8764128340e+06 8.7036120577e+05
  4.7863061879e+05 2.9330012759e+05 1.9396194539e+05 1.3585405472e+05 9.9597026230e+04 7.5833685174e+04 5.9660066125e+04 4.8339066659e+04 4.0269252708e+04 3.4486031680e+04]
 [7.5147414318e+05 2.2211093248e+06 1.1491583564e+07 4.0547777122e+09 3.2432914925e+07 1.2171085756e+07 9.5056048724e+06 1.1495996242e+07 2.4019542865e+07 3.0969560911e+08 4.9633064846e+07 6.6497556738e+06 2.1852558475e+06 9.9228477895e+05
  5.3593353135e+05 3.2330347382e+05 2.1082626907e+05 1.4577571084e+05 1.0557601384e+05 7.9434940632e+04 6.1745478609e+04 4.9399563779e+04 4.0584898381e+04 3.4204620082e+04]
 [3.9900520928e+05 9.4391585613e+05 2.8718052175e+06 1.5425765058e+07 5.7250215784e+09 4.9201971473e+07 2.0614321074e+07 1.9482308459e+07 3.5629629897e+07 4.2253542761e+08 6.3930898863e+07 8.2117453383e+06 2.6125775926e+06 1.1560809188e+06
  6.1126433545e+05 3.6216419610e+05 2.3249358409e+05 1.5852034238e+05 1.1333733881e+05 8.4242090832e+04 6.4707777678e+04 5.1150407271e+04 4.1494954840e+04 3.4489012806e+04]
 [2.3950735298e+05 5.0131066077e+05 1.2207860798e+06 3.8561428045e+06 2.1786953382e+07 8.6880134890e+09 8.3363349272e+07 4.2265686807e+07 6.0404324923e+07 6.2701343202e+08 8.7258936767e+07 1.0581564093e+07 3.2275811350e+06 1.3827280388e+06
  7.1246909467e+05 4.1324936771e+05 2.6055430046e+05 1.7489083946e+05 1.2330265863e+05 9.0477445972e+04 6.8656444111e+04 5.3630428091e+04 4.2986799840e+04 3.5279887244e+04]
 [1.5529477038e+05 3.0098966129e+05 6.4853213946e+05 1.6397115807e+06 5.4480643148e+06 3.3074037583e+07 1.4725407039e+10 1.7098345699e+08 1.3109337175e+08 1.0634163499e+09 1.2953811327e+08 1.4448633864e+07 4.1607638325e+06 1.7089518707e+06
  8.5251733535e+05 4.8188279122e+05 2.9744101554e+05 1.9608937437e+05 1.3610001390e+05 9.8479880156e+04 7.3774186388e+04 5.6931441991e+04 4.5093852829e+04 3.6567093509e+04]
 [1.0611298025e+05 1.9520347901e+05 3.8948454104e+05 8.7133804698e+05 2.3173667110e+06 8.2733273946e+06 5.6077542170e+07 3.0213964711e+10 5.3053499045e+08 2.3088098366e+09 2.1978633353e+08 2.1458294415e+07 5.6837457086e+06 2.2040128873e+06
  1.0541159060e+06 5.7686526203e+05 3.4700011917e+05 2.2395466287e+05 1.5266963066e+05 1.0875392858e+05 8.0339240801e+04 6.1206275893e+04 4.7894260416e+04 3.8379759489e+04]
 [7.5272467635e+04 1.3341018210e+05 2.5265891425e+05 5.2344258669e+05 1.2318281723e+06 3.5202965428e+06 1.4032566664e+07 1.1510437839e+08 9.3785651046e+10 9.3475044635e+09 4.7738042444e+08 3.6423513496e+07 8.4448257232e+06 3.0120852722e+06
  1.3600912383e+06 7.1360636123e+05 4.1559050972e+05 2.6139415145e+05 1.7444953353e+05 1.2205480107e+05 8.8765689317e+04 6.6687427330e+04 5.1517748419e+04 4.0785236446e+04]
 [5.4885342394e+04 9.4653310482e+04 1.7271778161e+05 3.3965039486e+05 7.4022812583e+05 1.8718865714e+06 5.9729775162e+06 2.8813959800e+07 3.5742956857e+08 1.6530806335e+12 1.9335411740e+09 7.9146520587e+07 1.4340614987e+07 4.4773173916e+06
  1.8596007460e+06 9.2117222576e+05 5.1434713522e+05 3.1321479282e+05 2.0371365683e+05 1.3953751172e+05 9.9673246618e+04 7.3720759784e+04 5.6161466436e+04 4.3895022671e+04]
 [4.0850189915e+04 6.9027454790e+04 1.2256749807e+05 2.3224512041e+05 4.8046017182e+05 1.1252197195e+06 3.1772012083e+06 1.2269294341e+07 8.9510151413e+07 6.3026838977e+09 3.4208577143e+11 3.2070744116e+08 3.1175314187e+07 7.6066316631e+06
  2.7654887095e+06 1.2600799359e+06 6.6427523211e+05 3.8783470147e+05 2.4422181603e+05 1.6302853568e+05 1.1400966864e+05 8.2823805260e+04 6.2118564876e+04 4.7878386783e+04]
 [3.0873273921e+04 5.1381712187e+04 8.9400641069e+04 1.6484975625e+05 3.2862058011e+05 7.3058001630e+05 1.9105307452e+06 6.5288325805e+06 3.8129391810e+07 1.5790131970e+09 1.3048222023e+09 5.6765057873e+10 1.2638151116e+08 1.6543810959e+07
  4.7005734021e+06 1.8748170503e+06 9.0911340017e+05 5.0113563495e+05 3.0255894560e+05 1.9554806012e+05 1.3327373697e+05 9.4788019334e+04 6.9827622748e+04 5.2986907473e+04]
 [2.3595894314e+04 3.8835158727e+04 6.6556611940e+04 1.2026687577e+05 2.3331984453e+05 4.9984884931e+05 1.2408888442e+06 3.9274022047e+06 2.0297679437e+07 6.7290274752e+08 3.2703757630e+08 2.1661556655e+08 2.2379649989e+10 6.7098202555e+07
  1.0228246792e+07 3.1882280041e+06 1.3533016696e+06 6.8619139345e+05 3.9114960565e+05 2.4238613824e+05 1.5994396303e+05 1.1086505577e+05 7.9959329287e+04 5.9596901774e+04]
 [1.8174861547e+04 2.9681120453e+04 5.0309753506e+04 8.9551938192e+04 1.7026080521e+05 3.5499510910e+05 8.4927394222e+05 2.5517741261e+06 1.2214781136e+07 3.5835853411e+08 1.3942835546e+08 5.4316239858e+07 8.5440055135e+07 1.1887364392e+10
  4.1503651234e+07 6.9408721770e+06 2.3025219338e+06 1.0219856849e+06 5.3587094343e+05 3.1352521520e+05 1.9836204559e+05 1.3312491446e+05 9.3574391327e+04 6.8283824379e+04]
 [1.4066376648e+04 2.2860368428e+04 3.8452757791e+04 6.7701242134e+04 1.2680496083e+05 2.5912139635e+05 6.0335033012e+05 1.7470746243e+06 7.9394425432e+06 2.1574230683e+08 7.4285455772e+07 2.3167435226e+07 2.1433982844e+07 4.5404704680e+07
  7.3565332192e+09 2.8178386780e+07 5.0152195429e+06 1.7397220978e+06 7.9852784619e+05 4.2975860771e+05 2.5672178607e+05 1.6519405649e+05 1.1242715820e+05 7.9957802491e+04]
 [1.0908202016e+04 1.7689718412e+04 2.9615555334e+04 5.1749988337e+04 9.5881404599e+04 1.9303290609e+05 4.4053531465e+05 1.2416020492e+06 5.4378055954e+06 1.4028668460e+08 4.4741273700e+07 1.2348838589e+07 9.1464762424e+06 1.1395965548e+07
  2.8112724154e+07 4.9971514854e+09 2.0371182521e+07 3.7913580466e+06 1.3600608952e+06 6.4075525741e+05 3.5209286413e+05 2.1391725660e+05 1.3959141923e+05 9.6124258962e+04]
 [8.4522989105e+03 1.3714055085e+04 2.2914398607e+04 3.9857752348e+04 7.3300026263e+04 1.4598944998e+05 3.2826829216e+05 9.0685111388e+05 3.8659371085e+06 9.6122385326e+07 2.9105530133e+07 7.4409139171e+06 4.8775935606e+06 4.8653328688e+06
  7.0594309613e+06 1.9106190757e+07 3.6145100905e+09 1.5408224321e+07 2.9655779323e+06 1.0919458257e+06 5.2525487960e+05 2.9355564245e+05 1.8086950145e+05 1.1942112377e+05]
 [6.5247251841e+03 1.0621731615e+04 1.7760520953e+04 3.0837279177e+04 5.6459505503e+04 1.1162584069e+05 2.4832828274e+05 6.7595482578e+05 2.8246370426e+06 6.8363854025e+07 1.9951146488e+07 4.8427115455e+06 2.9404238766e+06 2.5958292259e+06
  3.0154312068e+06 4.8002619727e+06 1.3827075357e+07 2.7353944691e+09 1.2058852557e+07 2.3822950442e+06 8.9562692420e+05 4.3818372748e+05 2.4835215843e+05 1.5482857567e+05]
 [5.0008979990e+03 8.1942054004e+03 1.3750738815e+04 2.3897538312e+04 4.3681568028e+04 8.5989978912e+04 1.8991531838e+05 5.1148967090e+05 2.1061576659e+06 4.9968967913e+07 1.4195520495e+07 3.3210460547e+06 1.9145928060e+06 1.5656442729e+06
  1.6096550639e+06 2.0514963451e+06 3.4757841853e+06 1.0469781097e+07 2.1419776318e+09 9.6925591254e+06 1.9551160951e+06 7.4759955802e+05 3.7093215834e+05 2.1272558517e+05]
 [3.7898151454e+03 6.2749745817e+03 1.0602324932e+04 1.8496810569e+04 3.3847937234e+04 6.6531849577e+04 1.4632299091e+05 3.9127117091e+05 1.5942136463e+06 3.7272452279e+07 1.0380125589e+07 2.3640150342e+06 1.3136093862e+06 1.0199353697e+06
  9.7133906000e+05 1.0956756623e+06 1.4862520114e+06 2.6332937264e+06 8.2030772960e+06 1.7226475719e+09 7.9591963979e+06 1.6329503686e+06 6.3324352072e+05 3.1791787333e+05]
 [2.8235839463e+03 4.7497750182e+03 8.1128444475e+03 1.4255226897e+04 2.6192743974e+04 5.1552157243e+04 1.1322363861e+05 3.0152183537e+05 1.2198626550e+06 2.8222420284e+07 7.7457257758e+06 1.7293792204e+06 9.3549980268e+05 7.0012477329e+05
  6.3310000510e+05 6.6152987194e+05 7.9421777044e+05 1.1266280523e+06 2.0643595456e+06 6.6010051213e+06 1.4154148482e+09 6.6516744718e+06 1.3840154259e+06 5.4307842501e+05]
 [2.0498893355e+03 3.5334660584e+03 6.1345639155e+03 1.0900836826e+04 2.0178941153e+04 3.9887039816e+04 8.7733083472e+04 2.3334997054e+05 9.4028310667e+05 2.1602200830e+07 5.8672277833e+06 1.2910230275e+06 6.8467346164e+05 4.9884442461e+05
  4.3480789106e+05 4.3140142575e+05 4.7978289476e+05 6.0238141302e+05 8.8372259444e+05 1.6621609112e+06 5.4269611441e+06 1.1836127810e+09 5.6411536203e+06 1.1876999889e+06]
 [1.4248194871e+03 2.5606751469e+03 4.5575387304e+03 8.2352628737e+03 1.5422104766e+04 3.0720364869e+04 6.7875789805e+04 1.8082907260e+05 7.2783546448e+05 1.6655991349e+07 4.4925360591e+06 9.7832460621e+05 5.1135626339e+05 3.6527134403e+05
  3.0996258344e+05 2.9644096203e+05 3.1305179821e+05 3.6410169234e+05 4.7277965621e+05 7.1196855401e+05 1.3673566982e+06 4.5409797559e+06 1.0044270002e+09 4.8440710265e+06]
 [8.9610808623e+02 1.7771487582e+03 3.2976464551e+03 6.1110476802e+03 1.1641931861e+04 2.3468008767e+04 5.2266442895e+04 1.3989943696e+05 5.6409535049e+05 1.2895889863e+07 3.4650255635e+06 7.4939653928e+05 3.8767166423e+05 2.7293792610e+05
  2.2708118664e+05 2.1143752570e+05 2.1523530474e+05 2.3770705583e+05 2.8593288760e+05 3.8112145998e+05 5.8604973847e+05 1.1448391788e+06 3.8559636868e+06 8.6305900628e+08]]

Total np.log10(abs(Z)** 2):
[[ 5.660052127   5.3894706537  5.2240974423  5.1272118385  5.0859251429  5.0994461482  5.1784157262  5.3539424386  5.7201851489  6.8496967699  6.0564367332  5.1731809595  4.6665123656  4.3774518094  4.0366728387  3.7873792471  3.5737219276
   3.3860844489  3.2192408394  3.0698695046  2.9357068515  2.8151326294  2.7069342023  2.6101609308]
 [ 6.2426311599  5.7594500283  5.5019858524  5.3535149098  5.2792562261  5.2699015885  5.332073601   5.4947340978  5.8507946755  6.9720527657  6.1720535802  5.2836640454  4.7767552874  4.3985754407  4.1966303043  3.884885593   3.6631751878
   3.4702830271  3.2988662207  3.1451426032  3.0066860773  2.8818061664  2.7692608772  2.6680936409]
 [ 8.0848478061  6.3416186341  5.8714767022  5.6308534267  5.5049527376  5.4625696857  5.5018084274  5.6476128898  5.9907502299  7.1017762991  6.2934946168  5.3983964592  4.8865887912  4.5096546161  4.1968719693  4.0554489308  3.7600626893
   3.558298081   3.3813224442  3.2228476799  3.0799145629  2.9506502226  2.8337363675  2.7281853561]
 [ 6.558671141   8.1835675071  6.4532483576  5.9998677647  5.7817525587  5.6876704397  5.6938242806  5.8166380859  6.1428614516  7.2409080568  6.4223454611  5.5189368361  5.000451433   4.6188505688  4.3087803977  4.0355142434  3.9407756733
   3.6545858228  3.4679450425  3.3036205942  3.1557692237  3.0219140798  2.9005348317  2.7905613057]
 [ 5.8855825677  6.6575581167  8.294945566   6.5812555694  6.1503019824  5.9639423092  5.9183395852  6.0080118969  6.3111874087  7.3922625682  6.5606650089  5.6469274993  5.1201045784  4.7318571777  4.4173499817  4.1482448483  3.90132383
   3.8450239271  3.563650549   3.3888933969  3.234913868   3.0959833342  2.9699082497  2.8553969945]
 [ 5.6556505645  5.9883758592  6.7691259004  8.4227169138  6.731318684   6.3320380253  6.1940938192  6.2319515926  6.5019288674  7.559899115   6.7112730506  5.7844457401  5.2472468136  4.8506356946  4.5295134254  4.2561984438  4.0148694504
   3.7866720827  3.7634178345  3.4840327519  3.3188766932  3.1735510783  3.0422526574  2.9229489015]
 [ 8.2433362036  5.7491809324  6.103911085   6.8971092542  8.572559683   6.9126960433  6.5617466671  6.5071981024  6.7253023506  7.7500174245  6.878229481   5.9343169634  5.3839740002  4.9769405387  4.6474291349  4.3675307646  4.1222166768
   3.9010254648  3.6867449619  3.692759131   3.4134646469  3.2562411249  3.1182915025  2.9936249545]
 [ 5.1302758029  8.3421478789  5.8553227104  6.2359228077  7.0471861688  8.7537319567  7.1420581147  6.8744185754  7.0000506647  7.9728336706  7.0677333818  6.1006020624  5.5331174956  5.1128863055  4.772906944   4.4845947456  4.2327291347
   4.0077752201  3.8018987511  3.5983094369  3.6308034698  3.3502911908  3.1997435508  3.0681798028]
 [ 5.0194682216  5.2246270152  8.4536203446  5.97780769    6.3900888603  7.2286146118  8.9829039671  7.4543952809  7.3668489311  8.2470929554  7.2900009662  6.289499854   5.6987395628  5.2613106286  4.9080803357  4.6092552272  4.34895176
   4.1174783316  3.9080592467  3.7142561697  3.5190894285  3.5759171102  3.2932680927  3.1484263956]
 [ 4.9164141313  5.1135956442  5.3316791601  8.5814885542  6.122310818   6.5756670938  7.4580647253  9.2950658838  7.9465024582  8.6134788776  7.5637800448  6.5112269717  5.887039125   5.4262775004  5.0557935313  4.7436647256  4.4728040033
   4.2328693014  4.0169628208  3.8198349627  3.6358215245  3.447422166   3.5268751671  3.2414367059]
 [ 4.8269076225  5.010066791   5.2204508255  5.4551649223  8.7314306649  6.2980869399  6.8093275726  7.7705266136  9.7870124308  9.1928205442  7.9297631978  6.7845343427  6.108233609   5.6139863118  5.2201126012  4.8906743501  4.606457552
   4.3559218046  4.1315311935  3.9279481338  3.7408255476  3.56493192    3.3820561497  3.4827367111]
 [ 4.7490726965  4.9198945736  5.116476232   5.3437664316  5.6007602626  8.9127047864  6.5218029893  7.1260603614  8.2627949594 11.0331843342  8.5088040948  7.1501240313  6.3810774628  5.8346556502  5.4072377573  5.0543525873  4.7527706934
   4.4888268315  4.2537918891  4.0417023541  3.8481568057  3.669367508   3.5003357236  3.3220260002]
 [ 4.6813099833  4.8411450466  5.0256721087  5.2393750772  5.4892184296  5.7777211625  9.1419811795  6.8284457697  7.6226601401  9.5093104711 10.3490359978  7.7288750399  6.7462827383  6.1070438857  5.6273891093  5.2409008169  4.9158146609
   4.6344501287  4.3859553274  4.1631786326  3.9611047306  3.7759247268  3.6042086389  3.4410674152]
 [ 4.6238091003  4.77206593    4.9460487761  5.147972891   5.3844392722  5.6660628328  6.002715818   9.4542500443  7.3148065638  8.8735676499  8.8255275578  9.5689892188  7.3247545468  6.4718735613  5.8993293487  5.4605410282  5.1017923415
   4.7968659988  4.5308949876  4.2946069399  4.0818034614  3.8880736495  3.7099991008  3.5443828696]
 [ 4.5817717606  4.7125087131  4.8757031291  5.0675167959  5.2924729259  5.5609248309  5.8909678934  6.3107324234  9.9463061378  8.5553225725  8.1942373676  8.0458680443  9.1647650502  7.0500766814  6.2637920148  5.7320406309  5.3209279577
   4.9822791707  4.6926885571  4.4388687543  4.2125026374  4.0080012009  3.8213557724  3.6494132895]
 [ 4.5867390942  4.666833342   4.8141484607  4.9959551922  5.211225373   5.4684283057  5.7855000278  6.1989218872  6.7985637842 11.1925902208  7.8654445828  7.4190912193  7.6420530335  8.8899974615  6.8417367967  6.0961446689  5.5919940343
   5.200916451   4.8775429368  4.6000454582  4.3560919965  4.1379768036  3.9405180295  3.7599839392]
 [ 4.5258260662  4.6634683389  4.764887308   4.9324636766  5.1384990948  5.3864308755  5.6925074026  6.093153183   6.6867177261  8.0406487612 10.5085567341  7.0795906744  7.0198504425  7.367716567   8.6815817271  6.6738413171  5.9557476305
   5.4715558759  5.095687866   4.7843464508  4.5166569208  4.28089871    4.0697751899  3.8783863203]
 [ 5.2980199876  4.5976452555  4.753072174   4.8796730135  5.0731330663  5.31259192    5.6098019651  5.9996986528  6.5806772744  7.9287944022  7.3524399418  9.7286275141  6.6694780734  6.7501492454  7.1597540126  8.5136242098  6.5332062175
   5.8349670343  5.3659072891  5.0020047509  4.700409631   4.4408566033  4.2120342715  4.0069297561]
 [ 4.3586060285  5.3177288931  4.6828005946  4.8592949486  5.0168732728  5.2454154487  5.5349030514  5.916327382   6.4867951696  7.822511382   7.2406046599  6.5683573524  9.324523655   6.3887368035  6.5468831942  6.9922718482  8.3729408401
   6.4121975153  5.728983844   5.2718106095  4.917586772   4.6240658466  4.3713895558  4.148530277 ]
 [ 5.8255464682  4.2724197179  5.3449180468  4.7850737794  4.9878251328  5.1857510958  5.4659819464  5.8404219564  6.4028005569  7.7282361872  7.1341083599  6.4565687077  6.1601203173  9.0498791699  6.1742580643  6.3841589962  6.8520861404
   8.2518976072  6.3059960704  5.6345602373  5.1869853014  4.8407670566  4.5540598676  4.3072870574]
 [ 4.3564367704  5.8204791587  4.1516569892  5.382390144   4.910191466   5.1479320907  5.4029818706  5.7698237667  6.3259427983  7.6436610552  7.0394747326  6.3498885485  6.0484060784  5.8813611166  8.8415893793  6.0001440043  6.248792978
   6.731563036   8.1456753593  6.2113639699  5.5494155322  5.1097643002  4.7702901423  4.4894227025]
 [ 3.0233016862  4.3990458844  5.8125298428  3.9658109224  5.4346220979  5.067461788   5.3562982996  5.7035611373  6.2537368109  7.5659058799  6.954362249   6.2549313383  5.9415716341  5.7697492861  5.6689733708  8.673760694   5.8532061895
   6.1331515766  6.6258835623  8.0510361881  6.1260204548  5.4718825292  5.0388919617  4.7051868141]
 [ 4.0083063473  3.026158149   4.4482258086  5.8001858146  3.6267796857  5.5092864451  5.2736062754  5.6479271591  6.1842891893  7.4921631149  6.8757653143  6.1693250294  5.8463259018  5.6627903072  5.5574922124  5.4970618217  8.5332090953
   5.725806082   6.0324161389  6.531810011   7.9656993551  6.0482982607  5.4007054596  4.9733988982]
 [ 5.4485355643  4.1235645435  3.0231972431  4.5066020364  5.780689397   2.6095036118  5.6208988946  5.5636673181  6.1196276263  7.4196125043  6.8005585176  6.0899427368  5.7602696658  5.5672913436  5.4504386475  5.3857398867  5.3524408087
   8.4123006253  5.6131198287  5.9433493059  6.447061865   7.8879976327  5.9769415673  5.3349148218]
 [ 6.8530233594  5.5494580683  4.2523497088  3.0115959807  4.5783923273  5.7484187896  3.4174248062  5.8014152788  6.034492411   7.3458556787  6.7249914029  6.0133463693  5.6801591638  5.4808294643  5.354721993   5.278621906   5.2413069638
   5.2274747568  8.3062161884  5.5119046319  5.8636709388  6.3699721398  7.8166752528  5.9109808335]
 [ 5.6604171851  6.9513336748  5.6632221037  4.3983308657  2.9860085146  4.6708801688  5.6898310486  4.525735802   6.1431590257  7.2605751851  6.6420820024  5.9348537465  5.6022493873  5.4000486497  5.2678991529  5.1827233696  5.1341549812
   5.1165582122  5.1173429748  8.2117179344  5.4198746612  5.7917144603  6.2992853319  7.7507627429]
 [ 5.3416027538  5.7578775965  7.0622744393  5.7935594674  4.5671225974  2.9349648359  4.7979757794  5.5615802873  5.4234130909  7.2135800265  6.5574226227  5.8427457158  5.5209267813  5.3209033102  5.1865066717  5.095584663   5.0381106604
   5.0094029092  5.0066733128  5.0188060364  8.1265251858  5.3353573801  5.7262248031  6.2340322556]
 [ 5.1828527108  5.4387092334  5.8678909364  7.1895807601  5.9461453091  4.7679220441  2.8284405855  4.9906460479  5.0935360274  6.943316622   6.3162782459  5.7595082755  5.4195862362  5.2368507804  5.1062052786  5.0136399106  4.9507016064
   4.913249209   4.8995456617  4.9084132408  4.9295817044  8.0489707787  5.2570914782  5.666233246 ]
 [ 5.0888664395  5.2797910825  5.5483371777  5.9941925694  7.3389309084  6.1302348755  5.0173412844  2.5514971395  5.3394911733  6.3790842829  6.4657428727  5.2630351137  5.3386035963  5.1262569379  5.0195274118  4.9322636129  4.8682647264
   4.8256157644  4.8033193149  4.8013445288  4.8194961906  4.848001269   7.9777990122  5.1841016893]
 [ 5.0290079294  5.1857211044  5.3892386931  5.6742219206  6.1424608966  7.5195830711  6.3624957029  5.3503152533 -0.8332637825  6.4086792688  6.6438751186  5.8515188006  4.4730686102  5.0483910461  4.8996735334  4.8430695021  4.785896285
   4.7427476471  4.715507887   4.7050826155  4.712518044   4.7382539151  4.7728074943  7.9120404831]
 [ 4.9900615609  5.1258236728  5.2950818304  5.5149308249  5.8220417698  6.3219541086  7.7482075488  6.6779154014  5.8635864376  4.3428877111  5.4947071604  6.3111517859  5.5857536069  3.5193180889  4.8258119132  4.7139638411  4.6942994947
   4.6594714035  4.6322701661  4.6171400746  4.6162580122  4.6313983244  4.6634296731  4.7030294516]
 [ 4.9653365522  5.0868655775  5.2351468881  5.4206838572  5.6625457078  6.0010547604  6.5493423868  8.0597945457  7.1732862665  7.1315463595  4.272880343   4.3905693293  6.204163976   5.4298122745  1.6612765821  4.6450155253  4.5559662418
   4.5655899195  4.5481720075  4.5335951239  4.5282317038  4.5351780097  4.5567290178  4.5940530633]
 [ 4.9510912549  5.0621473778  5.1961809155  5.3607127826  5.5682053655  5.841341274   6.2279308566  6.8596156947  8.5511387873  8.4230467232  6.4696032503  3.8599344001  3.4434485054  6.1531713888  5.3254609306  3.3468645526  4.4928571659
   4.4180701377  4.4521281715  4.4487624444  4.4444426319  4.4471157671  4.4605866645  4.4875401381]
 [ 4.9450980186  5.047922762   5.1714747029  5.3217427584  5.5081995085  5.7469042319  6.0679873587  6.5376597431  7.3495683962  9.7966809687  7.7426489975  5.7121357322  3.7210294257  1.2363507297  6.1248160897  5.2500737067  3.7428358537
   4.3617380265  4.2954807116  4.3506828729  4.3589642894  4.3631464117  4.3725368203  4.3915144197]
 [ 4.9459856023  5.0419613516  5.1572766735  5.2970536943  5.4692292437  5.6868649174  5.9734502296  6.3774734916  7.0270354426  8.5936407047  9.1118754304  6.9665128279  5.3308246222  3.6555953408  2.7747245441  6.1079049855  5.1927655639
   3.9426279927  4.2468695043  4.1849852587  4.2589797762  4.2771126816  4.288451741   4.3035258179]
 [ 4.9529088883  5.0428901798  5.151353383   5.282888145   5.4445624842  5.6478982171  5.9133787609  6.2828328194  6.8665935146  8.2704977652  7.9072863593  8.3311438747  6.566357325   5.0792665119  3.6209865419  3.2771851999  6.0976061465
   5.1475814352  4.063850969   4.145039134   4.0843290501  4.1753580838  4.2019542655  4.2193902877]
 [ 4.9653725346  5.049862954   5.1523299458  5.2770092622  5.4304353109  5.6232589251  5.8744194332  6.2227304817  6.7718457671  8.1097870296  7.5834999827  7.1249263404  7.9262072284  6.295814629   4.894322059   3.6022455532  3.5182012405
   6.0914889117  5.1109657048  4.1442326019  4.0539861263  3.9918715987  4.0985683726  4.132522021 ]
 [ 4.9831340836  5.0623834763  5.1593587831  5.2780400473  5.4246071309  5.6091760385  5.8498127896  6.1837823462  6.7117138308  8.0149285918  7.4225070733  6.8004625434  6.7182807315  7.6506993035  6.0917782947  4.7500656618  3.5927277264
   3.6672711378  6.0881963211  5.0806552309  4.2002910246  3.9720573953  3.9063845207  4.0276474077]
 [ 5.0061520068  5.080208627   5.1719427781  5.2851315234  5.4256986372  5.6034048768  5.8357801279  6.1592135612  6.6727807275  7.9547683155  7.3275342395  6.6391738305  6.3931049326  6.440982379   7.4415151861  5.9283530724  4.6332838204
   3.5890241993  3.7714399031  6.0869110524  5.0551370598  4.2405634549  3.8980052788  3.8269262707]
 [ 5.0345621117  5.1032963381  5.1898381146  5.2977855908  5.4328593419  5.6045636278  5.8300723341  6.1452371031  6.6482550523  7.9158541134  7.2673468735  6.5440827967  6.2315064939  6.1150593299  6.2299252786  7.2727610192  5.7923533848
   4.5363155041  3.589205654   3.8499061954  6.0871114308  5.0333595113  4.2699554939  3.8308622372]
 [ 5.0686747597  5.1317819581  5.213002169   5.3157577023  5.4455900978  5.6118001783  5.8313048912  6.1395990738  6.6343408296  7.8913768515  7.2284554792  6.4838695856  6.1362933494  5.9531369204  5.9032189939  6.0592143564  7.1312524825
   5.6761438158  4.4543168243  3.5920990915  3.9121584499  6.0884488971  5.0145678954  4.2915038048]
 [ 5.1089907095  5.1659754422  5.2415698249  5.3390046608  5.4636455903  5.6246142675  5.8386239449  6.1409120497  6.6287790217  7.8775309619  7.2040319981  6.4450049525  6.0760555357  5.8577976395  5.7409580143  5.7316880405  5.9156639453
   7.0093552831  5.5749039084  4.3840272913  3.5969513595  3.9634781786  6.0906817782  4.9982060902]
 [ 5.1562376173  5.2063771795  5.2758506338  5.3676608795  5.4869820318  5.6427597774  5.8515280542  6.1483203177  6.6301790935  7.8720519062  7.1902606185  6.4206406959  6.0372216728  5.7975364665  5.645488447   5.5690735046  5.5872799163
   5.7916382727  6.9022499557  5.4853945474  4.3231456124  3.6032576975  4.007057575   6.0936373166]
 [ 5.2114339677  5.2537144792  5.3163446212  5.4020355071  5.5157333579  5.6661923104  5.8697702597  6.1613211882  6.6376833536  7.8735458293  7.1848709333  6.4069500954  6.0129221724  5.7587374478  5.5852051618  5.4734693672  5.4242964165
   5.4623578832  5.6823162568  6.8066982463  5.4053338837  4.2699859087  3.6106679564  4.0449473521]
 [ 5.2759944208  5.3090054928  5.3637787596  5.4426282116  5.5502083149  5.6950453175  5.8933055349  6.1796668223  6.650787794   7.8811529391  7.1864655545  6.4016565003  5.9993187264  5.7345083358  5.5464451361  5.4131652239  5.3285532813
   5.298989554   5.3520998103  5.5844578855  6.7204190382  5.333053674   4.2232755411  3.6189322995]
 [ 5.3519036872  5.3736645534  5.4191708796  5.4901656377  5.5909062186  5.7296271428  5.9222668378  6.203311544   6.6692436568  7.8943678385  7.1941824654  6.4033587724  5.9941280563  5.7209985396  5.5222921583  5.3744484243  5.2682295443
   5.2031028388  5.1883302904  5.2532645497  5.495780138   6.6417446927  5.2672972282  4.1820298281]
 [ 5.4420127964  5.4496760437  5.4839350019  5.5456653075  5.638553395   5.7704367542  5.9569621091  6.2323878097  6.6930045952  7.9129408094  7.2075148062  6.4111925426  5.9959450519  5.7159177598  5.5088826418  5.3503774535  5.2295602987
   5.1427607858  5.0922952466  5.0890769408  5.1635678519  5.4146133193  6.5694189974  5.2070942435]
 [ 5.5505716295  5.5398906581  5.5600551976  5.6105409424  5.694167068   5.8182001668  5.9978899736  6.2672031555  6.7222025547  7.9368248128  7.2262118572  6.4246494143  6.0039028612  5.7178566863  5.5039188628  5.3370749961  5.2055773485
   5.1041435276  5.0319361723  4.9928886417  4.9989446763  5.0813386965  5.3396990023  6.5024720006]
 [ 5.6842610643  5.6485579287  5.6503818439  5.6867763177  5.7591606734  5.8739343171  6.0457761424  6.3082558659  6.7571446645  7.9661512726  7.2502258639  6.4434776224  6.0174914736  5.7259458501  5.5059870772  5.3322354895  5.1923888951
   5.0802547671  4.9933754519  4.932513861   4.9025980036  4.9162618507  5.0053172273  5.2700648556]
 [ 5.8544132095  5.7823583639  5.7591641442  5.7772215109  5.8355177052  5.9390523675  6.1016372747  6.3562713555  6.7983288723  8.0012269089  7.279687718   6.4676286733  6.0364580344  5.7396735477  5.5142150616  5.3344405146  5.1876811095
   5.0671874443  4.9695872209  4.8940143573  4.8422088553  4.8197514806  4.8397679333  4.9345295746]
 [ 6.0825581772  5.9526236747  5.89308226    5.886125416   5.926087958   6.0155375451  6.1668862712  6.4122660149  6.8464803017  8.0425493344  7.3149037271  6.4972329151  6.0607532859  5.7587857885  5.528089338   5.3428149517  5.19003065
   5.062619023   4.9566483542  4.8703331827  4.8037753884  4.7593493311  4.7430883213  4.768488327 ]
 [ 6.4179448049  6.1808835391  6.0634675296  6.0201678688  6.0351200349  6.1062393774  6.2435061057  6.4776524948  6.9026150841  8.090843388   7.3563711706  6.5325962385  6.09050702    5.7832325254  5.5473547324  5.3568434644  5.1985593542
   5.0651209826  4.9522271526  4.8575303147  4.780208001   4.7209868756  4.6826745686  4.6716336919]
 [ 7.0239410774  6.5163863139  6.291849225   6.1906798594  6.1692934669  6.2154061946  6.3343460539  6.5544135284  6.9681456305  8.1471249496  7.404814608   6.5742155915  6.1260247066  5.8131429806  5.5719603809  5.3762696461  5.2127499405
   5.0738119672  4.9548896523  4.8532644197  4.7675489108  4.6975402284  4.6443882675  4.6112097696]
 [ 9.2702192559  7.1224994453  6.6274752543  6.4191902808  6.3399389188  6.3497172425  6.44365419    6.6453981544  7.0450544459  8.2128062009  7.4612496757  6.6228152586  6.1678029625  5.8488221981  5.6020349226  5.4010417883  5.2323447187
   5.0881726602  4.9637511471  4.8560958161  4.7634466603  4.6850329517  4.621069555   4.5730049496]
 [ 6.8501263209  9.3688945834  7.2337125611  6.7549466229  6.5685849308  6.5205028832  6.5781094942  6.7548542075  7.1361903463  8.2898694308  7.5270883355  6.6794106398  6.2165658017  5.8907664638  5.6378829699  5.4312879321  5.2572911065
   5.1079440349  4.9782901929  4.865136286   4.766455566   4.681102956   4.6087224061  4.5498216284]
 [ 6.2476632951  6.948918009   9.4802322265  7.3613153622  6.9044786046  6.7492913292  6.7490420469  6.8894604205  7.2458009424  8.3811632457  7.6043126715  6.7454134863  6.2733283947  5.9396995252  5.6800004777  5.4673122519  5.2877165313
   5.133072605   4.9982463714  4.8798621612  4.7756837304  4.6842982607  4.6049735703  4.5376432228]
 [ 5.8759140419  6.3465699354  7.0603798795  9.6079670506  7.5109859829  7.0853293224  6.9779797576  7.0605466132  7.3805647377  8.4909350479  7.6957710937  6.8228056887  6.339502291   5.9966363296  5.7291109301  5.509610371   5.3239247233
   5.1636851678  5.0235652606  4.9000115753  4.7906051613  4.6937231139  4.6083644629  4.534084771 ]
 [ 5.6009785657  5.9749332815  6.4581549802  7.1882467126  9.7577771279  7.6919825049  7.314169036   7.2896404151  7.5518113111  8.6258631284  7.8057108106  6.9144354726  6.4170691977  6.0629882332  5.7862290574  5.5589055133  5.3664109726
   5.2000850017  5.0543730111  4.9255291372  4.8109564847  4.708849096   4.6179952963  4.5376807635]
 [ 5.379318851   5.7001069403  6.0866395685  6.5861531087  7.3381965041  9.9389204865  7.9209751549  7.6259879305  7.781068035   8.7972768445  7.9408099169  7.0245498668  6.5088771684  6.1407367695  5.8527660304  5.6162121978  5.4158982456
   5.2427670623  5.0909724409  4.9565403327  4.8366813065  4.7294112636  4.6333351152  4.5475271884]
 [ 5.1911568309  5.4785515783  5.8119315034  6.2147674639  6.7362422258  7.5194872156 10.1680673084  8.2329540935  8.1175807337  9.0267033332  8.1123975672  7.1598267859  6.6191730657  6.2327298318  5.9307032188  5.6829414172  5.4734008552
   5.2924540609  5.1338581696  4.9933475114  4.8679044286  4.755352184   4.6541173431  4.5630904423]
 [ 5.0257685122  5.2904875536  5.5904902248  5.9401866779  6.364994764   6.9176802107  7.7487889706 10.4802077176  8.7247140323  9.363388164   8.3420006842  7.3315951997  6.7546346393  6.3432141296  6.0228883666  5.7610743872  5.5403296239
   5.3501601091  5.1837526549  5.0364449542  4.9049277234  4.7867959556  4.6802834713  4.5841022488]
 [ 4.8766361536  5.125188977   5.4025346255  5.7188690534  6.0905501323  6.5465792491  7.1471371141  8.0610918438 10.9721363976  9.9706956812  8.6788646063  7.5613818365  6.9265906914  6.4788672626  6.1335680429  5.8534587128  5.6186656216
   5.4172958662  5.2416698125  5.0865548672  4.94824513    4.8240439635  4.7119568739  4.6105029844]
 [ 4.7394563778  4.9761358079  5.2373370513  5.5310321238  5.8693655826  6.2722795287  6.77619088    7.4596029459  8.5531904769 12.218294038   9.2863534246  7.8984318273  7.1565677762  6.6510178821  6.2694197117  5.9643408351  5.7112563253
   5.4958422652  5.3090201448  5.1446909742  4.9985786046  4.8675898025  4.7494384392  4.6424152777]
 [ 4.6111940799  4.8390218602  5.0883753211  5.365946598   5.6816573923  6.0512373346  6.502044719   7.0888195853  7.9518722918  9.7995255262 11.5341350107  8.5061090367  7.493810839   6.8811923869  6.4417718897  6.1003980964  5.8223480598
   5.5886466649  5.3877844563  5.2122636277  5.0569416834  4.9181551799  4.7932214137  4.6801395088]
 [ 4.4895826862  4.7108085721  4.951340633   5.2170883093  5.516694758   5.8636677887  6.281154031   6.8148355321  7.581259878   9.1983857597  9.1155513379 10.754081085   8.101683544   7.2186355589  6.6721508388  6.2729588945  5.9586180592
   5.6999552858  5.480809998   5.291253512   5.1247445754  4.9767534485  4.8440272569  4.7241685731]
 [ 4.3728364423  4.5892250845  4.8231912061  5.0801460293  5.3679516784  5.6988386967  6.0937328802  6.5941053796  7.3074463894  8.8279523016  8.5145976555  8.3356896629 10.34985329    7.8267108863  7.0098011984  6.5035493721  6.1313946176
   5.8364452666  5.5923428967  5.3845077794  5.2039678526  5.0447946798  4.9028691425  4.7752236829]
 [ 4.2594711112  4.4724802914  4.7016521895  4.9520749898  5.231114683   5.5502223697  5.9290477991  6.4068422296  7.0868856897  8.5543177514  8.144351105   7.7349296975  7.9316615199 10.0750855757  7.6180863049  6.8414140465  6.362203776
   6.0094448126  5.7290602089  5.4962724746  5.2974585783  5.1242593417  4.9711570108  4.8343178367]
 [ 4.1481822421  4.3590832254  4.5849274924  4.8305966369  5.1031362442  5.4135032753  5.7805695547  6.2423114558  6.8997900101  8.3339353181  7.8709037923  7.3648779574  7.3311028788  7.6571008553  9.8666732004  7.449916126   6.7002899492
   6.2404798799  5.9022900654  5.633224584   5.4094627256  5.2179944178  5.0508712332  4.9028608497]
 [ 4.0377531723  4.2477209198  4.4715198807  4.7139102563  4.9817343875  5.285631349   5.6439807285  6.0939824207  6.7354236773  8.1470164516  7.6507083435  7.091626114   6.9612538107  7.0567511276  7.4489029313  9.698722515   7.30901624
   6.5787948001  6.1335583538  5.8066921783  5.5466572233  5.3302458203  5.1448587228  4.9828330048]
 [ 3.9269748472  4.1371658896  4.3601084636  4.6005128044  4.8651041302  5.1643214723  5.5162289357  5.9575359908  6.5872547846  7.9828245395  7.463975514   6.8716262803  6.6882056087  6.6871125585  6.8487696953  7.2811741094  9.5580494415
   7.1877525925  6.4721093413  6.0382010924  5.7203700957  5.4676904324  5.2573653415  5.0770811536]
 [ 3.8145622243  4.0261953237  4.2494557004  4.4890760526  4.7517370701  5.0477647427  5.3950261853  5.8299176729  6.4509626502  7.8348265382  7.2999678574  6.6850886012  6.4684099406  6.4142761178  6.4793494251  6.6812649395  7.1407303297
   9.4370199644  7.0813059851  6.3769955473  5.9521271408  5.6416562454  5.3950679388  5.1898511185]
 [ 3.6990479965  3.913506846   4.1383260331  4.3783531665  4.6402982197  4.9344478424  5.2785599959  5.7088368679  6.3234908791  7.6987003794  7.1521513211  6.5212748982  6.2820764227  6.1946930937  6.2067328202  6.3120707476  6.5410528029
   7.0199376015  9.3308149313  6.9864384589  6.291172551   5.873669036   5.5692944866  5.327819727 ]
 [ 3.578618027   3.7976119709  4.02540111    4.2670968488  4.529532207   4.8230295969  5.1653125697  5.59247785    6.2025465223  7.5713879674  7.0162026081  6.3736502342  6.118466243   6.0085726527  5.9873708532  6.039682015   6.1720924554
   6.4204993045  6.9139768038  9.2361964363  6.9008692213  6.2129729851  5.8015707548  5.5023149446]
 [ 3.450800704   3.676673039   3.9091731491  4.1539741343  4.4181809979  4.7122468434  5.0539371075  5.479318768   6.086310936   7.450594255   6.8890621175  6.2378902363  5.9710437002  5.845175445   5.801472317   5.8205494599  5.8999396001
   6.0517805607  6.3147853398  6.8196100697  9.1508837472  6.822930987   6.1411409307  5.7348625498]
 [ 3.311730416   3.5482009239  3.7877836957  4.0374598388  4.3048983738  4.6008318067  4.9431633934  5.3680077504  5.9732586335  7.3344979993  6.7684329492  6.1109339887  5.8354834947  5.6979651226  5.6382974172  5.6348815761  5.6810447604
   5.7798715629  5.9463159589  6.2206730649  6.7345567121  9.0732096461  6.7513679266  6.0747067524]
 [ 3.1537598463  3.4083544864  3.658730368   3.9156774666  4.1881436491  4.4874263696  4.8317148961  5.257268255   5.8620332132  7.2215704866  6.6524915716  5.9904829768  5.7087235798  5.5626156026  5.4913092719  5.471938214   5.4956162028
   5.5612226975  5.6746587805  5.8524608123  6.1358818224  6.6571495658  9.0019183786  6.6852105024]
 [ 2.9523603963  3.2497237824  3.5182040925  3.7861156722  4.0660250531  4.3704762418  4.7182229443  5.1458159666  5.7513525201  7.1104513154  6.539706443   5.8747116832  5.5884640586  5.4360638873  5.356181155   5.3251820679  5.3329135095
   5.376042073   5.4562641102  5.5810634035  5.7679344765  6.0587444835  6.5861329353  8.9360404889]]
